名称,URL,速度(MB/s),分类
(曲剧【秦香莲】全场●河南省曲剧团●★mp4,http://gcw.bdcdn.shoujiduoduo.com/v/190318/114d1ca4f536bc0b172ceb9ddb07eb36.mp4,17.284,其它
(粤)TVB星河,http://8.218.84.3:8885/live/LxWcScuQ6WphaELY4DhkKm8SIv7_ZgNIJtNvFurqphvyqxUIU84OjKVCwFxMq9iU7GKgY5vclV14DebjdctN_RogCLgXqWl5ncD5fDNw1tIda89W_KYli82eyoVngGETDzJbwvTr9jX-9yr1c0Plqznc91-t59PVT-PXUiorZyoZjTn-L1CE6tMlG3GHuM0fDZkYvhbte6f6HBE4fVpTRBRp2qwomzilMPnMCE6jXKwIVZBfV4r9F2h6vAm-0TfyREUcTZ7VY9g_cKerjEywyw.m3u8?u=1756878715,3.231,其它
(请)(地)每日一首,https://cloud.video.taobao.com//play/u/57349687/p/1/e/6/t/1/240192067467.mp4,30.274,其它
-汕尾综合,https://iswtv.swrtv.com/live/xwzhpd.m3u8,2.607,其它
1,https://alimov2.a.kwimgs.com/upic/2022/05/10/20/BMjAyMjA1MTAyMDIxMTJfOTU2MzA3MDg4Xzc0MTE0NDg1NDQ5XzJfMw==_b_B9bc48ad956e6a398111d603911977c57.mp4,22.156,其它
10,https://txmov2.a.kwimgs.com/upic/2022/05/29/12/BMjAyMjA1MjkxMjQzMDVfOTU2MzA3MDg4Xzc1NTIwMDQ0NDIxXzJfMw==_b_Ba67dd2a268ed8f364665fa1dd316aa25.mp4,21.189,其它
107-秦腔商芳会辕门斩子,http://gcw.bdcdn.shoujiduoduo.com/v/190127/9d0b617538e671622e3db152c892e838.mp4,5.810,其它
10首车载,https://vd3.bdstatic.com/mda-nb6afsyti2t91p54/sc/cae_h264_delogo/1644221195521496576/mda-nb6afsyti2t91p54.mp4,2.046,其它
12,https://alimov2.a.kwimgs.com/upic/2022/05/31/06/BMjAyMjA1MzEwNjQwMjhfOTU2MzA3MDg4Xzc1NjQ4Mzg2MTYzXzJfMw==_b_Be34d5c8ed696c2549f62012ecee53baa.mp4,22.147,其它
13,https://txmov2.a.kwimgs.com/upic/2022/05/31/06/BMjAyMjA1MzEwNjM5MzZfOTU2MzA3MDg4Xzc1NjQ4MzUwNjUxXzJfMw==_b_B86c40d8b4cb80db03598c2196ea1a156.mp4,10.480,其它
13首老歌DJ舞曲版,https://vd4.bdstatic.com/mda-igbpw1bm4vdxitj0/logo/sc/mda-igbpw1bm4vdxitj0.mp4,2.571,其它
15,https://txmov2.a.kwimgs.com/upic/2022/06/03/06/BMjAyMjA2MDMwNjA1NTNfOTU2MzA3MDg4Xzc1ODY3NTQ1OTYwXzJfMw==_b_Bf05af300716d8ab8b63d039883e7ba98.mp4,14.579,其它
16,https://vd3.bdstatic.com/mda-kgji1f4wbkue79t0/sc/cae_h264_nowatermark/mda-kgji1f4wbkue79t0.mp4,2.626,其它
17,https://alimov2.a.kwimgs.com/upic/2022/05/17/09/BMjAyMjA1MTcwOTU5MDVfOTU2MzA3MDg4Xzc0NjA5ODMyNTg4XzJfMw==_b_B16784bc1af8af88b37e768d580806409.mp4,10.594,其它
18,https://alimov2.a.kwimgs.com/upic/2022/05/29/08/BMjAyMjA1MjkwODAwMTVfOTU2MzA3MDg4Xzc1NDk5Mjk3NTI1XzJfMw==_b_Bc5ee9048e78ac7fdf1132decfec7cdeb.mp4,21.408,其它
19,https://txmov2.a.kwimgs.com/upic/2022/05/27/06/BMjAyMjA1MjcwNjAxMTNfOTU2MzA3MDg4Xzc1MzI5OTYyMzUyXzJfMw==_b_B6da528d43caa536f6825e0ac42f4ccf3.mp4,9.731,其它
1905电影网流金岁月,http://129.211.14.102:25000/1905.php?t=1&id=LIVEOYY31H24H48NE&token=www.9kds.com,13.321,其它
1983年,https://alimov2.a.kwimgs.com/upic/2022/01/31/15/BMjAyMjAxMzExNTU5MTRfNDAzMDAxOTlfNjYyNzMxNjcwMjBfMF8z_b_Beb3bda599f76c60c463c433ca7460153.mp4,19.262,其它
1983年,https://vd2.bdstatic.com/mda-nmgf0aiczefpbjyv/360p/h264/1671273368681637465/mda-nmgf0aiczefpbjyv.mp4,2.534,其它
1984年,https://alimov2.a.kwimgs.com/upic/2022/01/31/15/BMjAyMjAxMzExNTU5NTRfNDAzMDAxOTlfNjYyNzMyMzg3MTRfMF8z_b_B192356dadbc90d207ba16964d4c2914c.mp4,23.798,其它
1984年,http://txmov2.a.kwimgs.com/upic/2022/01/31/15/BMjAyMjAxMzExNTU5NTRfNDAzMDAxOTlfNjYyNzMyMzg3MTRfMF8z_b_B192356dadbc90d207ba16964d4c2914c.mp4,9.333,其它
1985年,http://txmov2.a.kwimgs.com/upic/2022/01/31/16/BMjAyMjAxMzExNjAwMDFfNDAzMDAxOTlfNjYyNzMyNTAwMzJfMF8z_b_Be73c5abcbc0eeb2ec9fce6842e1362a4.mp4,10.286,其它
1985年,https://alimov2.a.kwimgs.com/upic/2022/01/31/16/BMjAyMjAxMzExNjAwMDFfNDAzMDAxOTlfNjYyNzMyNTAwMzJfMF8z_b_Be73c5abcbc0eeb2ec9fce6842e1362a4.mp4,24.454,其它
1986年,https://txmov2.a.kwimgs.com/upic/2022/01/31/16/BMjAyMjAxMzExNjAwMDRfNDAzMDAxOTlfNjYyNzMyNTU0OTRfMF8z_b_B24f7d19f1132fa5d7f502f8377ad5567.mp4,12.551,其它
1987年,https://txmov2.a.kwimgs.com/upic/2022/01/31/16/BMjAyMjAxMzExNjAwMDhfNDAzMDAxOTlfNjYyNzMyNjMyMDNfMF8z_b_B570493ed8f7200d4013a66b2d21b2de9.mp4,19.545,其它
1987年春晚,https://txmov2.a.kwimgs.com/bs3/video-hls/5195746663405928031_hlsb.m3u8,2.055,其它
1988年,https://txmov2.a.kwimgs.com/upic/2022/01/31/16/BMjAyMjAxMzExNjAwMTJfNDAzMDAxOTlfNjYyNzMyNjkxNjBfMF8z_b_B8c835b83a92d25bde81ba22c5cd9521e.mp4,31.117,其它
1989年,https://txmov2.a.kwimgs.com/upic/2022/01/31/16/BMjAyMjAxMzExNjAwMTVfNDAzMDAxOTlfNjYyNzMyNzQ2OTlfMF8z_b_Be477b27b9ce655d2372df56a5a3d96ef.mp4,11.675,其它
1989年,http://txmov2.a.kwimgs.com/upic/2022/01/31/16/BMjAyMjAxMzExNjAwMTVfNDAzMDAxOTlfNjYyNzMyNzQ2OTlfMF8z_b_Be477b27b9ce655d2372df56a5a3d96ef.mp4,11.873,其它
1991年,https://alimov2.a.kwimgs.com/upic/2022/01/31/16/BMjAyMjAxMzExNjI2MTVfNDAzMDAxOTlfNjYyNzYwNjUxNjVfMF8z_b_B8feb7b85888678d71bf37a259c6850f6.mp4,16.910,其它
1993年春晚,https://alimov2.a.kwimgs.com/upic/2023/01/13/22/BMjAyMzAxMTMyMjEwMDNfNDAzMDAxOTlfOTM1MTIzMzYwODJfMF8z_b_B647d10e431b4cc5e48e6c77347d69021.mp4,28.763,其它
1994年春晚,https://alimov2.a.kwimgs.com/upic/2023/01/13/22/BMjAyMzAxMTMyMjEwMDNfNDAzMDAxOTlfOTM1MTIzMzYxMjNfMF8z_b_B3dde97f36273f04403d4dc5eec611a35.mp4,36.023,其它
1995年,https://txmov2.a.kwimgs.com/upic/2023/01/13/20/BMjAyMzAxMTMyMDA5MjJfNDAzMDAxOTlfOTM0OTkwNDQwNzVfMF8z_b_B811c0dec6b9a3d3074a18522c185010a.mp4,14.231,其它
1995年春晚,https://alimov2.a.kwimgs.com/upic/2023/01/13/20/BMjAyMzAxMTMyMDA5MjJfNDAzMDAxOTlfOTM0OTkwNDQwNzVfMF8z_b_B811c0dec6b9a3d3074a18522c185010a.mp4,35.223,其它
1996年春晚,https://alimov2.a.kwimgs.com/upic/2023/01/13/22/BMjAyMzAxMTMyMjEwMDNfNDAzMDAxOTlfOTM1MTIzMzYxNTJfMF8z_b_Bd841eae10ab1c9955ef55fbedfae6c45.mp4,19.405,其它
1997年,https://txmov2.a.kwimgs.com/upic/2023/01/13/22/BMjAyMzAxMTMyMjEwMDNfNDAzMDAxOTlfOTM1MTIzMzYxNTJfMF8z_b_Bd841eae10ab1c9955ef55fbedfae6c45.mp4,12.787,其它
1999年,https://alimov2.a.kwimgs.com/upic/2023/01/13/20/BMjAyMzAxMTMyMDA5MjJfNDAzMDAxOTlfOTM0OTkwNDQxNTRfMF8z_b_B0b5e52bc003285ef66ec0cbb2be08556.mp4,14.524,其它
19:30辽宁大连体产🆚北京首钢园,http://rihou.cc:555/tv/v,2.304,其它
2,https://alimov2.a.kwimgs.com/upic/2022/05/29/07/BMjAyMjA1MjkwNzU4MDlfOTU2MzA3MDg4Xzc1NDk5MTkzMDcyXzJfMw==_b_Bc3332b978f8b5d438d934cfb2b274677.mp4,12.290,其它
20,https://alimov2.a.kwimgs.com/upic/2022/06/06/05/BMjAyMjA2MDYwNTUzNDdfOTU2MzA3MDg4Xzc2MTQ1NTk5NjczXzJfMw==_b_Bce46752475a8a4664a00cd145b007022.mp4,18.464,其它
2000年春晚,https://alimov2.a.kwimgs.com/upic/2023/01/13/21/BMjAyMzAxMTMyMTE4MzRfNDAzMDAxOTlfOTM1MDY4ODIxMTNfMF8z_b_Bdddf4e7ef0ff6cfd477857bb40e78419.mp4,19.813,其它
2001年春晚,https://alimov2.a.kwimgs.com/upic/2023/01/13/20/BMjAyMzAxMTMyMDA5MjJfNDAzMDAxOTlfOTM0OTkwNDQyMDFfMF8z_b_B70592cb7c4054e9cabb675e849bbf4bd.mp4,19.470,其它
2002年春晚,https://alimov2.a.kwimgs.com/upic/2023/01/13/21/BMjAyMzAxMTMyMTE4MzRfNDAzMDAxOTlfOTM1MDY4ODIxNDdfMF8z_b_Ba6271d10b7e6cfae83759033a091f257.mp4,15.439,其它
2003年,https://txmov2.a.kwimgs.com/upic/2023/01/14/23/BMjAyMzAxMTQyMzQxNDdfNDAzMDAxOTlfOTM2MTU0MTk1NDFfMF8z_b_B182749d2cd2ea9323639254af385f24b.mp4,16.225,其它
2003年春晚,https://alimov2.a.kwimgs.com/upic/2023/01/14/23/BMjAyMzAxMTQyMzQxNDdfNDAzMDAxOTlfOTM2MTU0MTk1NDFfMF8z_b_B182749d2cd2ea9323639254af385f24b.mp4,18.837,其它
2004年春晚,https://alimov2.a.kwimgs.com/upic/2023/01/13/21/BMjAyMzAxMTMyMTE4MzRfNDAzMDAxOTlfOTM1MDY4ODIxOTVfMF8z_b_B86c4430b82ff5a7f4e8132f6ee558536.mp4,38.680,其它
2005年春晚,https://alimov2.a.kwimgs.com/upic/2023/01/13/20/BMjAyMzAxMTMyMDA5MjJfNDAzMDAxOTlfOTM0OTkwNDQyMzhfMF8z_b_B35ad7cc86aec8fc9e5ddfb31fc7bed63.mp4,20.023,其它
2006年春晚,https://alimov2.a.kwimgs.com/upic/2023/01/13/20/BMjAyMzAxMTMyMDA5MjJfNDAzMDAxOTlfOTM0OTkwNDQyNzlfMF8z_b_Bbc3703fc331dc994c50859c19aad28ff.mp4,19.604,其它
2007年春晚,https://alimov2.a.kwimgs.com/upic/2023/01/13/20/BMjAyMzAxMTMyMDA5MjJfNDAzMDAxOTlfOTM0OTkwNDQzMjNfMF8z_b_B00b069c7899976459ceeaa99353dfefe.mp4,22.640,其它
2008年,https://txmov2.a.kwimgs.com/upic/2023/01/13/20/BMjAyMzAxMTMyMDA5MjJfNDAzMDAxOTlfOTM0OTkwNDQzNTNfMF8z_b_Bd7346962e61bd7b84e11a1fa6e4616f9.mp4,17.554,其它
2009年春晚,https://alimov2.a.kwimgs.com/upic/2023/01/13/20/BMjAyMzAxMTMyMDA5MjJfNDAzMDAxOTlfOTM0OTkwNDQzOTBfMF8z_b_B29a36a85e0277f6c2a1f033ef7c10708.mp4,31.084,其它
2010年,https://txmov2.a.kwimgs.com/upic/2023/01/13/20/BMjAyMzAxMTMyMDA5MjJfNDAzMDAxOTlfOTM0OTkwNDQ0MjlfMF8z_b_B8818807a00eed329a69fb494f405bd43.mp4,11.131,其它
2010年春晚,https://alimov2.a.kwimgs.com/upic/2023/01/13/20/BMjAyMzAxMTMyMDA5MjJfNDAzMDAxOTlfOTM0OTkwNDQ0MjlfMF8z_b_B8818807a00eed329a69fb494f405bd43.mp4,22.153,其它
2011年,https://txmov2.a.kwimgs.com/upic/2023/01/16/11/BMjAyMzAxMTYxMTA3MjFfNDAzMDAxOTlfOTM3MjcyMjA3ODhfMF8z_b_B8214200efc869dc6fcf99dad619fa4c1.mp4,5.623,其它
20130928李豁子唱段.曲剧表演艺术家李天方演唱,http://gcw.bdcdn.shoujiduoduo.com/v/190304/951409acd26e4d06be3d1b6ea1bc4ad8.mp4,12.307,其它
2013年春晚,https://alimov2.a.kwimgs.com/upic/2023/01/13/20/BMjAyMzAxMTMyMDA5MjJfNDAzMDAxOTlfOTM0OTkwNDQ1NjNfMF8z_b_B4fea55408dca4471a68a963ae096be59.mp4,22.988,其它
2014年,https://txmov2.a.kwimgs.com/upic/2023/01/06/16/BMjAyMzAxMDYxNjMxMTNfNDAzMDAxOTlfOTI4OTY2ODAzNjlfMF8z_b_Bdee65c77f9e7b2120a185c919dad81d2.mp4,6.487,其它
2014年春晚,https://alimov2.a.kwimgs.com/upic/2023/01/06/16/BMjAyMzAxMDYxNjMxMTNfNDAzMDAxOTlfOTI4OTY2ODAzNjlfMF8z_b_Bdee65c77f9e7b2120a185c919dad81d2.mp4,16.894,其它
2015年,https://alimov2.a.kwimgs.com/upic/2023/01/13/20/BMjAyMzAxMTMyMDA5MjJfNDAzMDAxOTlfOTM0OTkwNDQ2MTZfMF8z_b_B4851f43f5a2bc2871a9b0ec87294a6e7.mp4,18.260,其它
2017年,https://alimov2.a.kwimgs.com/upic/2023/01/13/20/BMjAyMzAxMTMyMDA5MjJfNDAzMDAxOTlfOTM0OTkwNDQ2NDhfMF8z_b_B6527b0c2ce3dda1d9b3f34edd4fdb9aa.mp4,15.787,其它
2018年春晚,https://alimov2.a.kwimgs.com/upic/2023/01/06/16/BMjAyMzAxMDYxNjMxMTRfNDAzMDAxOTlfOTI4OTY2ODE2MTBfMF8z_b_B11a778e34390a21de42d407e94f45b91.mp4,19.635,其它
2019年,https://txmov2.a.kwimgs.com/upic/2023/01/06/16/BMjAyMzAxMDYxNjMxMTRfNDAzMDAxOTlfOTI4OTY2ODE2MTBfMF8z_b_B11a778e34390a21de42d407e94f45b91.mp4,5.975,其它
2020年,https://txmov2.a.kwimgs.com/upic/2022/01/30/17/BMjAyMjAxMzAxNzA5NDdfNDAzMDAxOTlfNjYxNzQ2MDAyMTFfMF8z_b_B5d51d9564c5670dc66faeba20aa7af3f.mp4,8.088,其它
2020年,http://txmov2.a.kwimgs.com/upic/2022/01/30/17/BMjAyMjAxMzAxNzA5NDdfNDAzMDAxOTlfNjYxNzQ2MDAyMTFfMF8z_b_B5d51d9564c5670dc66faeba20aa7af3f.mp4,8.295,其它
2021《精选5首酒吧DJ舞曲》,https://vdse.bdstatic.com//0e59c29ddbc68ed60dce8a6f4631c1f1.mp4,3.166,其它
2021一夜火爆几首DJ舞曲,https://vdse.bdstatic.com//1fc9fd16e02ca272bb81666b85bf4135.mp4,2.145,其它
2021年,http://txmov2.a.kwimgs.com/upic/2022/01/30/17/BMjAyMjAxMzAxNzE4NTJfNDAzMDAxOTlfNjYxNzUzOTg3NjlfMF8z_b_Be41d9503181d7b0608a839ed401e02c2.mp4,13.991,其它
2021年,https://alimov2.a.kwimgs.com/upic/2022/01/30/17/BMjAyMjAxMzAxNzE4NTJfNDAzMDAxOTlfNjYxNzUzOTg3NjlfMF8z_b_Be41d9503181d7b0608a839ed401e02c2.mp4,14.823,其它
2021年最火伤感音乐,https://vdse.bdstatic.com//6d39df48360bdb12f73800397c4a6c02.mp4,2.723,其它
2021年网络火爆伤感情歌6首,https://vdse.bdstatic.com//80e0473f97055cec1c9c76c1c7e5498a.mp4,2.619,其它
2021酒吧夜店经典中文车载劲爆DJ舞曲大串烧FHD,https://vdse.bdstatic.com//f222c3fafbcc09db6f39991e5c982450.mp4,4.098,其它
2022几首DJ串烧,https://vd3.bdstatic.com/mda-nck3tqzgjvj076vc/sc/cae_h264_delogo/1647833645083560959/mda-nck3tqzgjvj076vc.mp4,2.550,其它
2022年,http://txmov2.a.kwimgs.com/upic/2022/02/01/11/BMjAyMjAyMDExMTEwMjNfNDAzMDAxOTlfNjYzNzA4MTk4NzNfMF8z_b_B898cc7ddd0025bf54ddb18ec1f723c84.mp4,30.694,其它
2022年,https://txmov2.a.kwimgs.com/upic/2022/02/01/11/BMjAyMjAyMDExMTEwMjNfNDAzMDAxOTlfNjYzNzA4MTk4NzNfMF8z_b_B898cc7ddd0025bf54ddb18ec1f723c84.mp4,29.710,其它
20240113期,https://vod.v.jstv.com/2024/01/14/JSTV_JSWSNEW_1705169595131_Q3oteam_1584.mp4,4.298,其它
20240120期,https://vod.v.jstv.com/2024/01/20/JSTV_JSWSNEW_1705759272380_OdtlS19_125.mp4,2.993,其它
20240127期,https://vod.v.jstv.com/2024/01/27/JSTV_JSWSNEW_1706364451679_zbLgA98_1886.mp4,3.353,其它
20240203期,https://vod.v.jstv.com/2024/02/03/JSTV_JSWSNEW_1706970149015_RkGBvWs_1308.mp4,7.094,其它
20240217期,https://vod.v.jstv.com/2024/02/17/JSTV_JSWSNEW_1708178319212_KP8v4gZ_1449.mp4,7.916,其它
20240302期,https://vod.v.jstv.com/2024/03/02/JSTV_JSWSNEW_1709387282471_dbupc47_1255.mp4,3.810,其它
20240316期,https://vod.v.jstv.com/2024/03/16/JSTV_JSWSNEW_1710596916214_hRcT7CH_133.mp4,3.754,其它
20240323期,https://vod.v.jstv.com/2024/03/23/JSTV_JSWSNEW_1711201870712_ibp5B90_1872.mp4,2.531,其它
20240330期,https://vod.v.jstv.com/2024/03/30/JSTV_JSWSNEW_1711806027142_MwvWggy_222.mp4,5.355,其它
20240406期,https://vod.v.jstv.com/2024/04/07/JSTV_JSWSNEW_1712421638143_AnD3Ozz_2496.mp4,2.795,其它
20240413期,https://vod.v.jstv.com/2024/04/13/JSTV_JSWSNEW_1713016038492_qA6ogGP_2369.mp4,5.101,其它
20240420期,https://vod.v.jstv.com/2024/04/20/JSTV_JSWSNEW_1713621331704_OTpvaQ9_2175.mp4,3.302,其它
20240427期,https://vod.v.jstv.com/2024/04/27/JSTV_JSWSNEW_1714226736279_62to9tJ_294.mp4,4.729,其它
20240504期,https://vod.v.jstv.com/2024/05/05/JSTV_JSWSNEW_1714840119505_pOXr98G_2923.mp4,2.785,其它
20240511期,https://vod.v.jstv.com/2024/05/11/JSTV_JSWSNEW_1715436008579_VR407hZ_261.mp4,2.817,其它
20240518期,https://vod.v.jstv.com/2024/05/18/JSTV_JSWSNEW_1716041061402_O1Q3aQ8_2109.mp4,4.635,其它
20240525期,https://vod.v.jstv.com/2024/05/25/JSTV_JSWSNEW_1716644959278_4Q0d6Cr_2175.mp4,4.474,其它
20240601期,https://vod.v.jstv.com/2024/06/01/JSTV_JSWSNEW_1717255590003_ev8xfk9_2576.mp4,4.431,其它
20240608期,https://vod.v.jstv.com/2024/06/08/JSTV_JSWSNEW_1717855327034_QH3wmLd_2430.mp4,5.652,其它
20240615期,https://vod.v.jstv.com/2024/06/15/JSTV_JSWSNEW_1718460585473_9nHK55B_2784.mp4,4.115,其它
20240622期,https://vod.v.jstv.com/2024/06/22/JSTV_JSWSNEW_1719064111168_fb35YyC_2420.mp4,3.448,其它
20240629期,https://vod.v.jstv.com/2024/06/30/JSTV_JSWSNEW_1719677463969_yyK75Dq_2757.mp4,7.265,其它
20240706期,https://vod.v.jstv.com/2024/07/06/JSTV_JSWSNEW_1720274726976_a8X8pXt_2324.mp4,2.316,其它
20240713期,https://vod.v.jstv.com/2024/07/13/JSTV_JSWSNEW_1720881982562_O7moj6v_2654.mp4,6.124,其它
20240720期,https://vod.v.jstv.com/2024/07/20/JSTV_JSWSNEW_1721483732633_1xk4tEF_2517.mp4,6.968,其它
20240727期,https://vod.v.jstv.com/2024/07/28/JSTV_JSWSNEW_1722096881620_88t96fB_2377.mp4,5.394,其它
20240803期,https://vod.v.jstv.com/2024/08/03/JSTV_JSWSNEW_1722693060312_1Pb0GY4_2467.mp4,2.981,其它
20240810期,https://vod.v.jstv.com/2024/08/10/JSTV_JSWSNEW_1723298430856_34VX558_2473.mp4,3.789,其它
20240817期,https://vod.v.jstv.com/2024/08/17/JSTV_JSWSNEW_1723903373373_tQUi3J4_2854.mp4,2.668,其它
20240824期,https://vod.v.jstv.com/2024/08/25/JSTV_JSWSNEW_1724525006153_tWDF8sP_2124.mp4,6.462,其它
20240831期,https://vod.v.jstv.com/2024/08/31/JSTV_JSWSNEW_1725111972431_yvX0a98_2918.mp4,4.991,其它
20240907期,https://vod.v.jstv.com/2024/09/07/JSTV_JSWSNEW_1725717931431_Owcs60G_225.mp4,3.291,其它
20240914期,https://vod.v.jstv.com/2024/09/14/JSTV_JSWSNEW_1726323084735_J2NE0mI_2612.mp4,6.169,其它
20240928期,https://vod.v.jstv.com/2024/09/28/JSTV_JSWSNEW_1727531598255_tMyfIEy_2588.mp4,5.772,其它
20241005期,https://vod.v.jstv.com/2024/10/05/JSTV_JSWSNEW_1728136393888_gyy4ZoB_2521.mp4,2.646,其它
20241012期,https://vod.v.jstv.com/2024/10/12/JSTV_JSWSNEW_1728741251675_FBKYfaG_2864.mp4,5.278,其它
20241019期,https://vod.v.jstv.com/2024/10/20/JSTV_JSWSNEW_1729363994321_OLkH6QC_2306.mp4,5.187,其它
20241026期,https://vod.v.jstv.com/2024/10/26/JSTV_JSWSNEW_1729951111863_8d4Jrja_2694.mp4,4.830,其它
20241102期,https://vod.v.jstv.com/2024/11/02/JSTV_JSWSNEW_1730556380801_dPBlao0_2219.mp4,5.249,其它
20241109期,https://vod.v.jstv.com/2024/11/09/JSTV_JSWSNEW_1731160434016_6EjM23f_2980.mp4,2.178,其它
20241116期,https://vod.v.jstv.com/2024/11/17/JSTV_JSWSNEW_1731775222067_3fVR80e_2524.mp4,5.343,其它
20241123期,https://vod.v.jstv.com/2024/11/23/JSTV_JSWSNEW_1732369733874_XTevlwH_2629.mp4,6.799,其它
20241130期,https://vod.v.jstv.com/2024/11/30/JSTV_JSWSNEW_1732974931062_3PC8zJ4_216.mp4,3.226,其它
20241207期,https://vod.v.jstv.com/2024/12/07/JSTV_JSWSNEW_1733580280267_S2uHRfa_2262.mp4,6.907,其它
20241214期,https://vod.v.jstv.com/2024/12/14/JSTV_JSWSNEW_1734186101028_5Rj3rZ8_2671.mp4,6.271,其它
20241221期,https://vod.v.jstv.com/2024/12/21/JSTV_JSWSNEW_1734789548263_7gCE3vi_2333.mp4,4.452,其它
20241228期,https://vod.v.jstv.com/2024/12/28/JSTV_JSWSNEW_1735394884781_k2e7IYL_2238.mp4,2.618,其它
2025-03-03,https://gitlab.com/lr77/IPTV/-/raw/main/%E8%B5%B7%E9%A3%8E%E4%BA%86.mp4,5.679,其它
20250104期,https://vod.v.jstv.com/2025/01/04/JSTV_JSWSNEW_1735999470061_QpnPlh8_2528.mp4,2.495,其它
20250111期,https://vod.v.jstv.com/2025/01/11/JSTV_JSWSNEW_1736604684080_fX7Zvtv_2355.mp4,5.723,其它
20250118期,https://vod.v.jstv.com/2025/01/18/JSTV_JSWSNEW_1737208693360_Juy9kqo_2967.mp4,2.472,其它
20250125期,https://vod.v.jstv.com/2025/01/25/JSTV_JSWSNEW_1737813780362_g6PJqY8_262.mp4,4.566,其它
20250201期,https://vod.v.jstv.com/2025/02/01/JSTV_JSWSNEW_1738419228799_GBjMboj_2178.mp4,5.269,其它
20250208期,https://vod.v.jstv.com/2025/02/08/JSTV_JSWSNEW_1739024522778_vz3xU85_2346.mp4,4.061,其它
20250215期,https://videos.jstv.com/video/2025/02/15/202502152209401739628580366_561_21.mp4,17.113,其它
20250222期,https://videos.jstv.com/video/2025/02/22/202502222222361740234156694_536_21.mp4,18.709,其它
20250301期,https://videos.jstv.com/video/2025/03/01/202503012211231740838283442_800_21.mp4,29.130,其它
20250308期,https://videos.jstv.com/video/2025/03/09/202503090041411741452101288_434_21.mp4,10.733,其它
20250315期,https://videos.jstv.com/video/2025/03/15/202503152206201742047580137_759_21.mp4,10.467,其它
20250322期,https://videos.jstv.com/video/2025/03/22/202503222153451742651625736_660_21.mp4,10.345,其它
20250329期,https://videos.jstv.com/video/2025/03/29/202503292202231743256943411_961_21.mp4,16.980,其它
20250405期,https://videos.jstv.com/video/2025/04/05/202504052210491743862249861_398_21.mp4,6.887,其它
20250412期,https://videos.jstv.com/video/2025/04/12/202504122208261744466906180_991_21.mp4,7.958,其它
20250419期,https://videos.jstv.com/video/2025/04/19/202504192154551745070895217_985_21.mp4,5.477,其它
20250426期,https://videos.jstv.com/video/2025/04/26/202504262157431745675863941_442_21.mp4,4.375,其它
20250503期,https://videos.jstv.com/video/2025/05/04/202505040025371746289537441_356_21.mp4,17.303,其它
20250510期,https://videos.jstv.com/video/2025/05/10/202505102148041746884884608_327_21.mp4,17.728,其它
20250517期,https://videos.jstv.com/video/2025/05/17/202505172205241747490724365_758_21.mp4,16.267,其它
20250524期,https://vod.v.jstv.com/2025/05/24/JSTV_JSWSNEW_1748099045103_w7FKp6N_2138.mp4,2.311,其它
20250531期,https://videos.jstv.com/video/2025/06/01/202506010009131748707753148_917_21.mp4,16.861,其它
20250607期,https://videos.jstv.com/video/2025/06/07/202506072205451749305145755_819_21.mp4,17.390,其它
20250614期,https://videos.jstv.com/video/2025/06/14/202506142150381749909038010_338_21.mp4,3.228,其它
20250621期,https://videos.jstv.com/video/2025/06/21/202506212244301750517070744_611_21.mp4,11.851,其它
20250628期,https://videos.jstv.com/video/2025/06/28/202506282355231751126123727_922_21.mp4,31.453,其它
20250712期,https://videos.jstv.com/video/2025/07/12/202507122156591752328619989_903_21.mp4,5.437,其它
20250719期,https://videos.jstv.com/video/2025/07/19/202507192319411752938381871_603_21.mp4,23.700,其它
20250726期,https://videos.jstv.com/video/2025/07/27/202507270128051753550885850_913_21.mp4,4.052,其它
20250802期,https://videos.jstv.com/video/2025/08/02/202508022327571754148477677_904_21.mp4,20.976,其它
20250809期,https://videos.jstv.com/video/2025/08/09/202508092201191754748079595_585_21.mp4,27.644,其它
20250816期,https://videos.jstv.com/video/2025/08/16/202508162320141755357614968_438_21.mp4,4.794,其它
20250823期,https://videos.jstv.com/video/2025/08/24/202508240044281755967468519_176_21.mp4,5.673,其它
20250830期,https://videos.jstv.com/video/2025/08/30/202508302316351756566995559_265_21.mp4,4.548,其它
20250906期,https://videos.jstv.com/video/2025/09/06/202509062320311757172031591_217_21.mp4,4.982,其它
20250913期,https://videos.jstv.com/video/2025/09/13/202509132312151757776335131_100_21.mp4,4.120,其它
20250920期,https://videos.jstv.com/video/2025/09/20/202509202321031758381663046_497_21.mp4,4.738,其它
20250927期,https://videos.jstv.com/video/2025/09/27/202509272344311758987871532_909_21.mp4,6.360,其它
20251004期①,https://videos.jstv.com/video/2025/10/05/202510050740481759621248357_329_21.mp4,4.778,其它
20251004期②,https://videos.jstv.com/video/2025/10/05/202510050741271759621287385_924_21.mp4,23.087,其它
20251004期③,https://videos.jstv.com/video/2025/10/05/202510050742071759621327650_665_21.mp4,4.147,其它
20251011期①,https://videos.jstv.com/video/2025/10/11/202510112209051760191745433_474_21.mp4,36.093,其它
20251011期②,https://videos.jstv.com/video/2025/10/11/202510112210091760191809835_259_21.mp4,4.875,其它
20251011期③,https://videos.jstv.com/video/2025/10/11/202510112211541760191914382_446_21.mp4,4.128,其它
20251018期①,https://videos.jstv.com/video/2025/10/18/202510182331511760801511405_302_21.mp4,4.944,其它
20251018期②,https://videos.jstv.com/video/2025/10/18/202510182334281760801668414_701_21.mp4,4.766,其它
20251018期③,https://videos.jstv.com/video/2025/10/18/202510182335131760801713569_901_21.mp4,10.663,其它
20251025期①,https://videos.jstv.com/video/2025/10/25/202510252101281761397288493_542_21.mp4,7.927,其它
20251025期②,https://videos.jstv.com/video/2025/10/25/202510252134091761399249441_332_21.mp4,21.483,其它
20251025期③,https://videos.jstv.com/video/2025/10/25/202510252158311761400711788_163_21.mp4,20.354,其它
20251108期①,https://videos.jstv.com/video/2025/11/08/202511082147391762609659570_734_21.mp4,26.116,其它
20251108期②,https://videos.jstv.com/video/2025/11/08/202511082148341762609714428_409_21.mp4,6.506,其它
20251108期③,https://videos.jstv.com/video/2025/11/08/202511082158281762610308004_193_21.mp4,28.371,其它
20251115期,https://videos.jstv.com/video/2025/11/16/202511160114471763226887490_213_21.mp4,9.251,其它
20251122期,https://videos.jstv.com/video/2025/11/22/202511222308341763824114782_955_21.mp4,10.814,其它
20251206期,https://videos.jstv.com/video/2025/12/06/202512062202391765029759379_547_21.mp4,33.717,其它
20251220期,https://videos.jstv.com/video/2025/12/20/202512202214551766240095037_170_21.mp4,16.060,其它
20251227期,https://videos.jstv.com/video/2025/12/27/202512272239521766846392366_138_21.mp4,8.240,其它
20260103期,https://videos.jstv.com/video/2026/01/03/202601032154431767448483113_846_21.mp4,30.751,其它
20260110期,https://videos.jstv.com/video/2026/01/10/202601102340241768059624517_738_21.mp4,17.830,其它
20260117期,https://videos.jstv.com/video/2026/01/17/202601172152591768657979345_301_21.mp4,15.262,其它
21,https://txmov2.a.kwimgs.com/upic/2022/05/16/11/BMjAyMjA1MTYxMTI1NDVfOTU2MzA3MDg4Xzc0NTQ0ODM4OTM2XzJfMw==_b_B70e403cade69df78af7a20c7b991df83.mp4,11.768,其它
21年DJ爆红网络洗脑神曲,https://vdse.bdstatic.com//bf4bb1d82b2eb17681c49e745dc2da21.mp4,2.496,其它
24,https://alimov2.a.kwimgs.com/upic/2022/05/25/04/BMjAyMjA1MjUwNDU4NDVfOTU2MzA3MDg4Xzc1MTk1NzI1OTIzXzJfMw==_b_B65ccf167f2af2a1c5842f9388923a053.mp4,18.131,其它
24KZ,http://120.70.60.179:9901/tsfile/live/1003_1.m3u8?key=txiptv&playlive=0&authid=0,3.662,其它 4D/超高清（23条）
24KZ,http://120.70.60.179:85/tsfile/live/1003_1.m3u8?key=txiptv&playlive=0&authid=0,2.471,其它 4D/超高清（23条）
25,https://txmov2.a.kwimgs.com/upic/2022/05/10/20/BMjAyMjA1MTAyMDIzMzRfOTU2MzA3MDg4Xzc0MTE0Njk1Mzc5XzJfMw==_b_Bda1e74f5e3d53449cde1c79fcd7d2859.mp4,13.679,其它
27,https://alimov2.a.kwimgs.com/upic/2022/06/06/05/BMjAyMjA2MDYwNTQxMjRfOTU2MzA3MDg4Xzc2MTQ1MzUyNzc1XzJfMw==_b_B18c954e77b75945bbebf4191e0ea6dd8.mp4,13.523,其它
28,https://txmov2.a.kwimgs.com/upic/2022/05/19/08/BMjAyMjA1MTkwODEzMjFfOTU2MzA3MDg4Xzc0NzM4NTM3MzIwXzJfMw==_b_Bbfc85fc1485759dbbbcb92ebf537acd0.mp4,24.071,其它
29,https://txmov2.a.kwimgs.com/upic/2022/06/01/05/BMjAyMjA2MDEwNTQzNTlfOTU2MzA3MDg4Xzc1NzE0MDYxNTk3XzJfMw==_b_B152552e8b75265af958830cfd482f86f.mp4,11.090,其它
2首车载DJ歌曲联唱,https://vd2.bdstatic.com/mda-jiugyuw4xwqiwzet/sc/mda-jiugyuw4xwqiwzet.mp4,2.391,其它
3,https://alimov2.a.kwimgs.com/upic/2022/06/07/06/BMjAyMjA2MDcwNjU5NDZfOTU2MzA3MDg4Xzc2MjE3Nzk5NDEwXzJfMw==_b_B923ca9f49ee544489344d4002972f581.mp4,13.022,其它
31,https://txmov2.a.kwimgs.com/upic/2022/05/27/05/BMjAyMjA1MjcwNTUzMDNfOTU2MzA3MDg4Xzc1MzI5NzY2NzE1XzJfMw==_b_B4bff592193b36fe88f88f8879425db11.mp4,27.654,其它
33,https://alimov2.a.kwimgs.com/upic/2022/06/01/18/BMjAyMjA2MDExODE0MzZfOTU2MzA3MDg4Xzc1NzU3Nzc2NzAzXzJfMw==_b_B0e0875e36fe18d339049479f0cfb06c5.mp4,12.314,其它
34,https://alimov2.a.kwimgs.com/upic/2022/05/12/08/BMjAyMjA1MTIwODUxMDRfOTU2MzA3MDg4Xzc0MjA5MTAwMjAzXzJfMw==_b_B2862d8a760125751a5225f1758ef5a47.mp4,14.788,其它
35,https://alimov2.a.kwimgs.com/upic/2022/05/27/05/BMjAyMjA1MjcwNTU0MzFfOTU2MzA3MDg4Xzc1MzI5ODIxMDg1XzJfMw==_b_Bca7ddb535d4088b7ff6262d28093f30f.mp4,16.469,其它
37,https://txmov2.a.kwimgs.com/upic/2022/05/14/05/BMjAyMjA1MTQwNTM5MTRfOTU2MzA3MDg4Xzc0MzQ5Nzg1MTkwXzJfMw==_b_B0d78ac2acc32ba6bdda5e9b9ce452c5a.mp4,15.658,其它
38,https://txmov2.a.kwimgs.com/upic/2022/05/20/06/BMjAyMjA1MjAwNjA3NDlfOTU2MzA3MDg4Xzc0ODAzMTE1NjE0XzJfMw==_b_Bc933688e6937bedad020c88de780482a.mp4,10.313,其它
38度6,https://alimov2.a.kwimgs.com/upic/2023/11/16/13/BMjAyMzExMTYxMzExNDJfMzM5Njk4MTMyNl8xMTcyNzU3MDE3NTZfMF8z_b_B6e340974a0d46c08d1013ff23c7f6b17.mp4,15.561,其它
3D-5视觉效果,https://vd3.bdstatic.com/mda-kksk814vwc1m06av/sc/mda-kksk814vwc1m06av.mp4,2.108,其它
3D大片频视觉,https://vd2.bdstatic.com/mda-ki2cvyhz79rw40wg/v1-cae/sc/mda-ki2cvyhz79rw40wg.mp4,2.347,其它
3D投影-1视觉,https://vd4.bdstatic.com/mda-ncuizu4wfrjswzxp/720p/h264_delogo/1648560283895563574/mda-ncuizu4wfrjswzxp.mp4,2.152,其它
3D投影-2视觉,https://vd4.bdstatic.com/mda-ncuiyrw7qj9x5w3z/720p/h264_delogo/1648560203494563586/mda-ncuiyrw7qj9x5w3z.mp4,3.455,其它
3D裸眼-2视觉,https://vd4.bdstatic.com/mda-mdfijn4crxseyky0/sc/mda-mdfijn4crxseyky0.mp4,2.272,其它
4,https://alimov2.a.kwimgs.com/upic/2022/06/01/06/BMjAyMjA2MDEwNjEyNTVfOTU2MzA3MDg4Xzc1NzE0NzkyMDQ4XzJfMw==_b_Bc46876778eea16365c432ad0fd637316.mp4,13.314,其它
40首精选慢摇点播,https://txmov2.a.kwimgs.com/bs3/video-hls/5224175695511900493_hlsb.m3u8,7.079,其它
41,https://alimov2.a.kwimgs.com/upic/2022/06/08/08/BMjAyMjA2MDgwODAyMTFfOTU2MzA3MDg4Xzc2Mjg5NDI5NjA2XzJfMw==_b_B341a133fce010d62694991d47b5b6744.mp4,12.941,其它
43,https://txmov2.a.kwimgs.com/upic/2022/05/28/17/BMjAyMjA1MjgxNzAyNDlfOTU2MzA3MDg4Xzc1NDQ5MzgzOTMzXzJfMw==_b_B6d79792fb36617b506b1a1b2ba410fd7.mp4,13.659,其它
45,https://alimov2.a.kwimgs.com/upic/2022/05/27/05/BMjAyMjA1MjcwNTUzNTBfOTU2MzA3MDg4Xzc1MzI5ODA1NTM3XzJfMw==_b_B2605528ff042a8782fb357dcac5d658d.mp4,12.765,其它
4k超清车载劲爆,https://vd2.bdstatic.com/mda-ncg1mhvhiy7fkgzs/sc/cae_h264_delogo/1647481028509277070/mda-ncg1mhvhiy7fkgzs.mp4,2.181,其它 4D/超高清（23条）
5首伤感DJ,https://vd2.bdstatic.com/mda-nd5cr584424xr57c/sc/cae_h264_delogo/1649238205192327499/mda-nd5cr584424xr57c.mp4,2.381,其它
6首好听情歌DJ,https://vdse.bdstatic.com//b9c765ede94b5d2bac8cb2a9afc70488.mp4,2.689,其它
8,https://alimov2.a.kwimgs.com/upic/2022/05/24/17/BMjAyMjA1MjQxNzE1MjZfOTU2MzA3MDg4Xzc1MTYzMzk2NTUzXzJfMw==_b_B447f1a925bb4fb7004ecd7af50be28c4.mp4,12.113,其它
9首醉人的情歌,https://vd2.bdstatic.com/mda-nca3btr4bdxce5wj/sc/cae_h264_delogo/1647136483442128566/mda-nca3btr4bdxce5wj.mp4,2.674,其它
<我的好兄弟>,https://sns-video-default.xhscdn.com/stream/1/110/258/01e8c171e907fbe0010370019933a69c19_258.mp4,3.118,其它
ABC Australia,https://abc-news-dmd-streams-1.akamaized.net/out/v1/701126012d044971b3fa89406a440133/index.m3u8,4.891,欧美 SD（41条）
ABC News Australia,https://abc-news-dmd-streams-1.akamaized.net/out/v1/701126012d044971b3fa89406a440133/index_5.m3u8,3.911,其它 SD（412条）
AGA-孤雏,https://www.iesdouyin.com/aweme/v1/play/?video_id=v0d00fg10000cp22lt3c77u3sp4g96u0&ratio=720p&line=0,37.194,其它
AGA-孤雏,https://www.iesdouyin.com/aweme/v1/playwm/?video_id=v0d00fg10000cp22lt3c77u3sp4g96u0&ratio=720p&line=0,50.149,其它
AKC TV (1080p),https://broadcast.blivenyc.com/speed/broadcast/22/desktop-playlist.m3u8,2.070,其它
AKC TV Meet The Breeds,https://install.akctvcontrol.com/speed/broadcast/139/desktop-playlist.m3u8,2.074,其它
Action 24 (1080p),http://actionlive.siliconweb.com/actionabr/actiontv/playlist.m3u8,10.856,其它 高清/HD（158条）
AfroLandTV (1080p),https://alt-al.otteravision.com/alt/al/al.m3u8,3.930,其它 高清/HD（158条）
Al Araby TV (1080p),https://live.kwikmotion.com/alaraby1live/alaraby_abr/playlist.m3u8,4.800,其它 高清/HD（158条）
Al Araby TV 2 (1080p),https://live.kwikmotion.com/alaraby2live/alaraby2.smil/playlist.m3u8,4.549,其它 高清/HD（158条）
Al Jazeera (1080p),https://live-hls-web-aja-fa.thehlive.com/AJA/index.m3u8,2.944,其它 高清/HD（158条）
Al Jazeera (1080p),https://live-hls-apps-aja-v3-fa.getaj.net/AJA/index.m3u8,4.078,其它 高清/HD（158条）
Al Jazeera Arabic (1080p),https://live-hls-web-aja.getaj.net/AJA/index.m3u8,2.946,其它 高清/HD（158条）
Al Jazeera English (1080p),https://live-hls-apps-aje-fa.getaj.net/AJE/index.m3u8,7.829,其它 高清/HD（158条）
Al Jazeera English (1080p),https://live-hls-web-aje-fa.thehlive.com/AJE/index.m3u8,8.239,其它 高清/HD（158条）
Al Jazeera English (1080p),https://live-hls-apps-aje-v3-fa.getaj.net/AJE/index.m3u8,8.044,其它 高清/HD（158条）
Al Sharqiya Min Kabla (1080p),https://svs.itworkscdn.net/kablatvlive/kabtv1.smil/playlist.m3u8,3.666,其它 高清/HD（158条）
Al Wousta TV (1080p),https://svs.itworkscdn.net/alwoustalive/alwoustatv.smil/playlist.m3u8,2.681,其它 高清/HD（158条）
Al-Zahra TV Turkic (1080p) [Not 24/7],https://live.al-zahratv.com/live/playlist.m3u8,4.450,其它 高清/HD（158条）
Alin精选16首(1小时),https://www.iesdouyin.com/aweme/v1/playwm/?video_id=v0300fg10000cvt3q87og65l7fblbmog&ratio=720p&line=0,12.568,其它
Alone-marshmello,https://www.iesdouyin.com/aweme/v1/playwm/?video_id=v0200f290000brtup22lsr1a6l8qmgn0&ratio=720p&line=0,2.145,其它
Althania (1080p),https://live.kwikmotion.com/syriatv02live/syriatv02.smil/playlist.m3u8,5.898,其它 高清/HD（158条）
Always Funny Videos (720p),https://aegis-cloudfront-1.tubi.video/a0713659-0883-4501-9aba-f7e651becae9/playlist.m3u8,3.107,欧美 SD（41条）
Anyone Of Us,https://m.douyin.com/aweme/v1/playwm/?video_id=v0200fg10000cq49ctvog65h6153dks0&ratio=720p&line=0,3.373,其它
Azteca Internacional (1080p),https://azt-mun.otteravision.com/azt/mun/mun.m3u8,2.389,欧美 高清/HD（15条）
BBC America,https://bcovlive-a.akamaihd.net/7f5ec16d102f4b5d92e8e27bc95ff424/us-east-1/6240731308001/playlist.m3u8,2.365,其它
BBC Earth (1080p),https://amg00793-amg00793c6-xumo-us-2669.playouts.now.amagi.tv/BBCStudios-BBCEarthA-hls/playlist.m3u8,4.350,其它
BBC NEW,https://vs-hls-push-ww-live.akamaized.net/x=4/i=urn:bbc:pips:service:bbc_news_channel_hd/t=3840/v=pv14/b=5070016/main.m3u8,4.440,其它 SD（412条）
BEK TV News (720p),https://cdn3.wowza.com/5/ZWQ1K2NYTmpFbGsr/BEK-WOWZA-1/smil:BEKPRIMEeast.smil/playlist.m3u8,6.185,其它
BEK TV Sports West (720p),https://cdn3.wowza.com/5/ZWQ1K2NYTmpFbGsr/BEK-WOWZA-1/smil:BEKPRIMEW.smil/playlist.m3u8#EXTINF:-1,Biz TV (1080p),5.854,其它
BTV新闻,http://114.241.111.4:85/tsfile/live/24/1024_1.m3u8?key=txiptv,4.406,其它 SD（412条）
BeIN Sports XTRA (1080p),https://bein-beinxtrasports-firetv.amagi.tv/playlist.m3u8,2.410,其它 高清/HD（158条）
Beyond-光辉岁月,https://www.iesdouyin.com/aweme/v1/playwm/?video_id=v0300fg10000ccu4ldjc77u4nmf3f54g&ratio=720p&line=0,15.707,其它
Beyond-冷雨夜,https://www.iesdouyin.com/aweme/v1/play/?video_id=v0200fg10000cdqcbe3c77ucgubud6i0&ratio=720p&line=0,4.072,其它
Beyond-大地,https://www.iesdouyin.com/aweme/v1/playwm/?video_id=v0200fg10000cojstabc77uerhn878qg&ratio=720p&line=0,54.324,其它
Beyond-大地,https://www.iesdouyin.com/aweme/v1/play/?video_id=v0200fg10000cojstabc77uerhn878qg&ratio=720p&line=0,43.055,其它
Beyond-岁月无声,https://www.iesdouyin.com/aweme/v1/play/?video_id=v0d00fg10000cfhoeq3c77u4flt6fni0&ratio=720p&line=0,26.267,其它
Beyond-岁月无声,https://www.iesdouyin.com/aweme/v1/playwm/?video_id=v0d00fg10000cfhoeq3c77u4flt6fni0&ratio=720p&line=0,2.055,其它
Beyond-海阔天空,https://www.iesdouyin.com/aweme/v1/play/?video_id=v0d00fg10000chfntjrc77uf4o64t5qg&ratio=720p&line=0,28.079,其它
Beyond-海阔天空,https://www.iesdouyin.com/aweme/v1/playwm/?video_id=v0d00fg10000chfntjrc77uf4o64t5qg&ratio=720p&line=0,34.943,其它
Beyond-真的爱你,https://www.iesdouyin.com/aweme/v1/play/?video_id=v0300fg10000ceksa4bc77u77da91tfg&ratio=720p&line=0,7.507,其它
Beyond-真的爱你,https://www.iesdouyin.com/aweme/v1/playwm/?video_id=v0300fg10000ceksa4bc77u77da91tfg&ratio=720p&line=0,6.419,其它
Beyond精选40首(3小时),https://txmov2.a.kwimgs.com/upic/2024/01/24/14/BMjAyNDAxMjQxNDQxMjZfODI4NTk1NTQ0XzEyMzAwNzQ1MTk1Ml8yXzM=_b_Bf4811084a61390aced44f1c86a2ebddf.mp4,9.900,其它
Bloomberg TV (720p),https://aegis-cloudfront-1.tubi.video/de29234d-1a53-4cf9-b6ba-9cf412b66d76/playlist.m3u8,2.109,其它
By Your side,https://www.iesdouyin.com/aweme/v1/playwm/?line=0&logo_name=aweme_diversion_search&ratio=720p&video_id=v0200fg10000cohhg2bc77u7p44oqrsg,40.610,其它
By2精选16首(1小时),https://www.iesdouyin.com/aweme/v1/playwm/?video_id=v0d00fg10000d1j0n57og65pvurg65ag&ratio=720p&line=0,16.048,其它
CAllStar-天梯,https://www.iesdouyin.com/aweme/v1/play/?video_id=v0200fg10000cisenvvog65r87k65dr0&ratio=720p&line=0,3.876,欧美 SD（41条）
CAllStar-天梯,https://www.iesdouyin.com/aweme/v1/playwm/?video_id=v0200fg10000cisenvvog65r87k65dr0&ratio=720p&line=0,3.856,其它
CCTV+ 2 (600p) [Not 24/7],https://cd-live-stream.news.cctvplus.com/live/smil:CHANNEL2.smil/playlist.m3u8,2.644,央视 SD（499条）
CCTV-03FYtv,http://iptv.4666888.xyz/iptv2A.php?id=9,2.262,其它
CCTV-1,http://118.81.58.30:9003/hls/1/index.m3u8,13.616,其它
CCTV-1,http://223.95.198.3:8000/hls/1/index.m3u8,7.836,其它
CCTV-1,http://183.62.8.58:50085/tsfile/live/0001_1.m3u8?key=txiptv&playlive=1&authid=0,3.496,其它
CCTV-1,http://124.93.18.239:9003/hls/1/index.m3u8,7.214,其它
CCTV-1,http://111.56.90.5/000000000000/1000000005000265001/1.m3u8,3.097,其它
CCTV-1,http://120.70.60.179:9901/tsfile/live/1007_1.m3u8?key=txiptv&playlive=1&authid=0,5.573,其它
CCTV-1,http://111.56.90.5/000000000000/6000000001000029752/1.m3u8,3.109,其它
CCTV-10,http://111.56.90.5/000000000000/1000000005000265010/1.m3u8,3.027,其它
CCTV-10,http://223.95.198.3:8000/hls/10/index.m3u8,7.039,其它
CCTV-10,http://119.91.7.169:2026/ysws.php?id=CCTV10,2.062,央视 SD（499条）
CCTV-10,http://111.56.90.5/000000000000/5000000004000012827/1.m3u8,2.173,其它
CCTV-10,http://120.70.60.179:9901/tsfile/live/1018_1.m3u8?key=txiptv&playlive=1&authid=0,4.977,其它
CCTV-10科教,https://live.264788.xyz/channel/cctv10?streamid=61d2faba189c1fee2c26fb733648e7d2&livekey=01WgOR41rriMmMkzNsd0UoaxJRwetZdxIvtVk,8.425,其它
CCTV-10科教,https://live.264788.xyz/channel/cctv10?streamid=802331ccd41b8d8283234e98b55fe720&livekey=01WgOR41rriMmMkzNsd0UoaxJRwetZdxIvtVk,9.561,其它
CCTV-10科教,https://live.264788.xyz/channel/cctv10?streamid=53ba5973e313102776c533632a495108&livekey=01WgOR41rriMmMkzNsd0UoaxJRwetZdxIvtVk,9.499,其它
CCTV-10科教,https://live.264788.xyz/channel/cctv10?streamid=3b93fbcc94fb84f897deb567d7a2a4ab&livekey=01WgOR41rriMmMkzNsd0UoaxJRwetZdxIvtVk,9.084,其它
CCTV-10科教,https://live.264788.xyz/channel/cctv10?streamid=1d44973ab4169ca43dd74f86cfd8b4c3&livekey=01WgOR41rriMmMkzNsd0UoaxJRwetZdxIvtVk,9.811,其它
CCTV-10科教,https://live.264788.xyz/channel/cctv10?streamid=a6610f7c03ec538e4603bb827ecc5fad&livekey=01WgOR41rriMmMkzNsd0UoaxJRwetZdxIvtVk,11.567,其它
CCTV-11,http://223.95.198.3:8000/hls/11/index.m3u8,7.835,其它
CCTV-11,http://111.56.90.5/000000000000/1000000005000265011/1.m3u8,3.074,其它
CCTV-11,http://111.56.90.5/000000000000/1000000002000019789/1.m3u8,2.904,其它
CCTV-11,http://111.56.90.5/000000000000/5000000011000031106/1.m3u8,2.215,其它
CCTV-11戏曲,https://live.264788.xyz/channel/cctv11?streamid=61be47c4b483b6f38fc816d9d022a325&livekey=01WgOR41rriMmMkzNsd0UoaxJRwetZdxIvtVk,9.552,其它
CCTV-11戏曲,https://live.264788.xyz/channel/cctv11?streamid=1cbd4046d7da2c3256da8f134bb57155&livekey=01WgOR41rriMmMkzNsd0UoaxJRwetZdxIvtVk,8.474,其它
CCTV-11戏曲,https://live.264788.xyz/channel/cctv11?streamid=7b9945eb3e3a3628d7a273fff55b8d1e&livekey=01WgOR41rriMmMkzNsd0UoaxJRwetZdxIvtVk,7.055,其它
CCTV-11戏曲,https://live.264788.xyz/channel/cctv11?streamid=c69f5433fa130011553d458dc212c18b&livekey=01WgOR41rriMmMkzNsd0UoaxJRwetZdxIvtVk,6.364,其它
CCTV-12,http://223.95.198.3:8000/hls/12/index.m3u8,7.124,其它
CCTV-12,http://124.93.18.239:9003/hls/12/index.m3u8,7.542,其它
CCTV-12,http://111.56.90.5/000000000000/1000000005000265012/1.m3u8,3.146,其它
CCTV-12,http://111.56.90.5/000000000000/6000000001000022586/1.m3u8,3.126,其它
CCTV-12,http://111.56.90.5/000000000000/1000000001000032494/1.m3u8,3.177,其它
CCTV-12社会与法,https://live.264788.xyz/channel/cctv12?streamid=2ffaa6964c764868df1ed3aa59a57a7d&livekey=01WgOR41rriMmMkzNsd0UoaxJRwetZdxIvtVk,10.654,其它
CCTV-12社会与法,https://live.264788.xyz/channel/cctv12?streamid=ab6198438329e6431e97e89390793ea5&livekey=01WgOR41rriMmMkzNsd0UoaxJRwetZdxIvtVk,11.380,其它
CCTV-12社会与法,https://live.264788.xyz/channel/cctv12?streamid=577823de18178c8e78f5dc92bfa605c3&livekey=01WgOR41rriMmMkzNsd0UoaxJRwetZdxIvtVk,8.514,其它
CCTV-12社会与法,https://live.264788.xyz/channel/cctv12?streamid=0f34c587b2bea8f82b43463faa4b5708&livekey=01WgOR41rriMmMkzNsd0UoaxJRwetZdxIvtVk,9.004,其它
CCTV-12社会与法,https://live.264788.xyz/channel/cctv12?streamid=1ac62f22b4b7bbd88bf306dbabfc0cab&livekey=01WgOR41rriMmMkzNsd0UoaxJRwetZdxIvtVk,9.528,其它
CCTV-13,http://221.7.49.226:50085/tsfile/live/0013_1.m3u8?key=txiptv&playlive=1&authid=0,5.153,其它
CCTV-13,http://112.27.235.94:8000/hls/14/index.m3u8,7.661,其它
CCTV-13,http://111.56.90.5/000000000000/5000000011000031108/1.m3u8,2.157,其它
CCTV-13,http://183.223.157.33:9901/tsfile/live/0013_1.m3u8?key=txiptv&playlive=1&authid=0,7.693,其它
CCTV-13新闻,https://live.264788.xyz/channel/cctv13?streamid=10271fee253d2d91a7fc49f708ec621e&livekey=01WgOR41rriMmMkzNsd0UoaxJRwetZdxIvtVk,7.648,其它
CCTV-13新闻,https://live.264788.xyz/channel/cctv13?streamid=9ea97cd43bafe3b9e0250240d221d0e2&livekey=01WgOR41rriMmMkzNsd0UoaxJRwetZdxIvtVk,9.407,其它
CCTV-13新闻,https://live.264788.xyz/channel/cctv13?streamid=18337d7a8a925fefa6736f2af5f779a5&livekey=01WgOR41rriMmMkzNsd0UoaxJRwetZdxIvtVk,5.249,其它
CCTV-14,http://223.95.198.3:8000/hls/14/index.m3u8,6.613,其它
CCTV-14,http://124.93.18.239:9003/hls/14/index.m3u8,6.437,其它
CCTV-14,http://111.56.90.5/000000000000/5000000004000006673/1.m3u8,2.184,其它
CCTV-14,http://111.56.90.5/000000000000/1000000001000008170/1.m3u8,3.129,其它
CCTV-14,http://111.56.90.5/000000000000/1000000005000265013/1.m3u8,3.126,其它
CCTV-14,http://183.223.157.33:9901/tsfile/live/0014_1.m3u8?key=txiptv&playlive=1&authid=0,3.461,其它
CCTV-14少儿,https://live.264788.xyz/channel/cctv14?streamid=d97345047af477cfec39d9d99a9e62f8&livekey=01WgOR41rriMmMkzNsd0UoaxJRwetZdxIvtVk,9.806,其它
CCTV-14少儿,https://live.264788.xyz/channel/cctv14?streamid=cabc817805412b81748c942b2dcb39c5&livekey=01WgOR41rriMmMkzNsd0UoaxJRwetZdxIvtVk,8.648,其它
CCTV-14少儿,https://live.264788.xyz/channel/cctv14?streamid=8f369d689a4dd78055143e69e32ce6d8&livekey=01WgOR41rriMmMkzNsd0UoaxJRwetZdxIvtVk,9.502,其它
CCTV-14少儿,https://live.264788.xyz/channel/cctv14?streamid=62f8056147d37ab75d0da292d40c0418&livekey=01WgOR41rriMmMkzNsd0UoaxJRwetZdxIvtVk,9.463,其它
CCTV-14少儿,https://live.264788.xyz/channel/cctv14?streamid=c1b1baab75f3bdd8eece6892ec6b0c8b&livekey=01WgOR41rriMmMkzNsd0UoaxJRwetZdxIvtVk,8.335,其它
CCTV-15,http://223.95.198.3:8000/hls/15/index.m3u8,7.305,其它
CCTV-15,http://111.56.90.5/000000000000/5000000011000031109/1.m3u8,2.109,其它
CCTV-15,http://111.56.90.5/000000000000/1000000002000008163/1.m3u8,2.985,其它
CCTV-15,http://111.56.90.5/000000000000/1000000005000265014/1.m3u8,3.002,其它
CCTV-15音乐,https://live.264788.xyz/channel/cctv15?streamid=487b3ba4a02ac11c8df5b62e9d5e3deb&livekey=01WgOR41rriMmMkzNsd0UoaxJRwetZdxIvtVk,7.607,其它
CCTV-15音乐,https://live.264788.xyz/channel/cctv15?streamid=6d7a6859e22aa51e7c09b29a9f1848d7&livekey=01WgOR41rriMmMkzNsd0UoaxJRwetZdxIvtVk,11.772,其它
CCTV-15音乐,https://live.264788.xyz/channel/cctv15?streamid=bf37f0c53142ac899540c9325d6ed531&livekey=01WgOR41rriMmMkzNsd0UoaxJRwetZdxIvtVk,6.481,其它
CCTV-15音乐,https://live.264788.xyz/channel/cctv15?streamid=0168b85cf8f8079b99ecc4b3d00b20d2&livekey=01WgOR41rriMmMkzNsd0UoaxJRwetZdxIvtVk,5.386,其它
CCTV-15音乐,https://live.264788.xyz/channel/cctv15?streamid=6cb793152bc3feaeb0d36b1f78734e29&livekey=01WgOR41rriMmMkzNsd0UoaxJRwetZdxIvtVk,11.271,其它
CCTV-16,http://223.95.198.3:8000/hls/16/index.m3u8,7.360,其它
CCTV-16,http://111.56.90.5/000000000000/5000000008000023254/1.m3u8,3.327,其它
CCTV-16,http://111.56.90.5/000000000000/1000000006000233002/1.m3u8,3.118,其它
CCTV-16,http://111.56.90.5/000000000000/1000000006000233001/1.m3u8,3.012,其它
CCTV-16奥林匹克,https://live.264788.xyz/channel/cctv16?streamid=d1ef1cb15a9781aecd1fa91d03ab41ac&livekey=01WgOR41rriMmMkzNsd0UoaxJRwetZdxIvtVk,9.083,其它
CCTV-16奥林匹克,https://live.264788.xyz/channel/cctv16?streamid=d8dbfb7e9b4e78fc73baf57e7b53ced6&livekey=01WgOR41rriMmMkzNsd0UoaxJRwetZdxIvtVk,10.063,其它
CCTV-16奥林匹克4K,https://live.264788.xyz/channel/cctv164k?streamid=b8abd3452eecb0e3d19ba6faf2e52d00&livekey=01WgOR41rriMmMkzNsd0UoaxJRwetZdxIvtVk,9.423,其它
CCTV-16奥林匹克4K,https://live.264788.xyz/channel/cctv164k?streamid=a78e16d1a56172e5525dedde279787a3&livekey=01WgOR41rriMmMkzNsd0UoaxJRwetZdxIvtVk,4.424,其它
CCTV-16奥林匹克4K,https://live.264788.xyz/channel/cctv164k?streamid=aac7972bcf1975e8346c9af0508a7c01&livekey=01WgOR41rriMmMkzNsd0UoaxJRwetZdxIvtVk,8.840,其它
CCTV-17,http://223.95.198.3:8000/hls/17/index.m3u8,3.995,其它
CCTV-17,http://120.211.62.180:8000/hls/17/index.m3u8,2.973,其它
CCTV-17,http://124.93.18.239:9003/hls/17/index.m3u8,8.300,其它
CCTV-17,http://111.56.90.5/000000000000/1000000006000268004/1.m3u8,3.116,其它
CCTV-17,http://111.56.90.5/000000000000/1000000005000265015/1.m3u8,3.033,其它
CCTV-17,http://111.56.90.5/000000000000/1000000005000056836/1.m3u8,2.994,其它
CCTV-17农业农村,https://live.264788.xyz/channel/cctv17?streamid=faa6e8dcf39e314823d4ca46e5f4a6c8&livekey=01WgOR41rriMmMkzNsd0UoaxJRwetZdxIvtVk,11.934,其它
CCTV-17农业农村,https://live.264788.xyz/channel/cctv17?streamid=f9c36f1e95b5b35eac89cc89583e7c0a&livekey=01WgOR41rriMmMkzNsd0UoaxJRwetZdxIvtVk,6.137,其它
CCTV-17农业农村,https://live.264788.xyz/channel/cctv17?streamid=f8518c29f7faf4962aefc15ee3420fb0&livekey=01WgOR41rriMmMkzNsd0UoaxJRwetZdxIvtVk,9.119,其它
CCTV-17农业农村,https://live.264788.xyz/channel/cctv17?streamid=12e368efbd799e724c61530988786b16&livekey=01WgOR41rriMmMkzNsd0UoaxJRwetZdxIvtVk,8.419,其它
CCTV-17农业农村,https://live.264788.xyz/channel/cctv17?streamid=348c8c0c04a6d2b900e5a3bcb4af8ce1&livekey=01WgOR41rriMmMkzNsd0UoaxJRwetZdxIvtVk,10.513,其它
CCTV-1综合,https://live.264788.xyz/channel/cctv1?streamid=cccb6b9cad34d95eaf06a39fcf6acd9e&livekey=01WgOR41rriMmMkzNsd0UoaxJRwetZdxIvtVk,11.963,其它
CCTV-1综合,https://live.264788.xyz/channel/cctv1?streamid=40cf2f40582b104fb087535f9601ea19&livekey=01WgOR41rriMmMkzNsd0UoaxJRwetZdxIvtVk,8.874,其它
CCTV-1综合,https://live.264788.xyz/channel/cctv1?streamid=107a756f519973a7e95798c05737a47c&livekey=01WgOR41rriMmMkzNsd0UoaxJRwetZdxIvtVk,10.517,其它
CCTV-1综合,https://live.264788.xyz/channel/cctv1?streamid=0361e56ecb002b71992e2389d940833d&livekey=01WgOR41rriMmMkzNsd0UoaxJRwetZdxIvtVk,8.838,其它
CCTV-1综合,https://live.264788.xyz/channel/cctv1?streamid=b3819637a4c479c8ccd4d25e42eb96ca&livekey=01WgOR41rriMmMkzNsd0UoaxJRwetZdxIvtVk,9.895,其它
CCTV-1综合,https://live.264788.xyz/channel/cctv1?streamid=ae1fc95449a7d4a13c53490cbcae614f&livekey=01WgOR41rriMmMkzNsd0UoaxJRwetZdxIvtVk,9.512,其它
CCTV-2,http://223.95.198.3:8000/hls/2/index.m3u8,7.795,其它
CCTV-2,http://124.93.18.239:9003/hls/2/index.m3u8,7.027,其它
CCTV-2,http://221.7.49.226:50085/tsfile/live/0002_1.m3u8?key=txiptv&playlive=1&authid=0,4.775,其它
CCTV-2,http://120.70.60.179:9901/tsfile/live/1014_1.m3u8?key=txiptv&playlive=1&authid=0,5.591,其它
CCTV-2,http://183.223.157.33:9901/tsfile/live/0002_1.m3u8?key=txiptv&playlive=1&authid=0,2.574,其它
CCTV-2,http://111.56.90.5/000000000000/6000000001000014161/1.m3u8,3.145,其它
CCTV-2,http://111.56.90.5/000000000000/1000000001000023315/1.m3u8,3.141,其它
CCTV-2财经,https://live.264788.xyz/channel/cctv2?streamid=383d98765abf4549a5a799274f495f00&livekey=01WgOR41rriMmMkzNsd0UoaxJRwetZdxIvtVk,10.216,其它
CCTV-2财经,https://live.264788.xyz/channel/cctv2?streamid=da40669354aad7a342bfad794406bd61&livekey=01WgOR41rriMmMkzNsd0UoaxJRwetZdxIvtVk,9.317,其它
CCTV-2财经,https://live.264788.xyz/channel/cctv2?streamid=c3edafc99edcc1ce06b8b70805554284&livekey=01WgOR41rriMmMkzNsd0UoaxJRwetZdxIvtVk,10.099,其它
CCTV-2财经,https://live.264788.xyz/channel/cctv2?streamid=723ba4b322fd8ec423d8f247a6dbe636&livekey=01WgOR41rriMmMkzNsd0UoaxJRwetZdxIvtVk,9.597,其它
CCTV-2财经,https://live.264788.xyz/channel/cctv2?streamid=9d3681a7c74fcc88af7a6e9c998f37a0&livekey=01WgOR41rriMmMkzNsd0UoaxJRwetZdxIvtVk,9.100,其它
CCTV-3,http://120.70.60.179:9901/tsfile/live/1015_1.m3u8?key=txiptv&playlive=1&authid=0,4.231,其它
CCTV-3,http://221.7.49.226:50085/tsfile/live/0003_1.m3u8?key=txiptv&playlive=1&authid=0,2.367,其它
CCTV-3,http://124.93.18.239:9003/hls/3/index.m3u8,5.934,其它
CCTV-3,http://223.95.198.3:8000/hls/3/index.m3u8,8.348,其它
CCTV-3,http://111.56.90.5/000000000000/6000000001000022313/1.m3u8,3.138,其它
CCTV-3,http://111.56.90.5/000000000000/1000000005000265003/1.m3u8,3.036,其它
CCTV-3,http://111.56.90.5/000000000000/1000000001000011218/1.m3u8,3.011,其它
CCTV-3综艺,https://live.264788.xyz/channel/cctv3?streamid=2732ee7572f54fe1c1e6af80a49a6786&livekey=01WgOR41rriMmMkzNsd0UoaxJRwetZdxIvtVk,6.959,其它
CCTV-3综艺,https://live.264788.xyz/channel/cctv3?streamid=4495555c28e027d370ae1c1bba64a72e&livekey=01WgOR41rriMmMkzNsd0UoaxJRwetZdxIvtVk,8.254,其它
CCTV-3综艺,https://live.264788.xyz/channel/cctv3?streamid=d0473114041b533ea069452f29f33588&livekey=01WgOR41rriMmMkzNsd0UoaxJRwetZdxIvtVk,9.533,其它
CCTV-3综艺,https://live.264788.xyz/channel/cctv3?streamid=bf8db09e1cc53a2b7ab59e4f4ed11a20&livekey=01WgOR41rriMmMkzNsd0UoaxJRwetZdxIvtVk,8.926,其它
CCTV-3综艺,https://live.264788.xyz/channel/cctv3?streamid=b56bf50c19821aafefca9f20761908e2&livekey=01WgOR41rriMmMkzNsd0UoaxJRwetZdxIvtVk,6.318,其它
CCTV-3综艺,https://live.264788.xyz/channel/cctv3?streamid=7cf5005abb2cf8ff19569c4e23a386da&livekey=01WgOR41rriMmMkzNsd0UoaxJRwetZdxIvtVk,8.802,其它
CCTV-4,http://223.95.198.3:8000/hls/4/index.m3u8,8.650,其它
CCTV-4,http://124.93.18.239:9003/hls/21/index.m3u8,6.354,其它
CCTV-4,http://120.70.60.179:9901/tsfile/live/1012_1.m3u8?key=txiptv&playlive=1&authid=0,4.661,其它
CCTV-4,http://183.237.240.235:808/hls/5/index.m3u8,3.582,央视 SD（499条）
CCTV-4,http://111.56.90.51/gslbserv.iptv.nm.chinamobile.com/PLTV/88888890/224/3221226340/1.m3u8?fmt=ts2hls,8.003,其它
CCTV-4,http://111.56.90.5/000000000000/1000000002000031664/1.m3u8,2.929,其它
CCTV-4,http://111.56.90.5/000000000000/1000000005000265004/1.m3u8,3.070,其它
CCTV-4K,http://223.95.198.3:8000/hls/18/index.m3u8,8.184,其它
CCTV-4K超高清,https://live.264788.xyz/channel/cctv4k?streamid=ddf7c8a2b9355fd0327077c06958bd0f&livekey=01WgOR41rriMmMkzNsd0UoaxJRwetZdxIvtVk,11.781,其它
CCTV-4K超高清,https://live.264788.xyz/channel/cctv4k?streamid=e391578b03c29555c8769f7b6c4bf02f&livekey=01WgOR41rriMmMkzNsd0UoaxJRwetZdxIvtVk,9.573,其它
CCTV-4K超高清,https://live.264788.xyz/channel/cctv4k?streamid=dc08cf9ff7243e2392ad3c40024e31b8&livekey=01WgOR41rriMmMkzNsd0UoaxJRwetZdxIvtVk,10.835,其它
CCTV-4K超高清,https://live.264788.xyz/channel/cctv4k?streamid=69b8ad870d6e6b638349a2eb5d3c6e98&livekey=01WgOR41rriMmMkzNsd0UoaxJRwetZdxIvtVk,11.358,其它
CCTV-4中文国际,https://live.264788.xyz/channel/cctv4?streamid=6bb35f2f3c97693a24eea0b7469980a4&livekey=01WgOR41rriMmMkzNsd0UoaxJRwetZdxIvtVk,8.900,其它
CCTV-4中文国际,https://live.264788.xyz/channel/cctv4?streamid=58e05ee3e15a2d1956b7443ae4067dfa&livekey=01WgOR41rriMmMkzNsd0UoaxJRwetZdxIvtVk,10.075,其它
CCTV-4中文国际,https://live.264788.xyz/channel/cctv4?streamid=d9c90dcbb55c328cbe6415daad8f9b79&livekey=01WgOR41rriMmMkzNsd0UoaxJRwetZdxIvtVk,7.451,其它
CCTV-4中文国际,https://live.264788.xyz/channel/cctv4?streamid=fd1184358330cda8bca2c2b1e36355f0&livekey=01WgOR41rriMmMkzNsd0UoaxJRwetZdxIvtVk,7.235,其它
CCTV-4中文国际,https://live.264788.xyz/channel/cctv4?streamid=cc1a7c2d76ea7e0ab85515d9318d6a67&livekey=01WgOR41rriMmMkzNsd0UoaxJRwetZdxIvtVk,8.942,其它
CCTV-4中文国际,https://live.264788.xyz/channel/cctv4?streamid=322dde75a155820f409e33444cb6cd15&livekey=01WgOR41rriMmMkzNsd0UoaxJRwetZdxIvtVk,9.833,其它
CCTV-5,http://223.95.198.3:8000/hls/5/index.m3u8,8.293,其它
CCTV-5,http://124.93.18.239:9003/hls/5/index.m3u8,6.580,其它
CCTV-5,http://183.223.157.33:9901/tsfile/live/0005_1.m3u8?key=txiptv&playlive=1&authid=0,2.542,其它
CCTV-5,http://111.56.90.5/000000000000/1000000001000004794/1.m3u8,3.002,其它
CCTV-5,http://111.56.90.5/000000000000/1000000005000265005/1.m3u8,3.140,其它
CCTV-5,http://120.70.60.179:85/tsfile/live/1013_1.m3u8?key=txiptv&playlive=1&authid=0,4.359,其它
CCTV-5+,http://124.93.18.239:9003/hls/18/index.m3u8,7.066,其它
CCTV-5+,http://111.56.90.5/000000000000/1000000001000020505/1.m3u8,3.004,其它
CCTV-5+,http://111.56.90.5/000000000000/6000000001000015875/1.m3u8,3.180,其它
CCTV-5+,http://183.237.71.182:40000/hls/16/index.m3u8,3.557,其它
CCTV-5体育,https://live.264788.xyz/channel/cctv5?streamid=75e09d8ebb5b5dac2dd7ed2dd2f0ecac&livekey=01WgOR41rriMmMkzNsd0UoaxJRwetZdxIvtVk,9.016,其它
CCTV-5体育,https://live.264788.xyz/channel/cctv5?streamid=504fa453c7bb756531e1811917356ce7&livekey=01WgOR41rriMmMkzNsd0UoaxJRwetZdxIvtVk,10.023,其它
CCTV-5体育,https://live.264788.xyz/channel/cctv5?streamid=188da934b8ba25977f0ac6a59478a16b&livekey=01WgOR41rriMmMkzNsd0UoaxJRwetZdxIvtVk,8.556,其它
CCTV-5体育,https://live.264788.xyz/channel/cctv5?streamid=1806e73ac17e1ad9a7f4c7b2dc9abea6&livekey=01WgOR41rriMmMkzNsd0UoaxJRwetZdxIvtVk,5.768,其它
CCTV-6,http://124.93.18.239:9003/hls/6/index.m3u8,7.171,其它
CCTV-6,http://120.70.60.179:9901/tsfile/live/1009_1.m3u8?key=txiptv&playlive=1&authid=0,4.844,其它
CCTV-6,http://223.95.198.3:8000/hls/6/index.m3u8,7.664,其它
CCTV-6,http://111.56.90.5/000000000000/6000000001000004574/1.m3u8,3.122,其它
CCTV-6,http://111.56.90.5/000000000000/1000000005000265006/1.m3u8,3.017,其它
CCTV-6,http://111.56.90.5/000000000000/1000000001000001737/1.m3u8,3.087,其它
CCTV-6电影,https://live.264788.xyz/channel/cctv6?streamid=0ef9fb30ed6fddd913a3226264c374ac&livekey=01WgOR41rriMmMkzNsd0UoaxJRwetZdxIvtVk,8.712,其它
CCTV-6电影,https://live.264788.xyz/channel/cctv6?streamid=6c8f16bfd8cad4d6e8d218cb2dbcf19c&livekey=01WgOR41rriMmMkzNsd0UoaxJRwetZdxIvtVk,11.303,其它
CCTV-6电影,https://live.264788.xyz/channel/cctv6?streamid=96b266d033a2053c5fbd0fea4afae12b&livekey=01WgOR41rriMmMkzNsd0UoaxJRwetZdxIvtVk,9.296,其它
CCTV-6电影,https://live.264788.xyz/channel/cctv6?streamid=cdf2a45cf92cd843c41935b9ad03fdb1&livekey=01WgOR41rriMmMkzNsd0UoaxJRwetZdxIvtVk,10.513,其它
CCTV-6电影,https://live.264788.xyz/channel/cctv6?streamid=c604d1dc88387983185d3a508d55f87f&livekey=01WgOR41rriMmMkzNsd0UoaxJRwetZdxIvtVk,10.090,其它
CCTV-6电影,https://live.264788.xyz/channel/cctv6?streamid=594ab401db67c9a1a87d9419543149ff&livekey=01WgOR41rriMmMkzNsd0UoaxJRwetZdxIvtVk,7.696,其它
CCTV-7,http://223.95.198.3:8000/hls/7/index.m3u8,8.391,其它
CCTV-7,http://221.7.49.226:50085/tsfile/live/0007_1.m3u8?key=txiptv&playlive=1&authid=0,2.649,其它
CCTV-7,http://120.70.60.179:85/tsfile/live/1016_1.m3u8?key=txiptv&playlive=1&authid=0,3.948,其它
CCTV-7,http://120.202.94.181:9446/tsfile/live/0007_1.m3u8?key=txiptv&playlive=0&authid=0,2.025,其它
CCTV-7,http://111.56.90.5/000000000000/6000000001000009055/1.m3u8,3.126,其它
CCTV-7,http://111.56.90.5/000000000000/1000000005000265007/1.m3u8,3.026,其它
CCTV-7,http://111.56.90.5/000000000000/1000000001000024341/1.m3u8,3.164,其它
CCTV-7国防军事,https://live.264788.xyz/channel/cctv7?streamid=479fea30e7639a9aeb0d647c41d49027&livekey=01WgOR41rriMmMkzNsd0UoaxJRwetZdxIvtVk,8.088,其它
CCTV-7国防军事,https://live.264788.xyz/channel/cctv7?streamid=043ecb8ede7fbe890d88633af70d7cb3&livekey=01WgOR41rriMmMkzNsd0UoaxJRwetZdxIvtVk,10.040,其它
CCTV-7国防军事,https://live.264788.xyz/channel/cctv7?streamid=3486ebf3d4e652ede40ade48d653f610&livekey=01WgOR41rriMmMkzNsd0UoaxJRwetZdxIvtVk,11.036,其它
CCTV-7国防军事,https://live.264788.xyz/channel/cctv7?streamid=2816a855aa82363e0025b440f8f75c14&livekey=01WgOR41rriMmMkzNsd0UoaxJRwetZdxIvtVk,6.219,其它
CCTV-7国防军事,https://live.264788.xyz/channel/cctv7?streamid=b2afe5077dfacc2dc295b163201d9f8b&livekey=01WgOR41rriMmMkzNsd0UoaxJRwetZdxIvtVk,11.099,其它
CCTV-7国防军事,https://live.264788.xyz/channel/cctv7?streamid=0153a69238ce5820014fb09aec713799&livekey=01WgOR41rriMmMkzNsd0UoaxJRwetZdxIvtVk,11.614,其它
CCTV-8,http://223.95.198.3:8000/hls/8/index.m3u8,3.078,其它
CCTV-8,http://221.7.49.226:50085/tsfile/live/0008_1.m3u8?key=txiptv&playlive=1&authid=0,4.427,其它
CCTV-8,http://120.70.60.179:9901/tsfile/live/1008_1.m3u8?key=txiptv&playlive=1&authid=0,5.181,其它
CCTV-8,http://111.56.90.5/000000000000/6000000001000001070/1.m3u8,3.131,其它
CCTV-8,http://111.56.90.5/000000000000/1000000005000265008/1.m3u8,3.045,其它
CCTV-8,http://111.56.90.5/000000000000/1000000001000003736/1.m3u8,2.964,其它
CCTV-8电视剧,https://live.264788.xyz/channel/cctv8?streamid=edf72a10a74fdf3c8d3b62e5540c2cf8&livekey=01WgOR41rriMmMkzNsd0UoaxJRwetZdxIvtVk,10.482,其它
CCTV-8电视剧,https://live.264788.xyz/channel/cctv8?streamid=9b256b5d0d7d31d0aa395813a05245f7&livekey=01WgOR41rriMmMkzNsd0UoaxJRwetZdxIvtVk,9.917,其它
CCTV-8电视剧,https://live.264788.xyz/channel/cctv8?streamid=2527d55fd09df3db4f5d3824ddd8b58e&livekey=01WgOR41rriMmMkzNsd0UoaxJRwetZdxIvtVk,7.076,其它
CCTV-8电视剧,https://live.264788.xyz/channel/cctv8?streamid=6a85d271479df7e4105c8edd745b4625&livekey=01WgOR41rriMmMkzNsd0UoaxJRwetZdxIvtVk,9.365,其它
CCTV-9,http://120.70.60.179:9901/tsfile/live/1017_1.m3u8?key=txiptv&playlive=1&authid=0,5.705,其它
CCTV-9,http://223.95.198.3:8000/hls/9/index.m3u8,8.245,其它
CCTV-9,http://111.56.90.5/000000000000/1000000001000014583/1.m3u8,3.113,其它
CCTV-9,http://111.56.90.5/000000000000/6000000001000032162/1.m3u8,3.124,其它
CCTV-9,http://111.56.90.5/000000000000/1000000005000265009/1.m3u8,3.092,其它
CCTV-9纪录,https://live.264788.xyz/channel/cctv9?streamid=9b73d31612fe525017b680bb3dd8071f&livekey=01WgOR41rriMmMkzNsd0UoaxJRwetZdxIvtVk,10.376,其它
CCTV-9纪录,https://live.264788.xyz/channel/cctv9?streamid=556ccb45c4511efcbc1ed351b4b5651a&livekey=01WgOR41rriMmMkzNsd0UoaxJRwetZdxIvtVk,10.167,其它
CCTV-9纪录,https://live.264788.xyz/channel/cctv9?streamid=9fb9358174c897392a181a9405abdfdc&livekey=01WgOR41rriMmMkzNsd0UoaxJRwetZdxIvtVk,11.051,其它
CCTV-9纪录,https://live.264788.xyz/channel/cctv9?streamid=965471f22871b869185fa44895550cf6&livekey=01WgOR41rriMmMkzNsd0UoaxJRwetZdxIvtVk,9.374,其它
CCTV-9纪录,https://live.264788.xyz/channel/cctv9?streamid=25c0a56523dc33289ca79cb0ce6876f5&livekey=01WgOR41rriMmMkzNsd0UoaxJRwetZdxIvtVk,7.186,其它
CCTV-9纪录,https://live.264788.xyz/channel/cctv9?streamid=a1c62cd1a08c871f0139cd4415979edd&livekey=01WgOR41rriMmMkzNsd0UoaxJRwetZdxIvtVk,11.562,其它
CCTV-9纪录,https://live.264788.xyz/channel/cctv9?streamid=70dd04a67e51ded5d77c9d1eda015e64&livekey=01WgOR41rriMmMkzNsd0UoaxJRwetZdxIvtVk,11.606,其它
CCTV-9纪录,https://live.264788.xyz/channel/cctv9?streamid=849c59eb8f64e0b008b7d63ed949bd9a&livekey=01WgOR41rriMmMkzNsd0UoaxJRwetZdxIvtVk,10.140,其它
CCTV-发现之旅,http://223.95.198.3:8000/hls/19/index.m3u8,7.351,其它
CCTV1,http://183.129.255.66:8480/hls/1/index.m3u8,6.707,央视 SD（499条）
CCTV1,http://221.7.49.226:50085/tsfile/live/0001_1.m3u8?key=txiptv&playlive=1&authid=0,8.143,央视 SD（499条）
CCTV1,http://36.136.38.87:9901/tsfile/live/0001_1.m3u8?key=txiptv&playlive=1&authid=0,4.204,央视 SD（499条）
CCTV1,http://114.241.111.4:85/tsfile/live/1/1001_1.m3u8?key=txiptv,4.567,央视 SD（499条）
CCTV1,http://183.223.157.33:9901/tsfile/live/0001_1.m3u8?key=txiptv&playlive=1&authid=0,5.094,央视 SD（499条）
CCTV1,http://112.27.235.94:8000/hls/1/index.m3u8,4.192,央视 SD（499条）
CCTV1,http://36.136.38.87:85/tsfile/live/0001_1.m3u8?key=txiptv&playlive=1&authid=0,4.902,央视 SD（499条）
CCTV1,http://61.184.46.85:85/tsfile/live/0001_1.m3u8?key=txiptv&playlive=1&authid=0,2.629,央视 SD（499条）
CCTV10,http://183.129.255.66:8480/hls/11/index.m3u8,3.490,央视 SD（499条）
CCTV10,http://124.93.18.239:9003/hls/10/index.m3u8,6.808,央视 SD（499条）
CCTV10,http://114.241.111.4:85/tsfile/live/10/1010_1.m3u8?key=txiptv,4.683,央视 SD（499条）
CCTV10,http://221.7.49.226:50085/tsfile/live/0010_1.m3u8?key=txiptv&playlive=1&authid=0,4.822,央视 SD（499条）
CCTV10,http://111.56.90.5/000000000000/5000000004000012827/index.m3u8,2.260,央视 SD（499条）
CCTV10,http://183.62.8.58:50085/tsfile/live/0010_1.m3u8?key=txiptv&playlive=1&authid=0,2.669,央视 SD（499条）
CCTV10,http://nn.7x9d.cn/mk.php?ip=118.212.78.74:8014&id=cctv10,8.149,其它
CCTV10科教,http://61.178.227.57:9901/tsfile/live/0010_1.m3u8?key=txiptv&amp;playlive=1&amp;authid=0,11.206,央视 SD（499条）
CCTV11,http://114.241.111.4:85/tsfile/live/11/1011_1.m3u8?key=txiptv,5.122,央视 SD（499条）
CCTV11,http://111.56.90.5/000000000000/5000000006000040011/index.m3u8,2.521,央视 SD（499条）
CCTV11,http://124.93.18.239:9003/hls/11/index.m3u8,6.561,央视 SD（499条）
CCTV11,http://183.62.8.58:50085/tsfile/live/0011_1.m3u8?key=txiptv&playlive=1&authid=0,3.176,央视 SD（499条）
CCTV11,http://36.136.38.87:85/tsfile/live/0011_1.m3u8?key=txiptv&playlive=1&authid=0,2.330,央视 SD（499条）
CCTV11,http://183.129.255.66:8480/hls/12/index.m3u8,5.693,央视 SD（499条）
CCTV11戏曲,http://61.178.227.57:9901/tsfile/live/1006_1.m3u8?key=txiptv&amp;playlive=1&amp;authid=0,5.840,央视 SD（499条）
CCTV11科戏曲,http://222.214.208.34:59901/tsfile/live/0011_1.m3u8,5.206,其它 SD（412条）
CCTV12,http://114.241.111.4:85/tsfile/live/12/1012_1.m3u8?key=txiptv,4.195,央视 SD（499条）
CCTV12,http://183.129.255.66:8480/hls/13/index.m3u8,5.538,央视 SD（499条）
CCTV12,http://183.62.8.58:50085/tsfile/live/0012_1.m3u8?key=txiptv&playlive=1&authid=0,2.076,央视 SD（499条）
CCTV12,http://61.178.227.57:9901/tsfile/live/0012_1.m3u8?key=txiptv&amp;playlive=1&amp;authid=0,8.171,央视 SD（499条）
CCTV12,http://111.56.90.5/000000000000/5000000011000031107/index.m3u8,2.189,央视 SD（499条）
CCTV13,http://ali-m-l.cztv.com/channels/lantian/channel21/1080p.m3u8,6.101,央视 SD（499条）
CCTV13,http://124.93.18.239:9003/hls/13/index.m3u8,6.183,央视 SD（499条）
CCTV13,http://114.241.111.4:85/tsfile/live/13/1013_1.m3u8?key=txiptv,5.258,央视 SD（499条）
CCTV13,http://183.62.8.58:50085/tsfile/live/0013_1.m3u8?key=txiptv&playlive=1&authid=0,3.890,央视 SD（499条）
CCTV13,http://183.129.255.66:8480/hls/14/index.m3u8,7.610,央视 SD（499条）
CCTV13,http://111.56.90.5/000000000000/5000000005000001827/index.m3u8,2.706,央视 SD（499条）
CCTV13,https://event.pull.hebtv.com/jishi/cp1.m3u8,6.449,其它
CCTV13,https://stream1.freetv.fun/45f42d1a050cf53e2d50d82e9c5091876cc2c2a46d16ada78a48b171e214bba7.m3u8,8.636,其它
CCTV13新闻,http://61.178.227.57:9901/tsfile/live/0013_1.m3u8?key=txiptv&amp;playlive=1&amp;authid=0,3.594,央视 SD（499条）
CCTV13新闻1080p,http://39.152.103.17:8089/tsfile/live/1012_1.m3u8,2.075,其它 SD（412条）
CCTV13超清,http://pull-hls-f11.douyincdn.com/media/stream-695553383939179180.m3u8?arch_hrchy=w1&exp_hrchy=w1&expire=1775812647&major_anchor_level=common&sign=a16a13163e5a1bb150e2fdd5448bc59d&t_id=037-2026040317172716CCE7A11D64BD3CD9C0-IOLuIy,2.817,其它
CCTV14,http://114.241.111.4:85/tsfile/live/14/1014_1.m3u8?key=txiptv,4.600,央视 SD（499条）
CCTV14,http://183.62.8.58:50085/tsfile/live/0014_1.m3u8?key=txiptv&playlive=1&authid=0,3.006,央视 SD（499条）
CCTV14,http://111.56.90.5/000000000000/5000000004000006673/index.m3u8,2.280,央视 SD（499条）
CCTV14,https://event.pull.hebtv.com/jishi/cp2.m3u8,7.018,其它
CCTV14,http://livea-ori.huarentv.live:14989,2.076,其它
CCTV14,http://183.129.255.66:8480/hls/15/index.m3u8,6.468,其它
CCTV14,https://stream1.freetv.fun/83461ebfd58cb4e8f2b1f8582cec3c09dfaf945443cc97f13750342a92d55b41.m3u8,8.992,其它
CCTV14,http://120.211.62.180:8000/hls/14/index.m3u8,2.013,其它
CCTV14少儿,http://61.178.227.57:9901/tsfile/live/1004_1.m3u8?key=txiptv&amp;playlive=1&amp;authid=0,5.735,央视 SD（499条）
CCTV15,http://183.62.8.58:50085/tsfile/live/0015_1.m3u8?key=txiptv&playlive=1&authid=0,3.228,央视 SD（499条）
CCTV15,http://111.56.90.5/000000000000/8203666801302077036/index.m3u8,2.575,央视 SD（499条）
CCTV15,http://114.241.111.4:85/tsfile/live/15/1015_1.m3u8?key=txiptv,4.417,央视 SD（499条）
CCTV15,http://124.93.18.239:9003/hls/15/index.m3u8,6.949,央视 SD（499条）
CCTV15音乐,http://61.178.227.57:9901/tsfile/live/1000_1.m3u8?key=txiptv&amp;playlive=1&amp;authid=0,7.654,央视 SD（499条）
CCTV16,http://183.129.255.66:8480/hls/17/index.m3u8,6.457,央视 SD（499条）
CCTV16,http://124.93.18.239:9003/hls/16/index.m3u8,6.098,央视 SD（499条）
CCTV17,http://111.56.90.5/000000000000/5000000011000288014/index.m3u8,3.180,央视 SD（499条）
CCTV17,http://61.178.227.57:9901/tsfile/live/0142_1.m3u8?key=txiptv&amp;playlive=1&amp;authid=0,8.200,央视 SD（499条）
CCTV17,http://183.223.157.33:9901/tsfile/live/0016_1.m3u8?key=txiptv&playlive=1&authid=0,7.791,央视 SD（499条）
CCTV17,http://183.129.255.66:8480/hls/18/index.m3u8,7.108,央视 SD（499条）
CCTV1综合,http://61.178.227.57:9901/tsfile/live/0001_1.m3u8?key=txiptv&amp;playlive=1&amp;authid=0,10.963,央视 SD（499条）
CCTV1综合,http://play.kankanlive.com/live/1698234869325962.m3u8,5.026,其它
CCTV1综合,http://nn.7x9d.cn/mk.php?ip=118.212.78.74:8014&id=cctv1,6.996,其它
CCTV1综合,http://119.91.7.169:2026/ysws.php?id=CCTV1,2.128,其它
CCTV2,http://183.129.255.66:8480/hls/2/index.m3u8,5.852,央视 SD（499条）
CCTV2,http://114.241.111.4:85/tsfile/live/2/1002_1.m3u8?key=txiptv,4.937,央视 SD（499条）
CCTV2,http://36.136.38.87:9901/tsfile/live/0002_1.m3u8?key=txiptv&playlive=1&authid=0,5.113,央视 SD（499条）
CCTV2,http://120.70.60.179:85/tsfile/live/1014_1.m3u8?key=txiptv&playlive=1&authid=0,5.420,央视 SD（499条）
CCTV2,http://36.136.38.87:85/tsfile/live/0002_1.m3u8?key=txiptv&playlive=1&authid=0,4.637,央视 SD（499条）
CCTV2-财经,http://nn.7x9d.cn/mk.php?ip=118.212.78.74:8014&id=cctv2,7.104,其它
CCTV2-财经,http://119.91.7.169:2026/ysws.php?id=CCTV2,2.176,其它
CCTV2财经,http://61.178.227.57:9901/tsfile/live/0002_1.m3u8?key=txiptv&amp;playlive=1&amp;authid=0,8.115,央视 SD（499条）
CCTV3,http://183.129.255.66:8480/hls/3/index.m3u8,8.125,央视 SD（499条）
CCTV3,http://114.241.111.4:85/tsfile/live/3/1003_1.m3u8?key=txiptv,5.295,央视 SD（499条）
CCTV3,http://111.56.90.5/000000000000/5000000002000020548/index.m3u8,2.927,央视 SD（499条）
CCTV3,http://183.62.8.58:50085/tsfile/live/0003_1.m3u8?key=txiptv&playlive=1&authid=0,2.349,央视 SD（499条）
CCTV3,http://112.27.235.94:8000/hls/3/index.m3u8,8.249,央视 SD（499条）
CCTV3,http://222.169.85.8:9901/tsfile/live/0003_1.m3u8?key=txiptv&playlive=1&authid=0,2.225,其它
CCTV3-综艺,http://nn.7x9d.cn/mk.php?ip=118.212.78.74:8014&id=cctv3,6.684,其它
CCTV3综艺,http://61.178.227.57:9901/tsfile/live/0003_1.m3u8?key=txiptv&amp;playlive=1&amp;authid=0,11.847,央视 SD（499条）
CCTV4,http://124.93.18.239:9003/hls/4/index.m3u8,6.427,央视 SD（499条）
CCTV4,http://114.241.111.4:85/tsfile/live/4/1004_1.m3u8?key=txiptv,4.578,央视 SD（499条）
CCTV4,http://111.56.90.51/gslbserv.iptv.nm.chinamobile.com/PLTV/88888890/224/3221226340/1.m3u8?fmt=ts2hls$2160p,7.936,央视 SD（499条）
CCTV4,http://183.62.8.58:50085/tsfile/live/0004_1.m3u8?key=txiptv&playlive=1&authid=0,2.170,央视 SD（499条）
CCTV4,http://36.136.38.87:85/tsfile/live/0004_1.m3u8?key=txiptv&playlive=1&authid=0,6.208,央视 SD（499条）
CCTV4,http://36.136.38.87:9901/tsfile/live/0004_1.m3u8?key=txiptv&playlive=1&authid=0,4.528,央视 SD（499条）
CCTV4K,http://111.56.90.50/gslbserv.iptv.nm.chinamobile.com/PLTV/88888890/224/3221226340/1.m3u8?fmt=ts2hls$2160p,7.955,央视 4D/超高清（4条）
CCTV4K,http://111.56.90.48/gslbserv.iptv.nm.chinamobile.com/PLTV/88888890/224/3221226340/1.m3u8?fmt=ts2hls$2160p,7.969,央视 4D/超高清（4条）
CCTV4中文国际,http://61.178.227.57:9901/tsfile/live/0004_1.m3u8?key=txiptv&amp;playlive=1&amp;authid=0,7.012,央视 SD（499条）
CCTV5,http://183.129.255.66:8480/hls/5/index.m3u8,5.592,央视 SD（499条）
CCTV5,http://114.241.111.4:85/tsfile/live/5/1005_1.m3u8?key=txiptv,4.876,央视 SD（499条）
CCTV5,http://221.7.49.226:50085/tsfile/live/0005_1.m3u8?key=txiptv&playlive=1&authid=0,2.462,央视 SD（499条）
CCTV5,http://111.56.90.5/000000000000/5000000004000008885/index.m3u8,2.344,央视 SD（499条）
CCTV5,http://183.62.8.58:50085/tsfile/live/0005_1.m3u8?key=txiptv&playlive=1&authid=0,3.508,央视 SD（499条）
CCTV5,http://120.70.60.179:9901/tsfile/live/1013_1.m3u8?key=txiptv&playlive=1&authid=0,5.121,央视 SD（499条）
CCTV5,http://120.202.94.181:9446/tsfile/live/0005_1.m3u8?key=txiptv&playlive=0&authid=0,2.810,央视 SD（499条）
CCTV5,http://gfr.x3322.net:9901/tsfile/live/1004_1.m3u8,4.155,其它
CCTV5+,http://61.178.227.57:9901/tsfile/live/0141_1.m3u8?key=txiptv&amp;playlive=1&amp;authid=0,11.219,央视 SD（499条）
CCTV5+,http://183.129.255.66:8480/hls/6/index.m3u8,3.322,央视 SD（499条）
CCTV5+,http://114.241.111.4:85/tsfile/live/23/1023_1.m3u8?key=txiptv,3.289,央视 SD（499条）
CCTV5-体育,http://nn.7x9d.cn/mk.php?ip=118.212.78.74:8014&id=cctv5,6.493,其它
CCTV5体育,http://61.178.227.57:9901/tsfile/live/0005_1.m3u8?key=txiptv&amp;playlive=1&amp;authid=0,11.438,央视 SD（499条）
CCTV6,http://114.241.111.4:85/tsfile/live/6/1006_1.m3u8?key=txiptv,3.922,央视 SD（499条）
CCTV6,http://111.56.90.5/000000000000/5000000004000008886/index.m3u8,2.174,央视 SD（499条）
CCTV6,http://183.62.8.58:50085/tsfile/live/0006_1.m3u8?key=txiptv&playlive=1&authid=0,3.592,央视 SD（499条）
CCTV6,http://nn.7x9d.cn/mk.php?ip=118.212.78.74:8014&id=cctv6,7.279,其它
CCTV6电影,http://61.178.227.57:9901/tsfile/live/0006_1.m3u8?key=txiptv&amp;playlive=1&amp;authid=0,7.981,央视 SD（499条）
CCTV7,http://gslbserv.itv.cmvideo.cn:80/1.m3u8?channel-id=FifastbLive&Contentid=3000000010000011518&livemode=1&stbId=yu&mode=1&$5M,10.901,央视 SD（499条）
CCTV7,http://183.129.255.66:8480/hls/8/index.m3u8,4.815,央视 SD（499条）
CCTV7,http://124.93.18.239:9003/hls/7/index.m3u8,7.753,央视 SD（499条）
CCTV7,http://114.241.111.4:85/tsfile/live/7/1007_1.m3u8?key=txiptv,4.783,央视 SD（499条）
CCTV7,http://36.136.38.87:85/tsfile/live/0007_1.m3u8?key=txiptv&playlive=1&authid=0,4.646,央视 SD（499条）
CCTV7,http://nn.7x9d.cn/mk.php?ip=118.212.78.74:8014&id=cctv7,8.161,其它
CCTV7-军事农业,http://119.91.7.169:2026/ysws.php?id=CCTV7,2.053,央视 SD（499条）
CCTV7军农,http://61.178.227.57:9901/tsfile/live/0007_1.m3u8?key=txiptv&amp;playlive=1&amp;authid=0,6.718,央视 SD（499条）
CCTV8,http://114.241.111.4:85/tsfile/live/8/1008_1.m3u8?key=txiptv,4.121,央视 SD（499条）
CCTV8,http://112.27.235.94:8000/hls/9/index.m3u8,4.713,央视 SD（499条）
CCTV8,http://183.129.255.66:8480/hls/9/index.m3u8,2.980,央视 SD（499条）
CCTV8,http://120.70.60.179:85/tsfile/live/1008_1.m3u8?key=txiptv&playlive=1&authid=0,4.680,央视 SD（499条）
CCTV8,http://111.56.90.5/000000000000/5000000004000008888/index.m3u8,2.228,央视 SD（499条）
CCTV8,http://183.62.8.58:50085/tsfile/live/0008_1.m3u8?key=txiptv&playlive=1&authid=0,2.899,央视 SD（499条）
CCTV8,http://nn.7x9d.cn/mk.php?ip=118.212.78.74:8014&id=cctv8,8.431,其它
CCTV8电视剧,http://61.178.227.57:9901/tsfile/live/0008_1.m3u8?key=txiptv&amp;playlive=1&amp;authid=0,10.484,央视 SD（499条）
CCTV9,http://124.93.18.239:9003/hls/9/index.m3u8,6.465,央视 SD（499条）
CCTV9,http://221.7.49.226:50085/tsfile/live/0009_1.m3u8?key=txiptv&playlive=1&authid=0,7.953,央视 SD（499条）
CCTV9,http://183.129.255.66:8480/hls/10/index.m3u8,7.076,央视 SD（499条）
CCTV9,http://183.62.8.58:50085/tsfile/live/0009_1.m3u8?key=txiptv&playlive=1&authid=0,2.533,央视 SD（499条）
CCTV9,http://120.70.60.179:85/tsfile/live/1017_1.m3u8?key=txiptv&playlive=1&authid=0,3.894,央视 SD（499条）
CCTV9,http://nn.7x9d.cn/mk.php?ip=118.212.78.74:8014&id=cctv9,9.322,其它
CCTV9纪录,http://61.178.227.57:9901/tsfile/live/0009_1.m3u8?key=txiptv&amp;playlive=1&amp;authid=0,9.907,央视 SD（499条）
CCTV元宵节晚会,https://res.cctvnews.cctv.com/record/cctv/merge3/2026-03-03T12_00_01Z_2026-03-03T13_56_16Z.m3u8,2.773,央视 SD（499条）
CCTV央视台球,http://124.93.18.239:9003/hls/20/index.m3u8,5.704,央视 SD（499条）
CCTV女性时尚,http://39.152.103.17:8089/tsfile/live/1068_1.m3u8?key=txiptv&playlive=1&down=1,2.249,央视 SD（499条）
CCTV美洲,http://124.93.18.239:9003/hls/22/index.m3u8,6.818,央视 SD（499条）
CCTV高尔夫,http://124.93.18.239:9003/hls/19/index.m3u8,7.306,央视 SD（499条）
CEC国际健康,http://play.cec-tv.com.cn/channel/cec-tv4.m3u8,2.817,其它
CEC国际教育,http://play.cec-tv.com.cn/channel/cec-tv3.m3u8,4.811,其它
CEC汉语文化,http://play.cec-tv.com.cn/channel/cec-tv1.m3u8,5.684,其它
CETV-1综合教育,https://live.264788.xyz/channel/cetv1?streamid=5499155e72ecb123c418911e60349380&livekey=01WgOR41rriMmMkzNsd0UoaxJRwetZdxIvtVk,4.755,其它
CETV-1综合教育,https://live.264788.xyz/channel/cetv1?streamid=6e67c7cdc5f94ba4b224cf1b9e931feb&livekey=01WgOR41rriMmMkzNsd0UoaxJRwetZdxIvtVk,10.900,其它
CETV-1综合教育,https://live.264788.xyz/channel/cetv1?streamid=f1777f794d92011bba4f6796c0573287&livekey=01WgOR41rriMmMkzNsd0UoaxJRwetZdxIvtVk,11.647,其它
CETV-1综合教育,https://live.264788.xyz/channel/cetv1?streamid=f4b36de9e0ed50412e1fe3fbed4262a8&livekey=01WgOR41rriMmMkzNsd0UoaxJRwetZdxIvtVk,8.592,其它
CETV-1综合教育,https://live.264788.xyz/channel/cetv1?streamid=dedc96e3bc3a461b92ccfc071786345a&livekey=01WgOR41rriMmMkzNsd0UoaxJRwetZdxIvtVk,9.875,其它
CETV-2教育教学,https://live.264788.xyz/channel/cetv2?streamid=ebf5462131d3e76e622e46655e76f647&livekey=01WgOR41rriMmMkzNsd0UoaxJRwetZdxIvtVk,8.085,其它
CETV-2教育教学,https://live.264788.xyz/channel/cetv2?streamid=54effc2c015b2dc5a4c21e27f9482b50&livekey=01WgOR41rriMmMkzNsd0UoaxJRwetZdxIvtVk,7.521,其它
CETV-2教育教学,https://live.264788.xyz/channel/cetv2?streamid=e3c639a9c0417b3859ab24d19854970d&livekey=01WgOR41rriMmMkzNsd0UoaxJRwetZdxIvtVk,8.349,其它
CETV-2教育教学,https://live.264788.xyz/channel/cetv2?streamid=156ca9117d83b0d5a87b70c68b170784&livekey=01WgOR41rriMmMkzNsd0UoaxJRwetZdxIvtVk,10.861,其它
CETV-4职业教育,https://live.264788.xyz/channel/cetv4?streamid=e59a87051a23e70196026588f9469050&livekey=01WgOR41rriMmMkzNsd0UoaxJRwetZdxIvtVk,9.096,其它
CETV-4职业教育,https://live.264788.xyz/channel/cetv4?streamid=6bf23a89936db0d5196397a59a385599&livekey=01WgOR41rriMmMkzNsd0UoaxJRwetZdxIvtVk,8.134,其它
CETV-4职业教育,https://live.264788.xyz/channel/cetv4?streamid=37d60172a2bbb0d41f072d29213e6264&livekey=01WgOR41rriMmMkzNsd0UoaxJRwetZdxIvtVk,7.274,其它
CETV1,http://111.56.90.5/000000000000/6000000003000018981/1.m3u8,2.728,其它
CETV1,http://120.198.95.220:9901/tsfile/live/1039_1.m3u8?key=txiptv,2.849,其它
CETV1,http://111.56.90.5/000000000000/1000000002000027253/1.m3u8,2.954,其它
CETV2,http://111.56.90.5/000000000000/1000000005000266004/1.m3u8,2.961,其它
CETV4,http://111.56.90.5/000000000000/1000000005000025333/1.m3u8,2.971,其它
CETV4,http://111.56.90.5/000000000000/5000000011000031126/1.m3u8,3.139,其它
CGNT 新闻频道,https://english-livebkali.cgtn.com/live/encgtn_0.m3u8,8.220,其它 SD（412条）
CGNTV Chinese (1080p),https://d3e05csss9c272.cloudfront.net/out/v1/f0bf71c57581470fb9379f603e8f5d83/CGNWebLiveCN.m3u8,4.140,其它 高清/HD（158条）
CGTN,http://112.27.235.94:8000/hls/17/index.m3u8,5.397,其它
CGTN (1080p),https://english-livebkali.cgtn.com/live/encgtn.m3u8,3.771,其它
CGTN Arabic (1080p) [Not 24/7],https://arabic-livews.cgtn.com/hls/LSveq57bErWLinBnxosqjisZ220802LSTefTAS9zc9mpU08y3np9TH220802cd/playlist.m3u8,22.567,其它 高清/HD（158条）
CGTN Documentary (1080p) [Not 24/7],https://english-livebkali.cgtn.com/live/doccgtn.m3u8,4.129,其它 高清/HD（158条）
CGTN Español (1080p),https://espanol-livews.cgtn.com/hls/LSveOGBaBw41Ea7ukkVAUdKQ220802LSTexu6xAuFH8VZNBLE1ZNEa220802cd/playlist.m3u8,7.999,其它 高清/HD（158条）
CGTN Français (1080p) [Not 24/7],https://francais-livews.cgtn.com/hls/LSvev95OuFZtKLc6CeKEFYXj220802LSTeV6PO0Ut9r71Uq3k5goCA220802cd/playlist.m3u8,26.222,其它 高清/HD（158条）
CGTN Русский (1080p),https://russian-livews.cgtn.com/hls/LSvexABhNipibK5KRuUkvHZ7220802LSTeze9o8tdFXMHsb1VosgoT220802cd/playlist.m3u8,18.941,其它 高清/HD（158条）
CGTN 俄语,http://111.56.90.5/000000000000/1000000006000280004/index.m3u8,3.043,其它
CGTN 纪录,http://111.56.90.5/000000000000/8428799834696888424/index.m3u8,2.613,其它
CGTN 西班牙语,http://111.56.90.5/000000000000/1000000006000280002/index.m3u8,2.973,其它
CGTN 阿拉伯语,http://111.56.90.5/000000000000/1000000006000280001/index.m3u8,2.971,其它
CGTN2,https://english-livetx.cgtn.com/hls/yypdyyctzb_hd.m3u8,5.153,其它
CGTN俄语,https://russian-livews.CGTN.com/hls/LSvexABhNipibK5KRuUkvHZ7220802LSTeze9o8tdFXMHsb1VosgoT220802cd/playlist.m3u8,26.605,其它 SD（412条）
CGTN俄语,http://russian-livews.cgtn.com/hls/LSvexABhNipibK5KRuUkvHZ7220802LSTeze9o8tdFXMHsb1VosgoT220802cd.m3u8,57.494,其它
CGTN俄语,https://0472.org/hls/cgtne.m3u8,29.701,其它
CGTN新闻,https://live.264788.xyz/channel/cgtn?streamid=7184e7d2198478ebe4505b02e490522d&livekey=01WgOR41rriMmMkzNsd0UoaxJRwetZdxIvtVk,10.817,其它
CGTN新闻,https://live.264788.xyz/channel/cgtn?streamid=449ceee2276fb50f7fa3c15d86686ead&livekey=01WgOR41rriMmMkzNsd0UoaxJRwetZdxIvtVk,8.542,其它
CGTN新闻,https://live.264788.xyz/channel/cgtn?streamid=36226196c651187b6e80ba8ecb4b2552&livekey=01WgOR41rriMmMkzNsd0UoaxJRwetZdxIvtVk,10.194,其它
CGTN新闻,https://live.264788.xyz/channel/cgtn?streamid=8be8d91572831eb6faabd0addc70f444&livekey=01WgOR41rriMmMkzNsd0UoaxJRwetZdxIvtVk,10.821,其它
CGTN法语,https://francais-livews.CGTN.com/hls/LSvev95OuFZtKLc6CeKEFYXj220802LSTeV6PO0Ut9r71Uq3k5goCA220802cd/playlist.m3u8,27.059,其它 SD（412条）
CGTN法语,http://espanol-liveali.cgtn.com/hls/LSveOGBaBw41Ea7ukkVAUdKQ220802LSTexu6xAuFH8VZNBLE1ZNEa220802cd.m3u8,32.230,其它
CGTN法语,https://0472.org/hls/cgtnf.m3u8,22.838,其它
CGTN法语,https://live.264788.xyz/channel/cgtnfrench?streamid=7e2be1e2e2c1ab23745c505826766b38&livekey=01WgOR41rriMmMkzNsd0UoaxJRwetZdxIvtVk,9.951,其它
CGTN法语,https://live.264788.xyz/channel/cgtnfrench?streamid=e9541a3ca2de1af6d9024349b1a9dd3b&livekey=01WgOR41rriMmMkzNsd0UoaxJRwetZdxIvtVk,8.820,其它
CGTN纪录,https://english-livetx.cgtn.com/hls/yypdjlctzb_hd.m3u8,8.087,其它
CGTN纪录,https://0472.org/hls/cgtnd.m3u8,8.839,其它
CGTN纪录,https://live.264788.xyz/channel/cgtndocumentary?streamid=ec5fb324cab2d33b91ca40cdb80755ec&livekey=01WgOR41rriMmMkzNsd0UoaxJRwetZdxIvtVk,11.031,其它
CGTN英语,http://english-livetx.cgtn.com/hls/yypdyyctzb_hd.m3u8,9.858,其它
CGTN西语,https://espanol-liveali.CGTN.com/hls/LSveOGBaBw41Ea7ukkVAUdKQ220802LSTexu6xAuFH8VZNBLE1ZNEa220802cd/playlist.m3u8,25.302,其它 SD（412条）
CGTN记录,https://0472.org/hls/cgtnd.m3u8?3.24.120:5140,9.828,其它
CGTN阿语,https://arabic-liveali.CGTN.com/hls/LSveq57bErWLinBnxosqjisZ220802LSTefTAS9zc9mpU08y3np9TH220802cd/playlist.m3u8,23.621,其它 SD（412条）
CGTN阿语,https://0472.org/hls/cgtna.m3u8?3.24.160:5140,23.459,其它
CHC动作电影,https://live.264788.xyz/channel/chcdongzuodianying?streamid=93acb2d859f1483a3fe6f3a46516506f&livekey=01WgOR41rriMmMkzNsd0UoaxJRwetZdxIvtVk,6.266,其它
CHC动作电影,https://live.264788.xyz/channel/chcdongzuodianying?streamid=87c13b6e841ed5039d4c2ce8f266f9ef&livekey=01WgOR41rriMmMkzNsd0UoaxJRwetZdxIvtVk,5.767,其它
CHC家庭影院,https://live.264788.xyz/channel/chcjiatingyingyuan?streamid=793fab686a474d798d627cd73c70d613&livekey=01WgOR41rriMmMkzNsd0UoaxJRwetZdxIvtVk,9.107,其它
CHC家庭影院,https://live.264788.xyz/channel/chcjiatingyingyuan?streamid=136f530a61d26dc0f670f39f05291586&livekey=01WgOR41rriMmMkzNsd0UoaxJRwetZdxIvtVk,9.401,其它
CHC影迷电影,https://live.264788.xyz/channel/chcyingmidianying?streamid=cba6f50f29e98905aa48ac42cd5864c8&livekey=01WgOR41rriMmMkzNsd0UoaxJRwetZdxIvtVk,6.138,其它
CHC影迷电影,https://live.264788.xyz/channel/chcyingmidianying?streamid=af62547c4c8be0ef4a658f4b4853388f&livekey=01WgOR41rriMmMkzNsd0UoaxJRwetZdxIvtVk,4.707,其它
CNA新闻,https://d2e1asnsl7br7b.cloudfront.net/7782e205e72f43aeb4a48ec97f66ebbe/index_5.m3u8,2.882,其它
CNA新闻,http://d2e1asnsl7br7b.cloudfront.net/7782e205e72f43aeb4a48ec97f66ebbe/index_4.m3u8?zshijd,2.742,其它 SD（412条）
Chifeng Comprehensive News Chanel,http://play1-qk.nmtv.cn/live/1735546697341033.m3u8,2.103,欧美 SD（41条）
Colbie Caillat-Try,https://www.iesdouyin.com/aweme/v1/playwm/?video_id=v0d00fg10000ckblmvrc77u7sbpm2vjg&ratio=720p&line=0,28.286,其它
Creepin' Up On You,https://www.iesdouyin.com/aweme/v1/playwm/?video_id=v0200fg10000cq5ji0vog65vhisof6m0&ratio=720p&line=0,18.908,其它
Cry On My Shoulder,https://www.iesdouyin.com/aweme/v1/playwm/?video_id=v0200f560000bt8c31an6tf9cl2gpmsg&ratio=720p&line=0,9.546,其它
DJ《我们不再是从前》,https://vd2.bdstatic.com/mda-mhne550wq5m66zvj/1080p/cae_h264/1629803514331462220/mda-mhne550wq5m66zvj.mp4,2.055,其它
DJ劲爆舞曲《在我心里有个你》《东南西北风》《一万个对不起》等HD,https://vdse.bdstatic.com//8343b02f5e7465d4c5b07e54403438b8.mp4,2.277,其它
DJ小薇,https://vd3.bdstatic.com/mda-nd6jimimnfwyjuar/sc/cae_h264_delogo/1649345922829980302/mda-nd6jimimnfwyjuar.mp4,2.472,其它
DJ情歌,https://vd2.bdstatic.com/mda-mm67ychk60q5n0d1/sc/cae_h264/1638893384360470440/mda-mm67ychk60q5n0d1.mp4,2.225,其它
DJ情歌8首,https://vd2.bdstatic.com/mda-mk7hhug7aprk2806/sc/cae_h264/1636496746808750167/mda-mk7hhug7aprk2806.mp4,2.454,其它
DJ情火拥抱你离去,https://vd3.bdstatic.com/mda-nd3gy7ukv0reh4xv/sc/cae_h264_delogo/1649115109025912038/mda-nd3gy7ukv0reh4xv.mp4,2.993,其它
DJ我们不再是从前,https://vd2.bdstatic.com/mda-mhne550wq5m66zvj/1080p/cae_h264/1629803514331462220/mda-mhne550wq5m66zvj.mp4?token=83cf558ec99275b40b47b1388ec236d2,2.055,其它
DJ歌曲劲歌热舞提神醒目,https://vd3.bdstatic.com/mda-ncf25mrs5bm53k6j/sc/cae_h264_delogo/1647396409036292673/mda-ncf25mrs5bm53k6j.mp4,2.190,其它
DJ流浪兄弟,https://vd2.bdstatic.com/mda-mhrdtax1km0idkc5/1080p/cae_h264/1629972852606533219/mda-mhrdtax1km0idkc5.mp4,2.964,其它
DJ版《三月里的小雨》,https://vd2.bdstatic.com/mda-mgwegh0bzv4cy6cb/1080p/cae_h264/1627727251470197083/mda-mgwegh0bzv4cy6cb.mp4,2.512,其它
DJ版《时间会知道你好不好》,https://vd3.bdstatic.com/mda-mhairve7gvye1192/1080p/cae_h264/1629457148988604256/mda-mhairve7gvye1192.mp4,2.138,其它
DJ等爱的玫瑰,https://vd2.bdstatic.com/mda-jfsusw53dxs6kyvc/sc/mda-jfsusw53dxs6kyvc.mp4,2.673,其它
DJ舞曲《让我做你的眼睛》,https://vd2.bdstatic.com/mda-mhaargrart2qrkdz/1080p/cae_h264/1629630942996744682/mda-mhaargrart2qrkdz.mp4,2.016,其它
DJ舞曲串烧点播,https://txmov2.a.kwimgs.com/bs3/video-hls/5259923016524978973_hlsb.m3u8,6.843,其它
DJ酒醉风雨情伤心,https://vd4.bdstatic.com/mda-nd1a4zuxf78py830/sc/cae_h264_delogo/1649003829932795060/mda-nd1a4zuxf78py830.mp4,2.640,其它
Dance Monkey,https://www.iesdouyin.com/aweme/v1/playwm/?video_id=v0200f310000bt8c334lftubd6erba3g&ratio=720p&line=0,3.824,其它
Dancer in the dark,https://www.iesdouyin.com/aweme/v1/playwm/?video_id=v0200fg10000c7qaabrc77ucr5apups0&ratio=720p&line=0,8.278,其它
Dreamcatcher,https://vd3.bdstatic.com/mda-mbiqgzsnfeyv74y6/v1-cae/1080p/mda-mbiqgzsnfeyv74y6.mp4,4.025,其它
Duck TV兒童卡通,http://iptv.4666888.xyz/iptv2A.php?id=39,2.598,其它
Dusk Till Dawn,https://www.iesdouyin.com/aweme/v1/playwm/?video_id=v0200fg10000cp9tgnnog65mqc12febg&ratio=720p&line=0,37.044,其它
Electric Now (1080p) [Not 24/7],https://elec-en.otteravision.com/elec/en/elec_en.m3u8,2.344,其它 高清/HD（158条）
Electro风格全粤语女声串烧DJ,https://www.iesdouyin.com/aweme/v1/playwm/?video_id=v1e00fgi0000ct65p5fog65r7qkgveu0&ratio=720p&line=0,18.614,其它
F4-决不能失去你,https://www.iesdouyin.com/aweme/v1/play/?video_id=v0200fg10000clpfsjbc77u46m77t630&ratio=720p&line=0,17.929,其它
F4-决不能失去你,https://www.iesdouyin.com/aweme/v1/playwm/?video_id=v0200fg10000clpfsjbc77u46m77t630&ratio=720p&line=0,17.880,其它
F4-流星雨,https://www.iesdouyin.com/aweme/v1/play/?video_id=v0300fg10000ctps9ffog65q3ledq7i0&ratio=720p&line=0,17.668,其它
F4-流星雨,https://www.iesdouyin.com/aweme/v1/playwm/?video_id=v0300fg10000ctps9ffog65q3ledq7i0&ratio=720p&line=0,19.037,其它
FOX 23 Cape Girardeau MO (KBSI-DT1) (720p)[Not 24/7],https://live.field59.com/kbsi/kbsi1/playlist.m3u8,4.959,其它
Fool for you,https://www.iesdouyin.com/aweme/v1/playwm/?video_id=v0200fg10000cp79alnog65ukeu0tka0&ratio=720p&line=0,13.299,其它
Free Loop,https://www.iesdouyin.com/aweme/v1/playwm/?video_id=v0200fd90000bu2n37d2kepoqmgibfng&ratio=720p&line=0,26.802,其它
Future TV (1080p),https://live.kwikmotion.com/futurelive/ftv.smil/playlist.m3u8,3.542,其它 高清/HD（158条）
GCN教会,http://liveko24-manminglobal3.ktcdn.co.kr/liveko24/gcnko_high/chunklist.m3u8,2.116,其它
Gospel Broadcasting Network (GBN) (1080p),https://cdn3.wowza.com/5/Ny9jK1A1Q3h4N1VZ/live/myStream/playlist.m3u8,7.243,欧美 高清/HD（15条）
I Wanted You,https://www.iesdouyin.com/aweme/v1/playwm/?video_id=v0200fg10000cpchumnog65q36id9o10&ratio=720p&line=0,22.767,其它
I do,https://www.iesdouyin.com/aweme/v1/playwm/?video_id=v0200f260000bu416dd6mgceo9a0ume0&ratio=720p&line=0,2.263,其它
I'll Do It,https://www.iesdouyin.com/aweme/v1/playwm/?video_id=v0d00fg10000ch9m0jjc77u31dq1i4b0&ratio=720p&line=0,2.685,其它
Imam Hussein TV 1 (1080p) [Not 24/7],https://live.imamhossaintv.com/live/ih1.m3u8,3.577,其它 高清/HD（158条）
Imam Hussein TV 2 (1080p) [Not 24/7],https://live.imamhossaintv.com/live/ih2.m3u8,3.893,其它 高清/HD（158条）
Imam Hussein TV 3 (1080p) [Not 24/7],https://live.imamhossaintv.com/live/ih3.m3u8,3.703,其它 高清/HD（158条）
Imam Hussein TV 4 (1080p) [Not 24/7],https://live.imamhossaintv.com/live/ih4.m3u8,4.760,其它 高清/HD（158条）
Jewish Life Television (1080p),https://jlt-jltv-stirr.otteravision.com/jlt/jltv/jltv.m3u8,3.201,其它 高清/HD（158条）
Love You like a Love Song,https://www.iesdouyin.com/aweme/v1/playwm/?video_id=v0200fg10000cnbjh5rc77u8no9th78g&ratio=720p&line=0,25.604,其它
Love story,https://www.iesdouyin.com/aweme/v1/playwm/?video_id=v0300fg10000cosdf4bc77uf5rjg3770&ratio=720p&line=0,15.511,其它
Loveworld TV (1080p) [Not 24/7],https://cdn3.wowza.com/5/L1Uzd2FrbVlLRG1W/live/smil:lwukweb.smil/playlist.m3u8,6.505,其它 高清/HD（158条）
Majid Al Mohandis (1080p),https://shls-live-mood-ak.akamaized.net/out/v1/8e2419c6c7494dbba478be025af490ee/index.m3u8,5.279,欧美 高清/HD（15条）
My Love,https://www.iesdouyin.com/aweme/v1/playwm/?video_id=v0200f050000bt8c30ibn0fk5akcthh0&ratio=720p&line=0,2.242,其它
NBTV-1,http://223.95.198.3:8000/hls/48/index.m3u8,2.392,其它
NBTV-2,http://223.95.198.3:8000/hls/49/index.m3u8,8.290,其它
Nevada,https://www.iesdouyin.com/aweme/v1/playwm/?video_id=v0300ff30000but4f2452a13sf6temog&ratio=720p&line=0,10.966,其它
NewTV动作电影,http://111.56.90.5/000000000000/1000000004000018653/1.m3u8,2.966,其它
NewTV古装剧场,http://lvbaiducdnct.inter.ptqy.gitv.tv/tslive/c58_fast_947_1080P_t10/c58_fast_947_1080P_t10.m3u8?d,3.467,其它
NewTV大家剧场,http://lvbaiducdnct.inter.ptqy.gitv.tv/tslive/c58_fast_975_1080P_t10/c58_fast_975_1080P_t10.m3u8?d,2.175,其它
NewTV家庭剧场,http://lvbaiducdnct.inter.ptqy.gitv.tv/tslive/c59_fast_999_1080P_t10/c59_fast_999_1080P_t10.m3u8?d,3.591,其它
NewTV惊悚悬疑,http://111.56.90.5/000000000000/1000000004000024282/1.m3u8,2.913,其它
NewTV泰语剧场,http://lvbaiducdnct.inter.ptqy.gitv.tv/tslive/c58_fast_949_1080P_t10/c58_fast_949_1080P_t10.m3u8?d,2.149,其它
NewTV睛彩广场舞,http://gslbserv.itv.cmvideo.cn:80/1.m3u8?channel-id=FifastbLive&Contentid=3000000020000011523&livemode=1&stbId=yu&mode=1&$8M,6.702,其它
NewTV睛彩广场舞,http://gslbserv.itv.cmvideo.cn:80/1.m3u8?channel-id=FifastbLive&Contentid=3000000020000011524&livemode=1&stbId=yu&mode=1&$8M,6.169,其它
NewTV睛彩竞技,http://gslbserv.itv.cmvideo.cn:80/1.m3u8?channel-id=FifastbLive&Contentid=3000000020000011528&livemode=1&stbId=yu&mode=1&$8M,11.269,其它
NewTV睛彩篮球,http://gslbserv.itv.cmvideo.cn:80/1.m3u8?channel-id=FifastbLive&Contentid=3000000020000011529&livemode=1&stbId=yu&mode=1&$8M,6.276,其它
NewTV睛彩青少,http://gslbserv.itv.cmvideo.cn:80/1.m3u8?channel-id=FifastbLive&Contentid=3000000020000011525&livemode=1&stbId=yu&mode=1&$8M,6.749,其它
NewTV睛彩青少,http://gslbserv.itv.cmvideo.cn:80/1.m3u8?channel-id=FifastbLive&Contentid=3000000020000031315&livemode=1&stbId=yu&mode=1&$8M,5.514,其它
Nothin' on me,https://www.iesdouyin.com/aweme/v1/playwm/?video_id=v0200fg10000cmm6k83c77u8g6f05uf0&ratio=720p&line=0,2.877,其它
Nothing's gonna change my love for you,https://www.iesdouyin.com/aweme/v1/playwm/?video_id=v0200f680000btisjnvh3f2dgbhasf6g&ratio=720p&line=0,3.423,其它
Play,https://www.iesdouyin.com/aweme/v1/playwm/?video_id=v0300fg10000ca5nc43c77u72ekj6rpg&ratio=720p&line=0,10.008,其它
Please Don't Go,https://www.iesdouyin.com/aweme/v1/playwm/?video_id=v0200fg10000cpl46avog65gueg43ogg&ratio=720p&line=0,5.808,其它
Police TV (1080p),https://cdn-th-vip.livestreaming.in.th/policetv/policetv/playlist.m3u8,3.524,其它 高清/HD（158条）
Pretty Boy,https://www.iesdouyin.com/aweme/v1/playwm/?video_id=v0200fg10000cpv0lcnog65imtn4isig&ratio=720p&line=0,27.896,其它
QVC,http://cdn-live1.qvc.jp/iPhone/800/800.m3u8,2.573,其它
QVC JAPAN,https://cdn-live1.qvc.jp/iPhone/1501/1501.m3u8,2.617,其它
Reality,https://www.iesdouyin.com/aweme/v1/playwm/?video_id=v0200fb00000bup46gpu718r2jkqr92g&ratio=720p&line=0,10.900,其它
Record News (720p),https://rnw-rn.otteravision.com/rnw/rn/rnw_rn.m3u8,2.557,欧美 SD（41条）
Red Bull TV SD (720p),https://rbmn-live.akamaized.net/hls/live/590964/BoRB-AT/master_3360.m3u8,4.144,其它
Red TV Lebanon (1080p),https://live.kwikmotion.com/redtvlive/redtv.smil/playlist.m3u8,2.163,其它 高清/HD（158条）
Republic Kannada (1080p),https://vg-republictvlive.akamaized.net/ptnr-republicweb/title-Republic_TV_Kannada/v1/master/611d79b11b77e2f571934fd80ca1413453772ac7/1acd1ce1-c6a7-4ae4-afa1-133ffb111ebb/main.m3u8,2.830,其它 高清/HD（158条）
Runtime Espanol (720p),https://run-rt-uh-roku.otteravision.com/run/rt_uh/rt_uh.m3u8,2.335,欧美 SD（41条）
S H E《2014 世界巡回演唱会 台北站 完整版》,https://vd2.bdstatic.com/mda-nmtebs1e731y7hfu/576p/h264/1672223127459067725/mda-nmtebs1e731y7hfu.mp4,3.057,其它
S H E《2018 十七周年台北演唱会 完整版》,https://vd2.bdstatic.com/mda-nmtfbgevwx16brb0/576p/h264/1672224992649095576/mda-nmtfbgevwx16brb0.mp4,2.198,其它
S H E《4EVER世界巡回演唱会 完整版》珍藏版,https://vd3.bdstatic.com/mda-nmkefmyd0arci215/576p/h264/1671618057578437373/mda-nmkefmyd0arci215.mp4,2.610,其它
SHE-67首合集,https://www.iesdouyin.com/aweme/v1/playwm/?video_id=v0200fg10000cp7v5hvog65pib9gvgr0&ratio=720p&line=0,35.948,其它
SHE精选40首(2小时),https://txmov2.a.kwimgs.com/upic/2023/07/30/19/BMjAyMzA3MzAxOTEyNDhfODI4NTk1NTQ0XzEwOTI2ODgxNTQyOF8yXzM=_b_B1770e5ac950c20cda3df1678ded64cbc.mp4?tag=1-1754625871-std-1-9msmgkqnic-492b9eaf83438074&clientCacheKey=3xdck2arwksxhfw_b.mp4&tt=b&di=88ccff4&bp=12681&ali_redirect_ex_hot=66666800&ali_redirect_ex_beacon=1,7.841,其它
SHE精选40首(2小时),https://txmov2.a.kwimgs.com/upic/2023/07/30/19/BMjAyMzA3MzAxOTEyNDhfODI4NTk1NTQ0XzEwOTI2ODgxNTQyOF8yXzM=_b_B1770e5ac950c20cda3df1678ded64cbc.mp4,24.991,其它
STAR International (720p),https://livestar.siliconweb.com/starvod/star_int/star_int.m3u8,2.514,欧美 SD（41条）
Sharjah 2 (1080p),https://svs.itworkscdn.net/smc2live/smc2tv.smil/playlist.m3u8,4.745,其它 高清/HD（158条）
Sky News Extra 3 (1080p),https://skynewsau-live.akamaized.net/hls/live/2002691/skynewsau-extra3/master.m3u8,2.387,欧美 高清/HD（15条）
Sold Out,https://www.iesdouyin.com/aweme/v1/playwm/?video_id=v0200fg10000coop9krc77u2ah4aikq0&ratio=720p&line=0,14.314,其它
Star Sky,https://www.iesdouyin.com/aweme/v1/playwm/?video_id=v0300f9c0000bt8c32me4f98gqkmvu00&ratio=720p&line=0,8.296,其它
TRT World (1080p) [Not 24/7],https://tv-trtworld.medya.trt.com.tr/master.m3u8,5.839,其它 高清/HD（158条）
TVBS亚洲,http://d2e1asnsl7br7b.cloudfront.net/7782e205e72f43aeb4a48ec97f66ebbe/index_5.m3u8?zshijd,3.479,港澳台 SD（27条）
TVBS新闻,http://8.218.84.3:8885/live/LxWcScuQ6WphaELY4DhkKm8SIv7_ZgNIJtNvFurqphvyqxUIU84OjKVCwFxMq9iUHWMHCytb2VBItbRCwo0LymUZNT2bmlxSvQ4cHRLiJ2fe2MaJc9Z6qOVHYbAImRKurKFLRanLJEjwLLytJ5msriMu78zUItpIgJjRN_mEajAeMurzBNZ6hoCeXJs5WQzLW-nmSuRFnv4FyYXnpB2GHc0J8Pp4HFKFRkpYhUW4r4qIZGA-BhwepMx06F0exFTlBdJ4GjyCsLcmGsAfpOI7YQ.m3u8?u=1756878715,4.540,其它
TVB戏曲,http://8.218.84.3:8885/live/LxWcScuQ6WphaELY4DhkKm8SIv7_ZgNIJtNvFurqphvyqxUIU84OjKVCwFxMq9iUVr3twGdTnpuHxexs8xJKDbo2eQJJx1fM-DkgZ6QDaMo6JQHFGwKOAqLXa_NmpbrR-i7Beus8jL6lIn4ICwp5ARl5kwVzAqDA8iU_fw2R1CK2dYljoq7afYSKolQ7CBLRjGns1EwykcOlo3-AncnKJbEDwRcvIf-Hwl5UF1CBdkDDt2_cwB9F_TB_sznjrnoF6NiqEbtKSAjfZOwSOEfaySuyRETnCt6v1di8KSHSZr8.m3u8?u=1756878715,3.150,其它
TVB翡翠台,http://8.218.84.3:8885/live/LxWcScuQ6WphaELY4DhkKm8SIv7_ZgNIJtNvFurqphvyqxUIU84OjKVCwFxMq9iUVBMebB-0s_t1mmJvMNHiXq_bJ2Cb2_rkjs8_iAgPWb6Uqr2eMUAeqv_AORRwOjT5IsFjfMAEPHWh0K8XgyZp-kp75ipWTJ1kV4iF8QOP3rntz-s7PorCqKLpfUkL0F9TFX40JOL29gGYjauDNUGTA3wF2DZDn9_EcYPOvgRFk0gXPTUutVYbeawjtj-qfBr_GkWTNUMnCqxHyxDrWFpXDQ.m3u8?u=1756878715,3.605,其它
TVB黃金華劇,http://8.218.84.3:8885/live/LxWcScuQ6WphaELY4DhkKm8SIv7_ZgNIJtNvFurqphvyqxUIU84OjKVCwFxMq9iUQjvVFeCCpIIGhOgkDXPg7MYz11wusehbcDMnpOMrO4J2kh0BiRIUI4PSi6oclQQxBEa3LWDPEk4alHzn4Ghlw7Ivy2lTajLtB0MZkQ024TiQMWZE-gnOi7sb615G5YK5_06gn4BIF1FZrDDmX-eioR2qBcLVRM2lcVafyXpNfAaMWuoZ4efura2yNaZy2YbITkWxN4XfxdFxzwV3rMZAdFXeAoMCwMCMdVUt8_zqJN0.m3u8?u=1756878715,2.094,其它
Talking to the moon,https://www.iesdouyin.com/aweme/v1/playwm/?video_id=v0300f0e0000btktaso6de4h3n6m8mug&ratio=720p&line=0,2.218,其它
Tank精选15首(1小时),https://www.iesdouyin.com/aweme/v1/playwm/?video_id=v0300fg10000covn6jfog65t7htp4930&ratio=720p&line=0,14.339,其它
That's Why You Go Away,https://www.iesdouyin.com/aweme/v1/playwm/?video_id=v0300f2b0000btjbvrnm1ok3likh5big&ratio=720p&line=0,5.460,其它
TiK ToK,https://www.iesdouyin.com/aweme/v1/playwm/?video_id=v0200fg10000cp3amqjc77u4t8chnn9g&ratio=720p&line=0,6.046,其它
Trace Sports,https://lightning-tracesport-samsungau.amagi.tv/playlist1080p.m3u8,4.476,其它
Trouble Is a Friend,https://www.iesdouyin.com/aweme/v1/playwm/?video_id=v0300fg10000ce4sahbc77u86e1eone0&ratio=720p&line=0,34.121,其它
Twins-下一站天后,https://www.iesdouyin.com/aweme/v1/play/?video_id=v0200fg10000c9hsmhrc77u8bcep14rg&ratio=720p&line=0,32.621,其它
Twins-下一站天后,https://www.iesdouyin.com/aweme/v1/playwm/?video_id=v0200fg10000c9hsmhrc77u8bcep14rg&ratio=720p&line=0,25.092,其它
Twins-恋爱大过天,https://www.iesdouyin.com/aweme/v1/play/?video_id=v0300fg10000cfvdrjrc77ud5nlujjag&ratio=720p&line=0,8.499,其它
Twins-恋爱大过天,https://www.iesdouyin.com/aweme/v1/playwm/?video_id=v0300fg10000cfvdrjrc77ud5nlujjag&ratio=720p&line=0,7.932,其它
Twins-朋友仔,https://www.iesdouyin.com/aweme/v1/play/?video_id=v0200fg10000cdsbamrc77u2p0aq3a00&ratio=720p&line=0,52.833,其它
Twins-朋友仔,https://www.iesdouyin.com/aweme/v1/playwm/?video_id=v0200fg10000cdsbamrc77u2p0aq3a00&ratio=720p&line=0,55.909,其它
Twins-风筝与风,https://www.iesdouyin.com/aweme/v1/play/?video_id=v0200fda0000bshv5b74vs5fah61kna0&ratio=720p&line=0,25.021,其它
Twins-风筝与风,https://www.iesdouyin.com/aweme/v1/playwm/?video_id=v0200fda0000bshv5b74vs5fah61kna0&ratio=720p&line=0,7.580,其它
Twins/boyz-死性不改,https://www.iesdouyin.com/aweme/v1/play/?video_id=v0300fg10000cfvjrkbc77u74v6btr50&ratio=720p&line=0,2.072,其它
Twins/boyz-死性不改,https://www.iesdouyin.com/aweme/v1/playwm/?video_id=v0300fg10000cfvjrkbc77u74v6btr50&ratio=720p&line=0,2.239,其它
UN Web TV (540p),https://cdnapi.kaltura.com/p/2503451/sp/250345100/playManifest/entryId/1_gb6tjmle/protocol/https/format/applehttp/a.m3u8,3.025,其它
UniNettuno University TV (720p),https://stream6-rai-it.akamaized.net/live/uninettuno/playlist.m3u8,4.552,欧美 SD（41条）
Unstoppable,https://www.iesdouyin.com/aweme/v1/playwm/?video_id=v0200fg10000ce4av3bc77u7mqoje2kg&ratio=720p&line=0,32.285,其它
VOA美国之音 (1080p),https://voa-ingest.akamaized.net/hls/live/2033878/tvmc08/playlist.m3u8,2.707,其它
Victory,https://www.iesdouyin.com/aweme/v1/playwm/?video_id=v0200f310000bt8c32klftubd6erb6ig&ratio=720p&line=0,8.106,其它
Voice of Lebanon (1080p),https://svs.itworkscdn.net/vdltvlive/vdltv.smil/playlist.m3u8,2.241,其它 高清/HD（158条）
WION (1080p),https://d7x8z4yuq42qn.cloudfront.net/index_7.m3u8,2.251,其它 高清/HD（158条）
WION (Adaptive) (1080p),https://raw.githubusercontent.com/Alstruit/adaptive-streams/alstruit-10_23_in/streams/in/WION.in.m3u8,2.429,其它 高清/HD（158条）
WKAQ-DT1 (Telemundo PR) (1080p),https://nbculocallive.akamaized.net/hls/live/2037499/puertorico/stream1/master.m3u8,5.203,欧美 高清/HD（15条）
Xinjiang TV 2,http://110.153.180.106:55555/out_3/index.m3u8,6.969,其它
Xinjiang TV 3,http://120.70.60.179:9901/tsfile/live/1006_1.m3u8?authid=0&key=txiptv&playlive=1,5.662,其它
Xinjiang TV 3,https://st-video.xjmty.com/fs/livedit/e55abfa37af26e19/8ce9971c2177b3dd.m3u8,9.795,其它
Xinjiang TV 8,http://120.70.60.179:9901/tsfile/live/1002_1.m3u8?authid=0&key=txiptv&playlive=1,5.789,其它
You Don't Know me,https://www.iesdouyin.com/aweme/v1/playwm/?video_id=v0200ffd0000bughtrht4rmmsdcm6fu0&ratio=720p&line=0,10.051,其它
Zhejiang TV International,https://ali-m-l.cztv.com/channels/lantian/channel10/1080p.m3u8,4.263,其它
[BD]tvbs亚洲,https://stream1.freetv.fun/5d67b3e9131d07f6e7da4e6fafda09cc609ee7fefb2e14ca14cf5bd6da5e4107.m3u8,3.283,港澳台 SD（27条）
[BD]上虞新闻综合,https://t.freetv.fun/live/shang-yu-xin-wen-zong-he.m3u8,10.549,其它 SD（412条）
[BD]台州新闻综合,https://t.freetv.fun/live/tai-zhou-xin-wen-zong-he.m3u8,3.186,其它 SD（412条）
[BD]太谷新闻综合,https://t.freetv.fun/live/tai-gu-xin-wen-zong-he-3.m3u8,17.377,其它 SD（412条）
[BD]太谷新闻综合,https://t.freetv.fun/live/tai-gu-xin-wen-zong-he.m3u8,11.781,其它 SD（412条）
[BD]太谷新闻综合,https://t.freetv.fun/live/tai-gu-xin-wen-zong-he-1.m3u8,8.233,其它 SD（412条）
[BD]松阳新闻综合,https://t.freetv.fun/live/song-yang-xin-wen-zong-he.m3u8,3.990,其它 SD（412条）
[BD]浙江｜上虞新闻综合,https://t.freetv.fun/live/zhe-jiang-shang-yu-xin-wen-zong-he.m3u8,21.446,其它 SD（412条）
[BD]雅安新闻综合,https://t.freetv.fun/live/ya-an-xin-wen-zong-he-1.m3u8,5.231,其它 SD（412条）
[HD]泸州新闻综合,https://t.freetv.fun/live/lu-zhou-xin-wen-zong-he-1.m3u8,4.374,其它 高清/HD（158条）
[HD]湖州新闻综合,https://t.freetv.fun/live/hu-zhou-xin-wen-zong-he-2.m3u8,2.021,其它 高清/HD（158条）
[HD]湖州新闻综合,https://t.freetv.fun/live/hu-zhou-xin-wen-zong-he-3.m3u8,2.341,其它 高清/HD（158条）
[江苏]宿豫综合频道,https://suyu-tv-hls.cm.jstv.com/suyu-tv/syzhpd.m3u8?zjiangsd,4.196,其它 SD（412条）
[江苏]赣榆新闻综合,http://ganyu-tv-hls.cm.jstv.com/ganyu-tv/ganyutv.m3u8?zjiangsd,6.428,其它 SD（412条）
[江苏]金坛新闻频道,http://jintan-tv-ori-hls.jstv.com/jintan-tv-ori/jintan_xw.m3u8?zjiangsd,2.863,其它 SD（412条）
[江苏]镇江新闻综合,http://zjtv-wshls.homecdn.com/live/2aa50.m3u8,12.188,其它 SD（412条）
[没出息]_三创,https://sns-video-default.xhscdn.com/stream/79/110/258/01e90225867f602a4f0370019a3064d64e_258.mp4,11.911,其它
[没出息]_二创,https://sns-video-default.xhscdn.com/stream/1/110/258/01e8e9a72ae7d9e80103700199d0b76e2b_258.mp4,12.224,其它
[美国]OAN Plus (1080p),http://oneamericanews-roku-us.amagi.tv/playlist.m3u8,2.067,其它 高清/HD（158条）
alone,https://www.iesdouyin.com/aweme/v1/playwm/?video_id=v0300fff0000bugiemqsocvbkm7ilit0&ratio=720p&line=0,18.702,其它
anyone of us,https://www.iesdouyin.com/aweme/v1/playwm/?video_id=v0300faf0000c08j4u35esuptakp4ltg&ratio=720p&line=0,4.398,其它
apologize,https://www.iesdouyin.com/aweme/v1/playwm/?video_id=v0300f2b0000btoqjanm1ok3lil6c8f0&ratio=720p&line=0,3.546,其它
as long as you love me,https://www.iesdouyin.com/aweme/v1/playwm/?video_id=v0300fg10000cl271gfog65vcqh4qbq0&ratio=720p&line=0,26.865,其它
baby,https://www.iesdouyin.com/aweme/v1/playwm/?video_id=v1e00fgi0000ctq63sfog65oesmmlnfg&ratio=720p&line=0,3.360,其它
bad romance,https://www.iesdouyin.com/aweme/v1/playwm/?video_id=v0200fg10000cv55iuvog65uhoogkirg&ratio=720p&line=0,3.479,其它
because of you,https://www.iesdouyin.com/aweme/v1/playwm/?video_id=v0300fg10000cn5vg13c77u9kllf7rng&ratio=720p&line=0,21.431,其它
booty music,https://www.iesdouyin.com/aweme/v1/playwm/?video_id=v0d00fg10000cjm702jc77ue24dr770g&ratio=720p&line=0,14.072,其它
by my side DJ,https://www.iesdouyin.com/aweme/v1/playwm/?video_id=v0200fg10000cg6q69jc77u50fea8qog&ratio=720p&line=0,12.860,其它
by2-你并不懂我,https://www.iesdouyin.com/aweme/v1/playwm/?video_id=v0200fg10000c8bids3c77ufr1d2duag&ratio=720p&line=0,5.568,其它
by2-你并不懂我,https://www.iesdouyin.com/aweme/v1/playwm/?video_id=v0200fg10000crhpin7og65vnbko3vm0&ratio=720p&line=0,28.433,其它
by2-你并不懂我,https://www.iesdouyin.com/aweme/v1/play/?video_id=v0200fg10000crhpin7og65vnbko3vm0&ratio=720p&line=0,33.798,其它
by2-你并不懂我,https://www.iesdouyin.com/aweme/v1/play/?video_id=v0200fg10000c8bids3c77ufr1d2duag&ratio=720p&line=0,5.467,其它
by2-爱丫爱丫,https://www.iesdouyin.com/aweme/v1/play/?video_id=v0d00fg10000croe187og65pl22ksg00&ratio=720p&line=0,36.894,其它
by2-爱丫爱丫,https://www.iesdouyin.com/aweme/v1/playwm/?video_id=v0d00fg10000croe187og65pl22ksg00&ratio=720p&line=0,2.613,其它
by2/汪苏泷-有点甜,https://www.iesdouyin.com/aweme/v1/play/?video_id=v0300fg10000cb5bsu3c77ucgqht5pj0&ratio=720p&line=0,12.390,其它
by2/汪苏泷-有点甜,https://www.iesdouyin.com/aweme/v1/playwm/?video_id=v0300fg10000cb5bsu3c77ucgqht5pj0&ratio=720p&line=0,2.364,其它
call me maybe,https://www.iesdouyin.com/aweme/v1/playwm/?video_id=v0300fg10000csl040fog65p2l58uqdg&ratio=720p&line=0,33.369,其它
call me now,https://www.iesdouyin.com/aweme/v1/playwm/?video_id=v0300fg10000crh7kdvog65s0rf9jp3g&ratio=720p&line=0,4.976,其它
closer,https://www.iesdouyin.com/aweme/v1/playwm/?video_id=v0200fg10000c6c60frc77u7j9o2ecs0&ratio=720p&line=0,33.149,其它
dancing with your ghost,https://www.iesdouyin.com/aweme/v1/playwm/?line=0&logo_name=aweme_diversion_search&ratio=720p&video_id=v1e00fgi0000ctf6s1vog65kfs6o3iq0,13.615,其它
diamonds,https://www.iesdouyin.com/aweme/v1/playwm/?video_id=v0200fe40000bvm4vsl2kepgd0uu7i50&ratio=720p&line=0,16.618,其它
faded,https://www.iesdouyin.com/aweme/v1/playwm/?video_id=v0d00fg10000ctbhakfog65pugm8msu0&ratio=720p&line=0,53.779,其它
far away from home,https://www.iesdouyin.com/aweme/v1/playwm/?video_id=v0200fg10000ca1ttbrc77u57r2ktc0g&ratio=720p&line=0,9.184,其它
fire,https://www.iesdouyin.com/aweme/v1/playwm/?video_id=v0300f7e0000bt9epjpk950m5pm5itog&ratio=720p&line=0,3.211,其它
gamgamDJ,https://www.iesdouyin.com/aweme/v1/playwm/?video_id=v0200fg10000cr8r23nog65mnbf3616g&ratio=720p&line=0,16.755,其它
god is a girl,https://www.iesdouyin.com/aweme/v1/playwm/?video_id=v0200fg10000cl4vjifog65htupeja50&ratio=720p&line=0,11.855,其它
good time,https://www.iesdouyin.com/aweme/v1/playwm/?video_id=v0300f0e0000btpfugg6de4h3n78ccig&ratio=720p&line=0,2.077,其它
heartbeats,https://www.iesdouyin.com/aweme/v1/playwm/?video_id=v0300fg10000clm5h5vog65n7m96h5o0&ratio=720p&line=0,2.145,其它
hero,https://www.iesdouyin.com/aweme/v1/playwm/?line=0&logo_name=aweme_diversion_search&ratio=720p&video_id=v0200f040000bvqofe74s1nnb5npm2mg,19.097,其它
hymn  for the weekend,https://www.iesdouyin.com/aweme/v1/playwm/?video_id=v0300f360000bv64mkrphouv4f2o1kpg&ratio=720p&line=0,14.302,其它
i want you to know,https://www.iesdouyin.com/aweme/v1/playwm/?video_id=v0200fg10000cvn75nnog65u3q261730&ratio=720p&line=0,4.735,其它
insomnia,https://www.iesdouyin.com/aweme/v1/playwm/?video_id=v0200fg10000cmso8mjc77u3n6klkh40&ratio=720p&line=0,10.010,其它
legends never die,https://www.iesdouyin.com/aweme/v1/playwm/?video_id=v0300fff0000bujdacisocvbkm7qhtqg&ratio=720p&line=0,8.647,其它
lone Ranger,https://www.iesdouyin.com/aweme/v1/playwm/?video_id=v0200fg10000c67opt3c77u4kb9gjuu0&ratio=720p&line=0,6.828,其它
lonely DJ,https://www.iesdouyin.com/aweme/v1/playwm/?video_id=v0300fg10000c34cmjq90k9n62f21tfg&ratio=720p&line=0,4.507,其它
love story,https://www.iesdouyin.com/aweme/v1/playwm/?video_id=v0200f410000buj6ial4q2a6rctrcdv0&ratio=720p&line=0,5.031,其它
love the way you lie,https://www.iesdouyin.com/aweme/v1/playwm/?video_id=v0300fg10000csk8qsvog65nldrobpag&ratio=720p&line=0,4.234,其它
lovefool,https://www.iesdouyin.com/aweme/v1/playwm/?video_id=v0200f0c0000c0air5omu7ok6882l380&ratio=720p&line=0,9.080,其它
monsters,https://www.iesdouyin.com/aweme/v1/playwm/?video_id=v0300fg10000cl270lfog65hf7m2f3j0&ratio=720p&line=0,23.500,其它
moshi moshi,https://www.iesdouyin.com/aweme/v1/playwm/?video_id=v0200fg10000cl4vd2vog65v766s3lag&ratio=720p&line=0,2.234,其它
move up,https://www.iesdouyin.com/aweme/v1/playwm/?video_id=v0300f6d0000c1110e3c60j1d8ttn99g&ratio=720p&line=0,29.167,其它
move your body,https://www.iesdouyin.com/aweme/v1/playwm/?video_id=v0200fg10000clkl27bc77u100fn3qo0&ratio=720p&line=0,44.850,其它
moves like jagger,https://www.iesdouyin.com/aweme/v1/playwm/?video_id=v0300fb10000bvesniikbj343hhac8eg&ratio=720p&line=0,2.759,其它
mr-森林,https://www.iesdouyin.com/aweme/v1/playwm/?video_id=v0300fg10000c2ofpk3c77u6arm34eeg&ratio=720p&line=0,5.361,其它
mr-森林,https://www.iesdouyin.com/aweme/v1/play/?video_id=v0300fg10000c2ofpk3c77u6arm34eeg&ratio=720p&line=0,5.451,其它
natural,https://www.iesdouyin.com/aweme/v1/playwm/?video_id=v0300fg10000caj6qnrc77u88k20m8jg&ratio=720p&line=0,3.335,其它
normal no more,https://www.iesdouyin.com/aweme/v1/playwm/?video_id=v0d00fg10000civ51krc77uceq9j09o0&ratio=720p&line=0,31.841,其它
oao-wake,https://www.iesdouyin.com/aweme/v1/playwm/?video_id=v0d00fg10000cssap9fog65j9je20u7g&ratio=720p&line=0,38.435,其它
once upon a time,https://www.iesdouyin.com/aweme/v1/playwm/?video_id=v0200fg10000cumt1mfog65krksdg31g&ratio=720p&line=0,7.293,其它
outside,https://www.iesdouyin.com/aweme/v1/playwm/?video_id=v0200fg10000cp8jcdnog65ic6gplqf0&ratio=720p&line=0,25.028,其它
phut hon,https://www.iesdouyin.com/aweme/v1/playwm/?video_id=v0300fg10000coms82jc77u4flecs0bg&ratio=720p&line=0,5.992,其它
pink-try,https://www.iesdouyin.com/aweme/v1/playwm/?video_id=v0d00fg10000ctft5s7og65u0hdbnig0&ratio=720p&line=0,37.779,其它
please dont go,https://www.iesdouyin.com/aweme/v1/playwm/?video_id=v0200f180000bvco837d9i7eq4ai1jmg&ratio=720p&line=0,17.199,其它
poker face,https://www.iesdouyin.com/aweme/v1/playwm/?line=0&logo_name=aweme_diversion_search&ratio=720p&video_id=v0200fg10000cpoe5uvog65h83t50rsg,15.132,其它
reality,https://www.iesdouyin.com/aweme/v1/playwm/?video_id=v0300f080000c02l8d5f84f3ru33id50&ratio=720p&line=0,2.428,其它
remember our summer,https://www.iesdouyin.com/aweme/v1/playwm/?line=0&logo_name=aweme_diversion_search&ratio=720p&video_id=v0200fg10000cocdiqjc77u8mnj0qmgg,4.876,其它
right now,https://www.iesdouyin.com/aweme/v1/playwm/?video_id=v0200f4e0000bs8n4m6fbk5pph8knf2g&ratio=720p&line=0,7.995,其它
rolling in the deep,https://www.iesdouyin.com/aweme/v1/playwm/?video_id=v1e00fgi0000ct11konog65sgjaem0n0&ratio=720p&line=0,2.654,其它
salt,https://www.iesdouyin.com/aweme/v1/playwm/?video_id=v1e00fgi0000cstvnkfog65p72v2jrrg&ratio=720p&line=0b,31.045,其它
shots,https://www.iesdouyin.com/aweme/v1/playwm/?video_id=v1e00fgi0000ctqgk5vog65vl902jf8g&ratio=720p&line=0,10.571,其它
sing me to sleep,https://www.iesdouyin.com/aweme/v1/playwm/?video_id=v0200fg10000clhho2fog65otdj4luag&ratio=720p&line=0,10.693,其它
something just like this,https://www.iesdouyin.com/aweme/v1/playwm/?video_id=v0d00fg10000cs4hhsvog65kgk2fa28g&ratio=720p&line=0,30.281,其它
sound of my dream,https://www.iesdouyin.com/aweme/v1/playwm/?video_id=v0300fg10000cu8hr8fog65sbnn5265g&ratio=720p&line=0,18.985,其它
stronger,https://www.iesdouyin.com/aweme/v1/playwm/?video_id=v0200fg10000c63kkorc77u71r5ch5o0&ratio=720p&line=0,12.337,其它
summer air,https://www.iesdouyin.com/aweme/v1/playwm/?line=0&logo_name=aweme_diversion_search&ratio=720p&video_id=v0200fg10000cm20flnog65j08qqtmh0,3.534,其它
take me hand,https://www.iesdouyin.com/aweme/v1/playwm/?video_id=v0200fg10000clnfk87og65tv4479500&ratio=720p&line=0,4.945,其它
take me to infinity,https://www.iesdouyin.com/aweme/v1/playwm/?video_id=v0300f2d0000c00mcdk080ke0g3td2eg&ratio=720p&line=0,10.762,其它
that girl,https://www.iesdouyin.com/aweme/v1/playwm/?video_id=v0200fg10000cl1ot2fog65otdmkp0t0&ratio=720p&line=0,21.218,其它
the cure,https://www.iesdouyin.com/aweme/v1/playwm/?video_id=v0200fg10000ctc4cd7og65hrog41isg&ratio=720p&line=0,38.376,其它
the day you went away,https://www.iesdouyin.com/aweme/v1/playwm/?video_id=v0d00fg10000crchtlnog65ud12ifgd0&ratio=720p&line=0,31.833,其它
the spectre,https://www.iesdouyin.com/aweme/v1/playwm/?video_id=v0200fg10000ctv3ntnog65htc7dg9k0&ratio=720p&line=0,5.847,其它
touch,https://www.iesdouyin.com/aweme/v1/playwm/?video_id=v0200fg10000cmhn50rc77ucfc970np0&ratio=720p&line=0,30.190,其它
tvchosun,http://onair.cdn.tvchosun.com/origin1/_definst_/tvchosun_s1/playlist.m3u8,3.882,其它
tvchosun2,http://onair2.cdn.tvchosun.com/origin2/_definst_/tvchosun_s3/playlist.m3u8,2.450,其它
umbrella,https://www.iesdouyin.com/aweme/v1/playwm/?video_id=v0300fg10000c75hnj3c77uboleql2vg&ratio=720p&line=0,27.640,其它
until you,https://www.iesdouyin.com/aweme/v1/playwm/?video_id=v0200fg10000cl2e71fog65v764v4ibg&ratio=720p&line=0,3.012,其它
wakawaka,https://www.iesdouyin.com/aweme/v1/playwm/?video_id=v0300fbe0000buqeue7bs17qid7thla0&ratio=720p&line=0,6.002,其它
wake,https://www.iesdouyin.com/aweme/v1/playwm/?video_id=v0200fg10000c9pk6hbc77u57r42sd9g&ratio=720p&line=0,19.408,其它
way back,https://www.iesdouyin.com/aweme/v1/playwm/?video_id=v0200fg10000c4gdkrbc77u8ohrj50n0&ratio=720p&line=0,6.065,其它
we don't talk anymore,https://www.iesdouyin.com/aweme/v1/playwm/?video_id=v0200fg10000cfb0e4bc77u38s842ah0&ratio=720p&line=0,12.103,其它
wolves,https://www.iesdouyin.com/aweme/v1/playwm/?video_id=v0200f3e0000bt8c32cebj9j64kkp230&ratio=720p&line=0,8.410,其它
wonder girls-Nobody,https://www.iesdouyin.com/aweme/v1/playwm/?video_id=v0d00fg10000c6loblbc77u7hd3mel20&ratio=720p&line=0,9.704,其它
“小仓娃我离了-登封小县”选段-曲剧《卷席筒》杨学,http://gcw.bdcdn.shoujiduoduo.com/v/190602/8b28dec624f172d186f11fc7290c48ff.mp4,9.456,其它
“第一天团”纵贯线《台北2009「出发」演唱会致敬经典 完整版》,https://vd3.bdstatic.com/mda-pac5q1he7r5wjykx/576p/h264/1673583274906869271/mda-pac5q1he7r5wjykx.mp4,2.489,其它
☆一笑江湖,https://txmov2.a.kwimgs.com/upic/2023/08/09/05/BMjAyMzA4MDkwNTI0MzNfMzUwMDUzNzE1MV8xMTAwMzA3NTg1MzdfMl8z_b_Badd45f992854ef4d55cd8f5cebfd884f.mp4,8.155,其它
☆下个路口见,https://alimov2.a.kwimgs.com/upic/2023/08/26/15/BMjAyMzA4MjYxNTA2MDlfMzUwMDUzNzE1MV8xMTE0MzY4MTczMjBfMl8z_b_Badf90ff56c226b46d0427e6024b748bc.mp4,18.107,其它
☆不再联系,https://alimov2.a.kwimgs.com/upic/2023/09/21/01/BMjAyMzA5MjEwMTE0MDdfMzUwMDUzNzE1MV8xMTMyMjAzNjY1ODFfMl8z_b_Ba4613de9652b2d3e146dec96ffce2186.mp4,16.550,其它
☆人生何处不相逢,https://alimov2.a.kwimgs.com/upic/2023/08/07/13/BMjAyMzA4MDcxMzQ2MzhfMzUwMDUzNzE1MV8xMDk4OTMzMTQyMTVfMl8z_b_B261a6bd298f6cebe0b183c617648f862.mp4,11.831,其它
☆作酒,https://txmov2.a.kwimgs.com/upic/2023/05/12/14/BMjAyMzA1MTIxNDI0MDZfMzM5Njk4MTMyNl8xMDI4NTExODIzMjRfMF8z_b_Bb991494a13c1280bda5a8d70459f3f52.mp4,5.958,其它
☆你的样子,https://txmov2.a.kwimgs.com/upic/2023/08/02/02/BMjAyMzA4MDIwMjM1MDVfMzUwMDUzNzE1MV8xMDk0NjI4NTI5NDhfMl8z_b_B180ec84c183f378933a11512d162f1c4.mp4,4.224,其它
☆做酒,https://alimov2.a.kwimgs.com/upic/2023/07/19/01/BMjAyMzA3MTkwMTUxMzRfMzUwMDUzNzE1MV8xMDgzMTEwODM2OTZfMF8z_b_Bca29deab97bd6d0be2ed811a605fdcbe.mp4,19.180,其它
☆剑魂,https://alimov2.a.kwimgs.com/upic/2023/06/07/09/BMjAyMzA2MDcwOTU2NTVfMzM5Njk4MTMyNl8xMDQ5NDE1MDMyMThfMF8z_b_Bd10d62f3146f28f2a2fe7876fac0b996.mp4,17.307,其它
☆卜卦,https://txmov2.a.kwimgs.com/upic/2023/08/09/14/BMjAyMzA4MDkxNDUzMjRfMzUwMDUzNzE1MV8xMTAwNjE1NTk3ODhfMl8z_b_Bc2b167ee144cd617ded961fccf210da8.mp4,8.852,其它
☆可不可以,https://txmov2.a.kwimgs.com/upic/2023/08/04/13/BMjAyMzA4MDQxMzI1MjBfMzUwMDUzNzE1MV8xMDk2NDg5MzgzOTFfMl8z_b_B88b843adc19fefc005190462c73b8a48.mp4,3.546,其它
☆合适,https://txmov2.a.kwimgs.com/upic/2023/08/01/19/BMjAyMzA4MDExOTE5MjZfMzUwMDUzNzE1MV8xMDk0MzQ5MTk4MjNfMl8z_b_B79a9ae8885ed7396e105166ff2a7a4d2.mp4,2.951,其它
☆向云端,https://txmov2.a.kwimgs.com/upic/2023/07/15/23/BMjAyMzA3MTUyMzA4MTJfMzUwMDUzNzE1MV8xMDgwNTU2MzcxNzJfMF8z_b_B4495a19eefa94ff40d651b48e6810cdb.mp4,7.475,其它
☆听,https://alimov2.a.kwimgs.com/upic/2023/07/24/17/BMjAyMzA3MjQxNzAzMTdfMzUwMDUzNzE1MV8xMDg3NjUxNjQwMjVfMl8z_b_Bd1163b69b08ba0831d8c27e83faf9fb8.mp4,13.710,其它
☆吻得太逼真,https://alimov2.a.kwimgs.com/upic/2023/07/15/08/BMjAyMzA3MTUwODEyMzZfMzM5Njk4MTMyNl8xMDc5ODY1ODQxNzRfMF8z_b_B286fe2d65fc56fdba2a862490d343100.mp4,14.467,其它
☆嘉宾,https://alimov2.a.kwimgs.com/upic/2023/08/03/01/BMjAyMzA4MDMwMTA4NTJfMzUwMDUzNzE1MV8xMDk1NDExMDQ4NzdfMl8z_b_B88c7e9dfecd64f9bc7d28c3386a93455.mp4,12.596,其它
☆天若有情,https://alimov2.a.kwimgs.com/upic/2023/07/08/21/BMjAyMzA3MDgyMTAyNTJfMzM5Njk4MTMyNl8xMDc0NjkwMDY4OThfMF8z_b_B0ea89c9392bf09bfff4afd532dc8cca9.mp4,18.094,其它
☆女孩,https://alimov2.a.kwimgs.com/upic/2023/08/04/04/BMjAyMzA4MDQwNDE4MjdfMzUwMDUzNzE1MV8xMDk2MjMzNDYwNTdfMl8z_b_B8e6ab320b1d831bbc8a3bff3a38b848d.mp4,15.247,其它
☆她会魔法吧,https://txmov2.a.kwimgs.com/upic/2023/07/05/14/BMjAyMzA3MDUxNDI4MDNfMzM5Njk4MTMyNl8xMDcxOTQ0MDAzMTZfMF8z_b_Ba25f91cfecba0a4a29040d64165ff029.mp4,19.327,其它
☆好想抱着你,https://txmov2.a.kwimgs.com/upic/2023/07/31/15/BMjAyMzA3MzExNTE0NDBfMzM5Njk4MTMyNl8xMDkzMzMzMzIxNzZfMF8z_b_B1948380dbccf0f753597da137aca876b.mp4,20.691,其它
☆如愿,https://alimov2.a.kwimgs.com/upic/2023/06/29/10/BMjAyMzA2MjkxMDAxNDNfMzM5Njk4MTMyNl8xMDY2ODcwODY0NzRfMF8z_b_Bb3a3c0fc1723f611bbb6a13b1af7b7ce.mp4,17.584,其它
☆很好听dj,https://alimov2.a.kwimgs.com/upic/2023/07/31/22/BMjAyMzA3MzEyMjAzMjBfMzUwMDUzNzE1MV8xMDkzNjc5NDI5MzJfMl8z_b_B002c8d94db2c0e0ca7d81d84678b4ed9.mp4,15.359,其它
☆忘了,https://txmov2.a.kwimgs.com/upic/2023/08/06/14/BMjAyMzA4MDYxNDI3MDZfMzUwMDUzNzE1MV8xMDk4MTUxNzQ1NDdfMl8z_b_B60a3cb08802def668224fadda9b53048.mp4,8.870,其它
☆忘川彼岸,https://alimov2.a.kwimgs.com/upic/2023/07/12/20/BMjAyMzA3MTIyMDEyNTlfMzM5Njk4MTMyNl8xMDc3OTI5ODAyMDVfMF8z_b_Ba7edcee8d69c709d5e6eccdb5333d13b.mp4,17.337,其它
☆念平生,https://alimov2.a.kwimgs.com/upic/2023/07/25/14/BMjAyMzA3MjUxNDMwMzJfMzUwMDUzNzE1MV8xMDg4MzczMzk5MjhfMl8z_b_B7c764955cbc3e81f8d3b1e17781b2475.mp4,19.611,其它
☆我会等,https://txmov2.a.kwimgs.com/upic/2023/07/17/14/BMjAyMzA3MTcxNDQ1NDFfMzM5Njk4MTMyNl8xMDgxODA4NDc3MzNfMF8z_b_B7f4075f5eff6f93be66b51bc90ad5dbd.mp4,31.324,其它
☆我在广州等你,https://alimov2.a.kwimgs.com/upic/2023/10/14/15/BMjAyMzEwMTQxNTMzMzNfMzUwMDUzNzE1MV8xMTQ5Njc2NTY1NDhfMl8z_b_Bb09edbc5c475de303114646ba69364b6.mp4,13.274,其它
☆我曾用心爱着你,https://alimov2.a.kwimgs.com/upic/2023/08/06/22/BMjAyMzA4MDYyMjU0MjZfMzUwMDUzNzE1MV8xMDk4NTcwMDA2MDRfMl8z_b_Bd636c0f3be6c541734ed6ddc3f671389.mp4,16.738,其它
☆或者累,https://alimov2.a.kwimgs.com/upic/2023/08/07/10/BMjAyMzA4MDcxMDQxMjFfMzM5Njk4MTMyNl8xMDk4ODA1NjIyMDJfMF8z_b_Bac7f15b8e8955af7e55d787a8bfb9ee3.mp4,17.564,其它
☆护花使者,https://alimov2.a.kwimgs.com/upic/2023/07/27/14/BMjAyMzA3MjcxNDA3MDhfMzUwMDUzNzE1MV8xMDg5OTYxMTA0NDBfMl8z_b_Bc80cec26e6c8cbeae064bea41ab58d3a.mp4,16.693,其它
☆斑马斑马,https://alimov2.a.kwimgs.com/upic/2023/09/19/17/BMjAyMzA5MTkxNzM5MzBfMzUwMDUzNzE1MV8xMTMxMzEwOTM4ODdfMl8z_bF_B9698132f742dabc0a3206bb7268e6965.mp4,17.734,其它
☆无哥骷,https://txmov2.a.kwimgs.com/upic/2023/07/19/01/BMjAyMzA3MTkwMTQ1NDdfMzUwMDUzNzE1MV8xMDgzMTA5ODA0OThfMF8z_b_B5baa776881443bda78efb570c3841f4b.mp4,7.147,其它
☆晚风心里吹,https://alimov2.a.kwimgs.com/upic/2023/07/10/14/BMjAyMzA3MTAxNDE5MTdfMzM5Njk4MTMyNl8xMDc2MDM1MDcwMjhfMF8z_b_B2c9fa52d46ef9499c4682907e8328111.mp4,16.294,其它
☆月亮不曾奔我来,https://alimov2.a.kwimgs.com/upic/2023/07/27/00/BMjAyMzA3MjcwMDEzNDBfMzUwMDUzNzE1MV8xMDg5NjI3MDUyMzBfMl8z_b_Bbe40fd5c0503d204b062a77c8a2c834c.mp4,20.464,其它
☆木偶戏,https://alimov2.a.kwimgs.com/upic/2023/06/17/08/BMjAyMzA2MTcwODMxMDBfMzM5Njk4MTMyNl8xMDU3MDgyMTY4MjJfMF8z_b_Bf4b1d406c2bee6427993f91507e04c34.mp4,18.017,其它
☆来迟,https://alimov2.a.kwimgs.com/upic/2023/07/19/01/BMjAyMzA3MTkwMTQwNDVfMzUwMDUzNzE1MV8xMDgzMTA4ODY3ODlfMF8z_b_Bbd48b2af17f0bf1d8db03abe58e974f8.mp4,12.744,其它
☆桃花诺,https://alimov2.a.kwimgs.com/upic/2023/05/30/11/BMjAyMzA1MzAxMTE4MjFfMzM5Njk4MTMyNl8xMDQzMTcwNjA3NTZfMF8z_b_B18f7259c70b0cca9b64e2085b98cdfae.mp4,21.625,其它
☆泡沫,https://alimov2.a.kwimgs.com/upic/2023/08/19/20/BMjAyMzA4MTkyMDE2MzZfMzM5Njk4MTMyNl8xMTA5MDEwNzA2NDJfMF8z_b_Bdc4b6f3b05140acd82a8c7c5cfbad250.mp4,46.548,其它
☆灵魂习惯,https://alimov2.a.kwimgs.com/upic/2023/07/24/03/BMjAyMzA3MjQwMzM2NDNfMzUwMDUzNzE1MV8xMDg3MjUwODE2MDlfMl8z_b_Be302741e7902735315d6ab4d91e8f41b.mp4,16.401,其它
☆燕无歇,https://txmov2.a.kwimgs.com/upic/2023/07/19/01/BMjAyMzA3MTkwMTQ2NTdfMzUwMDUzNzE1MV8xMDgzMTEwMDE2NjRfMF8z_b_Be38462e17823715ea71e499ed818d1c5.mp4,3.185,其它
☆爱不得忘不得,https://txmov2.a.kwimgs.com/upic/2023/08/08/21/BMjAyMzA4MDgyMTM0MDlfMzUwMDUzNzE1MV8xMTAwMTMxMDk1MzVfMl8z_b_B70f84eb4b2877fb6d0720502f6d4083c.mp4,3.936,其它
☆特别的爱给特别的你,https://alimov2.a.kwimgs.com/upic/2023/07/26/14/BMjAyMzA3MjYxNDAwNDhfMzUwMDUzNzE1MV8xMDg5MTUxNTkyMzdfMl8z_b_Bd1197da32eb1b75b6854664cefc52e97.mp4,15.879,其它
☆真的爱你,https://alimov2.a.kwimgs.com/upic/2023/08/03/17/BMjAyMzA4MDMxNzU3NTRfMzUwMDUzNzE1MV8xMDk1ODg0OTM5ODRfMl8z_b_B9cd96b94554cd360f2edf7e6afa70d89.mp4,16.356,其它
☆笼子,https://alimov2.a.kwimgs.com/upic/2023/07/25/23/BMjAyMzA3MjUyMzU1NTVfMzUwMDUzNzE1MV8xMDg4ODE3Njk1NDBfMl8z_b_B57bcec6217a4d88f8e65a3fb215a24c7.mp4,17.234,其它
☆若把你,https://alimov2.a.kwimgs.com/upic/2023/08/02/18/BMjAyMzA4MDIxODE0MjVfMzUwMDUzNzE1MV8xMDk1MTAyNDQ5OTZfMl8z_b_Be41cdadf201349e1beb56be90e7e438c.mp4,16.715,其它
☆虞美人,https://alimov2.a.kwimgs.com/upic/2023/08/08/03/BMjAyMzA4MDgwMzQxMTNfMzUwMDUzNzE1MV8xMDk5NDY0MTcyNTRfMl8z_b_B99546b5762d9a666d4aa4023cb3de0a9.mp4,12.814,其它
☆西域美女,https://txmov2.a.kwimgs.com/upic/2023/08/06/00/BMjAyMzA4MDYwMDEzNDNfMzUwMDUzNzE1MV8xMDk3Nzk2MTc3MjdfMF8z_b_B43fd4402082771c1019e61b948ae5d60.mp4,5.824,其它
☆越南神曲,https://alimov2.a.kwimgs.com/upic/2023/08/05/05/BMjAyMzA4MDUwNTQ5MjJfMzUwMDUzNzE1MV8xMDk3MDM5ODM3ODdfMF8z_b_B7172bf63ab1ba23cd273233ae6307339.mp4,11.598,其它
☆错位时空,https://alimov2.a.kwimgs.com/upic/2023/08/04/23/BMjAyMzA4MDQyMzI5NTZfMzUwMDUzNzE1MV8xMDk2OTU4NTgwMThfMF8z_b_Bb1a434a56d3e9f0f807f49b17c890b15.mp4,16.413,其它
☆难忘,https://alimov2.a.kwimgs.com/upic/2023/08/08/14/BMjAyMzA4MDgxNDQwMTlfMzUwMDUzNzE1MV8xMDk5Nzg4MDkxNjFfMl8z_b_Bc948bd6dca1d18ddd0e8296fb62ce505.mp4,16.163,其它
《2005 歌者恋歌浓情30年 演唱会 完整字幕版》,https://vd3.bdstatic.com/mda-pb288z52kkp24j7d/hd/cae_h264/1675405760149439666/mda-pb288z52kkp24j7d.mp4,2.062,其它
《2010 再度感动香港演唱会 高清完整版》,https://vd4.bdstatic.com/mda-pb34i0fpkj0m4cps/hd/cae_h264/1675494022570178771/mda-pb34i0fpkj0m4cps.mp4,2.547,其它 高清/HD（158条）
《十首伤感DJ情歌》,https://vdse.bdstatic.com//5319e5b5cd1ad9d27a21b9bf4ad534ba.mp4,2.597,其它
《周杰伦2004无与伦比演唱会完整版》,https://vd4.bdstatic.com/mda-nmbpre7yr8iug4m1/576p/h264/1670863877948761917/mda-nmbpre7yr8iug4m1.mp4,2.317,其它
《好听情歌8首》,https://vd4.bdstatic.com/mda-nca4dy51snpz9cnz/sc/cae_h264_delogo/1647144982589585207/mda-nca4dy51snpz9cnz.mp4,2.415,其它
《拈花一笑》《对面的小姐姐》《想你了小哥哥》《一朵情花开》,https://vdse.bdstatic.com//7cfaf27a4db89583e069a40fbc2ed84b.mp4,2.173,其它
《李克勤2017年庆祝成立30周年演唱会高清完整版》,https://vd3.bdstatic.com/mda-nmcism1928599nu6/576p/h264/1670937708736425187/mda-nmcism1928599nu6.mp4,2.603,其它 高清/HD（158条）
《爱情这杯酒谁喝都得醉》《女人泪男人的罪》《伤了的心还爱谁》,https://vd3.bdstatic.com/mda-ndf4ps60f0w6xc7t/1080p/cae_h264_delogo/1650150194453999846/mda-ndf4ps60f0w6xc7t.mp4,4.000,其它
《爱难求情难断…》,https://vdse.bdstatic.com//0c8ed110c5522e9bd31752ecb999b1ab.mp4,2.981,其它
《谭咏麟2015年银河岁月40载演唱会 完整版》,https://vd4.bdstatic.com/mda-nmdgivr6da7bqpqs/hd/cae_h264/1671028643276847054/mda-nmdgivr6da7bqpqs.mp4,2.866,其它
「四川」沐川综合,http://tvfile.mcrm.org.cn/nmip-media/channellive/channel103064/playlist.m3u8?zsicd,8.725,其它 SD（412条）
「新疆」兵团八师石河子新闻综合,http://124.88.144.73:1935/live/xwzh/playlist.m3u8?zxinjd,2.542,其它 SD（412条）
「江苏」东台综合频道,http://dongtai-tv-hls.cm.jstv.com/dongtai-tv/dongtaizonghe.m3u8?zjiangsd,5.403,其它 SD（412条）
「江苏」宜兴新闻频道,http://yixing-tv-ori-hls.jstv.com/yixing-tv-ori/yixing_xw.m3u8?zjiangsd,6.360,其它 SD（412条）
「江苏」沛县新闻综合,http://peixian-tv-hls.cm.jstv.com/peixian-tv/pxzh.m3u8?zjiangsd,2.835,其它 SD（412条）
「江苏」泗阳综合频道,http://siyang-tv-hls.cm.jstv.com/siyang-tv/siyangzh.m3u8?zjiangsd,2.095,其它 SD（412条）
「江苏」盐都综合频道,http://yandu-tv-hls.cm.jstv.com/yandu-tv/yanduzh.m3u8?zjiangsd,3.237,其它 SD（412条）
「江苏」睢宁三农频道,http://suining-tv-hls.cm.jstv.com/suining-tv/suiningsn.m3u8?zjiangsd,2.383,其它 SD（412条）
「江苏」睢宁综合频道,http://suining-tv-hls.cm.jstv.com/suining-tv/suiningzh.m3u8?zjiangsd,3.618,其它 SD（412条）
「江苏」金湖新闻综合,http://jinhu-tv-hls.cm.jstv.com/jinhu-tv/jinhuzh.m3u8?zjiangsd,3.676,其它 SD（412条）
「江苏」高邮综合频道,http://gaoyou-tv-hls.cm.jstv.com/gaoyou-tv/gaoyouxw.m3u8?zjiangsd,3.832,其它 SD（412条）
「河南」嵩县综合新闻,http://tvpull.dxhmt.cn:9081/tv/10325-1.m3u8?zhend,11.063,其它 SD（412条）
「河南」巩义新闻综合,http://tvpull.dxhmt.cn:9081/tv/10181-1.m3u8?zhend,8.546,其它 SD（412条）
「河南」新安新闻综合,http://tvpull.dxhmt.cn:9081/tv/10323-1.m3u8?zhend,9.073,其它 SD（412条）
「河南」滑县新闻,http://tvpull.dxhmt.cn:9081/tv/10526-1.m3u8?zhend,12.508,其它 SD（412条）
「河南」灵宝新闻综合,http://tvpull.dxhmt.cn:9081/tv/11282-1.m3u8?zhend,18.172,其它 SD（412条）
「河南」邓州新闻,http://tvpull.dxhmt.cn:9081/tv/11381-1.m3u8?zhend,10.428,其它 SD（412条）
「河南」鹿邑新闻频道,http://tvpull.dxhmt.cn:9081/tv/11628-1.m3u8?zhend,12.373,其它 SD（412条）
「浙江」上虞新闻综合,http://l.cztvcloud.com/channels/lantian/SXshangyu1/720p.m3u8?zzhed,2.881,其它 SD（412条）
「浙江」嵊州新闻综合,http://l.cztvcloud.com/channels/lantian/SXshengzhou1/720p.m3u8?zzhed,3.832,其它 SD（412条）
「浙江」永嘉新闻综合,http://l.cztvcloud.com/channels/lantian/SXyongjia1/720p.m3u8?zzhed,21.598,其它 SD（412条）
「浙江」苍南新闻综合,http://l.cztvcloud.com/channels/lantian/SXcangnan1/720p.m3u8?zzhed,2.829,其它 SD（412条）
「浙江」萧山新闻综合,http://l.cztvcloud.com/channels/lantian/SXxiaoshan1/720p.m3u8?zzhed,14.053,其它 SD（412条）
「浙江」衢江新闻综合,http://l.cztvcloud.com/channels/lantian/SXqujiang1/720p.m3u8?zzhed,10.556,其它 SD（412条）
「浙江」诸暨新闻综合,http://l.cztvcloud.com/channels/lantian/SXzhuji3/720p.m3u8?zzhed,3.091,其它 SD（412条）
「浙江」龙泉新闻综合,http://l.cztvcloud.com/channels/lantian/SXlongquan1/720p.m3u8?zzhed,6.734,其它 SD（412条）
「浙江」龙游新闻综合,http://l.cztvcloud.com/channels/lantian/SXlongyou1/720p.m3u8?zzhed,2.490,其它 SD（412条）
一半疯了,https://txmov2.a.kwimgs.com/upic/2023/06/26/13/BMjAyMzA2MjYxMzEwNDhfMjk4Mjk3ODMxOF8xMDY0ODAxMTIxNTdfMl8z_b_B8c230eb7bad8f8cf5a9baf8c13d7800d.mp4?clientCacheKey=3x8redaakre6nhe_b.mp4&tt=b&di=75b3b1ea&bp=10000,30.020,其它
一句再会-陈思安,http://txmov2.a.yximgs.com/upic/2020/11/07/23/BMjAyMDExMDcyMzM3MTdfMTU0MDc1NjUwOF8zODg5OTQ0NTkxMl8yXzM=_b_B75778f52a4759d91ee9275fffb96812f.mp4,29.049,其它
一点泪水dj,https://vd2.bdstatic.com/mda-mm52zzkus5fqm4xh/sc/cae_h264/1638783595083455661/mda-mm52zzkus5fqm4xh.mp4,2.198,其它
一点点,https://cfss.cc/api/kg/612883.mp4,6.574,其它
一砖一瓦-杨哲,http://txmov2.a.yximgs.com/upic/2020/11/07/23/BMjAyMDExMDcyMzQxMzZfMTU0MDc1NjUwOF8zODg5OTUwODg5MF8yXzM=_b_B41249b6fddaf4b4ef4bb5aee7c4f431c.mp4,9.627,其它
一路向北,https://cfss.cc/api/kg/32776.mp4,8.896,其它
一路生花,https://txmov2.a.kwimgs.com/upic/2022/05/20/05/BMjAyMjA1MjAwNTIzMjZfOTU2MzA3MDg4Xzc0ODAyMzM2MTg0XzJfMw==_b_Be5527eb67c325ba55f9c099f838e34c7.mp4,16.186,其它
一首爱一回错一回DJ版,https://vd4.bdstatic.com/mda-mbim69siwwsgwp7d/v1-cae/1080p/mda-mbim69siwwsgwp7d.mp4,4.060,其它
丁当精选30首(2小时),https://www.iesdouyin.com/aweme/v1/playwm/?video_id=v0200fg10000ch5q3urc77u1uogf5aq0&ratio=720p&line=0,9.177,其它
七星酒吧舞曲,https://vd2.bdstatic.com/mda-mkq4p7459ade8936/sc/cae_h264/1637813773613914093/mda-mkq4p7459ade8936.mp4,2.343,其它
七月的极光,https://cfss.cc/api/kg/14853225.mp4,13.594,其它
七里香,https://cfss.cc/api/kg/756969.mp4,4.721,其它
三沙卫视,http://111.56.90.5/000000000000/5000000011000288016/1.m3u8,3.112,其它
三沙卫视,https://live.264788.xyz/channel/sanshaweishi?streamid=40ce8e7e766a97b9b5f39c4f54ea627c&livekey=01WgOR41rriMmMkzNsd0UoaxJRwetZdxIvtVk,6.670,其它
三沙卫视,https://live.264788.xyz/channel/sanshaweishi?streamid=502fb01298ebb7b4b67fe7b53a9b2af4&livekey=01WgOR41rriMmMkzNsd0UoaxJRwetZdxIvtVk,6.434,其它
三沙卫视,https://live.264788.xyz/channel/sanshaweishi?streamid=d0a3642d102c45219333005531a2fc94&livekey=01WgOR41rriMmMkzNsd0UoaxJRwetZdxIvtVk,9.686,其它
三沙卫视,https://live.264788.xyz/channel/sanshaweishi?streamid=2908f08b5a176330d190b7343b1bb17d&livekey=01WgOR41rriMmMkzNsd0UoaxJRwetZdxIvtVk,9.939,其它
上海,http://124.93.18.239:9003/hls/25/index.m3u8,7.741,其它 SD（412条）
上海一九四三,https://cfss.cc/api/kg/598114.mp4,20.197,其它 SD（412条）
上海教育,http://111.56.90.5/000000000000/5000000011000288019/index.m3u8,3.175,其它 SD（412条）
上海教育,https://live.264788.xyz/channel/shanghaijiaoyu?streamid=b02bea090da12acecb8361a581676210&livekey=01WgOR41rriMmMkzNsd0UoaxJRwetZdxIvtVk,6.206,其它
上海教育,https://live.264788.xyz/channel/shanghaijiaoyu?streamid=23a01b2c8e8e22aa3bb7b227a129e2c4&livekey=01WgOR41rriMmMkzNsd0UoaxJRwetZdxIvtVk,5.728,其它
上海教育,https://live.264788.xyz/channel/shanghaijiaoyu?streamid=7929616b4ed4f0398125e35ab1172c4a&livekey=01WgOR41rriMmMkzNsd0UoaxJRwetZdxIvtVk,7.049,其它
上海教育,https://live.264788.xyz/channel/shanghaijiaoyu?streamid=8d167a5b0fdf668c0f442e838db5e410&livekey=01WgOR41rriMmMkzNsd0UoaxJRwetZdxIvtVk,7.333,其它
上海新闻综合,http://111.56.90.5/000000000000/5000000011000031110/index.m3u8,3.123,其它 SD（412条）
上海新闻综合,https://live.264788.xyz/channel/shanghaixinwenzonghe?streamid=6f4b191d0930fafab8274665578e1df8&livekey=01WgOR41rriMmMkzNsd0UoaxJRwetZdxIvtVk,10.070,其它
上海新闻综合,https://live.264788.xyz/channel/shanghaixinwenzonghe?streamid=c0bc623be007e5295d462465c7bd7bd7&livekey=01WgOR41rriMmMkzNsd0UoaxJRwetZdxIvtVk,4.277,其它
上海新闻综合,https://live.264788.xyz/channel/shanghaixinwenzonghe?streamid=b42305d47a7ea7de356f6b9953dd63fb&livekey=01WgOR41rriMmMkzNsd0UoaxJRwetZdxIvtVk,7.442,其它
上海新闻综合,https://live.264788.xyz/channel/shanghaixinwenzonghe?streamid=a064629942f561cf9f5a930648802197&livekey=01WgOR41rriMmMkzNsd0UoaxJRwetZdxIvtVk,9.317,其它
上海都市,https://live.264788.xyz/channel/shanghaidushi?streamid=04d627efc64630bba0d2507513583a6f&livekey=01WgOR41rriMmMkzNsd0UoaxJRwetZdxIvtVk,8.157,其它
上海都市,https://live.264788.xyz/channel/shanghaidushi?streamid=08cdaffbd7855272c1a4c37b75f53892&livekey=01WgOR41rriMmMkzNsd0UoaxJRwetZdxIvtVk,9.406,其它
上海都市,https://live.264788.xyz/channel/shanghaidushi?streamid=d6aa1eedf2ffc5a88ee19737d90c28c6&livekey=01WgOR41rriMmMkzNsd0UoaxJRwetZdxIvtVk,9.572,其它
上海都市,https://live.264788.xyz/channel/shanghaidushi?streamid=66feaac0153fda6d6dce43f793c0ae59&livekey=01WgOR41rriMmMkzNsd0UoaxJRwetZdxIvtVk,7.501,其它
上蔡综合,http://tvpull.dxhmt.cn:9081/tv/11722-1.m3u8,10.670,其它
上虞1新闻综合 (720p) [Not 24/7],https://l.cztvcloud.com/channels/lantian/SXshangyu1/720p.m3u8,10.896,其它 SD（412条）
上虞3新商都 (720p) [Not 24/7],https://l.cztvcloud.com/channels/lantian/SXshangyu3/720p.m3u8,3.323,其它
上虞文化影视,http://l.cztvcloud.com/channels/lantian/SXshangyu2/720p.m3u8,12.269,其它
上虞文化影院,http://l.cztvcloud.com/channels/lantian/SXshangyu2/720p.m3u8?zzhed,15.778,其它
上虞新商都,http://l.cztvcloud.com/channels/lantian/SXshangyu3/720p.m3u8?zzhed,11.092,其它
上虞新商都,http://l.cztvcloud.com/channels/lantian/SXshangyu3/720p.m3u8?zzhed\r\n,4.085,其它
上虞新商都|澜露直播,https://stream1.freetv.fun/3304d40ab080cfdc62386a8b26bd04cdbc7330f96858e3e1a69326aa4a94ed2a.m3u8,4.506,其它
上虞新尚都|澜露直播,http://l.cztvcloud.com/channels/lantian/SXshangyu3/720p.m3u8,7.384,其它
上虞新闻|澜露直播,https://stream1.freetv.fun/10f878df91ad1768ede91f010c6cc072507a54783e88ddaec8f54356a8945884.m3u8,10.860,其它 SD（412条）
上虞經濟文化 (720p) [Not 24/7],https://l.cztvcloud.com/channels/lantian/SXshangyu2/720p.m3u8,2.241,其它
不愧是戏曲上的不倒翁,http://gcw.bdcdn.shoujiduoduo.com/v/190617/d37e4e0a63b5cfd4ec0c05edb64351e4.mp4,53.009,其它
不能说的秘密,https://cfss.cc/api/kg/159059.mp4,12.527,其它
不该,https://cfss.cc/api/kg/581244.mp4,9.258,其它
与野生动物为邻,http://newcntv.qcloudcdn.com/asp/hls/1200/0303000a/3/default/d25931bed86a49d4afb8780771797c19/1200.m3u8,2.970,其它
世界地理,https://live.264788.xyz/channel/shijiedili?streamid=4db73bb90b7af6eb8506496390bb0d93&livekey=01WgOR41rriMmMkzNsd0UoaxJRwetZdxIvtVk,7.467,其它
世界地理,https://live.264788.xyz/channel/shijiedili?streamid=8a034b40397504e25b3775c772237996&livekey=01WgOR41rriMmMkzNsd0UoaxJRwetZdxIvtVk,4.448,其它
东北热剧,http://111.56.90.5/000000000000/1000000005000266013/index.m3u8,3.023,其它
东南卫视,http://61.178.227.57:9901/tsfile/live/0137_1.m3u8?key=txiptv&playlive=1&authid=0,5.210,卫视 SD（632条）
东南卫视,http://114.241.111.4:85/tsfile/live/43/1043_1.m3u8?key=txiptv,4.378,卫视 SD（632条）
东南卫视,http://111.56.90.5/000000000000/5000000001000005829/index.m3u8,2.881,卫视 SD（632条）
东南卫视,http://61.178.227.57:9901/tsfile/live/0137_1.m3u8?key=txiptv&amp;playlive=1&amp;authid=0,3.457,卫视 SD（632条）
东南卫视,http://27.129.145.110:4433/hls/27/index.m3u8,6.857,其它
东南卫视,http://nn.7x9d.cn/mk.php?ip=118.212.78.74:8014&id=dnws,8.033,其它
东南卫视,https://live.264788.xyz/channel/dongnanweishi?streamid=4d90aad6479c0a0b75ec6c1bae2fe784&livekey=01WgOR41rriMmMkzNsd0UoaxJRwetZdxIvtVk,6.215,其它
东南卫视,http://111.56.90.5/000000000000/1000000005000265033/1.m3u8,3.070,其它
东南卫视,https://live.264788.xyz/channel/dongnanweishi?streamid=edd28764848639e732d8b016f237f1c6&livekey=01WgOR41rriMmMkzNsd0UoaxJRwetZdxIvtVk,4.216,其它
东南卫视,http://111.56.90.5/000000000000/1000000002000009263/1.m3u8,2.997,其它
东南卫视,https://live.264788.xyz/channel/dongnanweishi?streamid=c03df89ae9846b79a770c4c369acb60e&livekey=01WgOR41rriMmMkzNsd0UoaxJRwetZdxIvtVk,7.533,其它
东南卫视,http://111.56.90.5/000000000000/5000000004000010584/1.m3u8,2.284,其它
东南卫视,https://live.264788.xyz/channel/dongnanweishi?streamid=413b61f1d39c255162de35c161674037&livekey=01WgOR41rriMmMkzNsd0UoaxJRwetZdxIvtVk,5.297,其它
东南卫视,https://live.264788.xyz/channel/dongnanweishi?streamid=7ac1647173cac04556dbb3d5dd784331&livekey=01WgOR41rriMmMkzNsd0UoaxJRwetZdxIvtVk,9.436,其它
东南卫视,https://live.264788.xyz/channel/dongnanweishi?streamid=885a6a474f57bcf0bf6641441080e3d4&livekey=01WgOR41rriMmMkzNsd0UoaxJRwetZdxIvtVk,10.324,其它
东平民生,http://1.94.31.214/php/qilu.php?id=tadpms,8.982,其它
东平综合|澜露直播,http://43.138.196.212/q0l.php?id=tadpxw,11.014,其它
东平综合|澜露直播,http://1.94.31.214/php/qilu.php?id=tadpzh,9.779,其它
东方卫视,http://223.95.198.3:8000/hls/22/index.m3u8,7.852,卫视 SD（632条）
东方卫视,http://61.178.227.57:9901/tsfile/live/0107_1.m3u8?key=txiptv&playlive=1&authid=0,5.130,卫视 SD（632条）
东方卫视,http://61.178.227.57:9901/tsfile/live/0107_1.m3u8?key=txiptv&amp;playlive=1&amp;authid=0,5.526,卫视 SD（632条）
东方卫视,http://111.56.90.5/000000000000/5000000004000014098/index.m3u8,2.116,卫视 SD（632条）
东方卫视,http://27.129.145.110:4433/hls/40/index.m3u8,7.009,其它
东方卫视,http://183.62.8.58:50085/tsfile/live/0107_1.m3u8?key=txiptv&playlive=1&authid=0,3.049,卫视 SD（632条）
东方卫视,https://live.264788.xyz/channel/dongfangweishi?streamid=a98a89080092a7cf477ee2ef68844319&livekey=01WgOR41rriMmMkzNsd0UoaxJRwetZdxIvtVk,6.851,其它
东方卫视,http://111.56.90.5/000000000000/1000000005000265018/1.m3u8,3.034,其它
东方卫视,https://live.264788.xyz/channel/dongfangweishi?streamid=85aea482acc87c868b509dfc6299cc44&livekey=01WgOR41rriMmMkzNsd0UoaxJRwetZdxIvtVk,9.478,其它
东方卫视,https://live.264788.xyz/channel/dongfangweishi?streamid=1d5fd57f18cd8a77af78ee5e1f479e70&livekey=01WgOR41rriMmMkzNsd0UoaxJRwetZdxIvtVk,5.759,其它
东方卫视,http://111.56.90.5/000000000000/5000000010000032246/1.m3u8,2.796,其它
东方卫视,http://111.56.90.5/000000000000/6000000001000003639/1.m3u8,3.170,其它
东方卫视,https://live.264788.xyz/channel/dongfangweishi?streamid=aa8142885ada622172731e7680cd83b7&livekey=01WgOR41rriMmMkzNsd0UoaxJRwetZdxIvtVk,8.874,其它
东方卫视,https://live.264788.xyz/channel/dongfangweishi?streamid=d5d7da9b3bb6bae0fe51c654812c073a&livekey=01WgOR41rriMmMkzNsd0UoaxJRwetZdxIvtVk,9.395,其它
东方卫视-高清,http://114.241.111.4:85/tsfile/live/41/1041_1.m3u8?key=txiptv,5.179,卫视 高清/HD（33条）
东方卫视4K,https://live.264788.xyz/channel/dongfangweishi4k?streamid=b8c707e2ca95b85511f6c50c9638128b&livekey=01WgOR41rriMmMkzNsd0UoaxJRwetZdxIvtVk,10.180,其它
东方卫视4K,https://live.264788.xyz/channel/dongfangweishi4k?streamid=ac7357572df3296592eeaee3c55edac6&livekey=01WgOR41rriMmMkzNsd0UoaxJRwetZdxIvtVk,7.762,其它
东方影视,https://live.264788.xyz/channel/dongfangyingshi?streamid=6b0126f9b7bc4f48ba696eec5680e906&livekey=01WgOR41rriMmMkzNsd0UoaxJRwetZdxIvtVk,10.092,其它
东方影视,https://live.264788.xyz/channel/dongfangyingshi?streamid=4119308d25ef60295b2aa8f2898e3e31&livekey=01WgOR41rriMmMkzNsd0UoaxJRwetZdxIvtVk,9.898,其它
东方影视,https://live.264788.xyz/channel/dongfangyingshi?streamid=0995015e995fbffe5924ab43ff48f40f&livekey=01WgOR41rriMmMkzNsd0UoaxJRwetZdxIvtVk,4.554,其它
东方影视,https://live.264788.xyz/channel/dongfangyingshi?streamid=c016ecf40cfad98bdb2f24dae2067863&livekey=01WgOR41rriMmMkzNsd0UoaxJRwetZdxIvtVk,9.737,其它
东方财经,http://111.56.90.5/000000000000/5000000007000010003/index.m3u8,2.178,其它
东方财经,https://live.264788.xyz/channel/dongfangcaijing?streamid=82d4a4e6dd7add9e6d65efc2d7658b04&livekey=01WgOR41rriMmMkzNsd0UoaxJRwetZdxIvtVk,9.176,其它
东方财经,https://live.264788.xyz/channel/dongfangcaijing?streamid=a031f2386ada4bc1264edce79c80dd18&livekey=01WgOR41rriMmMkzNsd0UoaxJRwetZdxIvtVk,6.800,其它
东方购物,https://live.264788.xyz/channel/dongfanggouwu?streamid=eeaff1cd39e54df91b0c78a39177c49a&livekey=01WgOR41rriMmMkzNsd0UoaxJRwetZdxIvtVk,5.294,其它
东方购物,https://live.264788.xyz/channel/dongfanggouwu?streamid=dcba68715ee4b61f9d03d23fe8cda368&livekey=01WgOR41rriMmMkzNsd0UoaxJRwetZdxIvtVk,4.684,其它
东方购物,https://live.264788.xyz/channel/dongfanggouwu?streamid=ae298b071395e7c4b8f5105ba9b22ef6&livekey=01WgOR41rriMmMkzNsd0UoaxJRwetZdxIvtVk,4.821,其它
东方购物,https://live.264788.xyz/channel/dongfanggouwu?streamid=6e1c8fcfd09faa555bf1a3f560c46d09&livekey=01WgOR41rriMmMkzNsd0UoaxJRwetZdxIvtVk,8.227,其它
东昌综合,http://1.94.31.214/php/qilu.php?id=lcdczh,7.067,其它
东森电影,http://8.218.84.3:8885/live/LxWcScuQ6WphaELY4DhkKm8SIv7_ZgNIJtNvFurqphvyqxUIU84OjKVCwFxMq9iUHWMHCytb2VBItbRCwo0LykwxMoUHpMM_iP4852Z3fkyk8zLr_cHdtRNfGHcdy6CBHw-Gsla_fUeSZd5w4Wac0uJflUo3jPx-syZub8WoZXN8RiuExRGYFHshahLkcavYsTA0xVX1vv5-7vKJhs-n7zwpfIB1QcisXHnKxS0kd5Hze8xeJra-LdG_RCTOfdFcvx03TGauO_eJLMAVKIyz9Q.m3u8?u=1756878715,2.345,其它 SD（412条）
东莞新闻综合,https://stream.sun0769.com/dgrtv1/mp4tv1_800/index.m3u8,2.008,其它 SD（412条）
东莞生活资讯|澜露直播,https://stream.sun0769.com/dgrtv1/mp4tv2_1500/index.m3u8,3.188,其它
东营公共,http://1.94.31.214/php/qilu.php?id=dygg,3.636,其它
东营区新闻|澜露直播,http://1.94.31.214/php/qilu.php?id=dydyqxw,5.526,其它
东营区科教|澜露直播,http://1.94.31.214/php/qilu.php?id=dydyqkj,6.277,其它
东营区综合|澜露直播,http://43.138.196.212/q0l.php?id=dyqxw,5.274,其它
东营新闻综合,http://1.94.31.214/php/qilu.php?id=dyxwzh,5.246,其它 SD（412条）
东营科教,http://1.94.31.214/php/qilu.php?id=dykj,3.399,其它
东阿综合|澜露直播,http://1.94.31.214/php/qilu.php?id=lcdezh,9.735,其它
东阿综艺|澜露直播,http://1.94.31.214/php/qilu.php?id=lcdezy,12.726,其它
东风破,https://cfss.cc/api/kg/158899.mp4,3.942,其它
两个人-蔡妍-BerryGood,https://vd2.bdstatic.com/mda-iffus60ju99vp5kr/sc/mda-iffus60ju99vp5kr.mp4,2.541,其它
严凤英韩再芬周源源,http://gcw.bdcdn.shoujiduoduo.com/v/190702/ed2662b8d3d3a875e01a53c669f4af50.mp4,10.131,其它
中原名丑张晓英曲剧《老两口玩浪漫》真搞笑！,http://gcw.bdcdn.shoujiduoduo.com/v/190330/4f21f789c48f1c4a9c739e26056a65af.mp4,7.765,其它
中国天气,https://live.264788.xyz/channel/zhongguotianqi?streamid=4a1e900ecad5a3bbb14a1f5986ac5e2e&livekey=01WgOR41rriMmMkzNsd0UoaxJRwetZdxIvtVk,8.945,其它
中国天气,https://live.264788.xyz/channel/zhongguotianqi?streamid=3c26e5448ae7d17e8ca0e64999d90b3d&livekey=01WgOR41rriMmMkzNsd0UoaxJRwetZdxIvtVk,5.791,其它
中国蓝新闻,http://ali-m-l.cztv.com/channels/lantian/channel009/1080p.m3u8,4.248,其它
中文DJ舞曲点播,https://txmov2.a.kwimgs.com/bs3/video-hls/5225020119572067546_hlsb.m3u8,7.034,其它
中江|澜露直播,https://bl.zjtvrm.cn/live/zjrmzxzb.m3u8?timestamp=20250617174454&encrypt=7759375eb83dccfe26811155bff1c4be,5.297,其它
中视购物,http://111.56.90.5/000000000000/1000000005000024883/index.m3u8,2.929,港澳台 SD（27条）
丰城|澜露直播,http://play-sh13.quklive.com/live/1753663315049013.m3u8?auth_key=2079618218-43a81f8882264506923871b82faf8326-0-1b2ac19fffa1a603da6cb6e67161ac25,6.934,其它
丰宁综合频道,https://jwcdnqx.hebyun.com.cn/live/fengningzonghe/1500k/tzwj_video.m3u8,4.202,其它
串烧,https://txmov2.a.kwimgs.com/bs3/video-hls/5198561450301066675_hlsb.m3u8,4.516,其它
临夏综合|澜露直播,http://play.kankanlive.com/live/1714096320293954.m3u8,10.202,其它
临平新闻综合频道,http://l.cztvcloud.com/channels/lantian/SXyuhang2/720p.m3u8,5.410,其它 SD（412条）
临朐综合|澜露直播,http://1.94.31.214/php/qilu.php?id=wflqxw,13.695,其它
临朐综合|澜露直播,http://43.138.196.212/q0l.php?id=wflqxw,13.962,其它
临沧|澜露直播,https://hwapi.yntv.net/6tt654/1i495z.m3u8,2.448,其它
临沭生活|澜露直播,http://43.138.196.212/q0l.php?id=lyls2,12.589,其它
临沭生活|澜露直播,http://1.94.31.214/php/qilu.php?id=lyls2,16.291,其它
临沭综合|澜露直播,http://43.138.196.212/q0l.php?id=lyls1,18.054,其它
临沭综合|澜露直播,http://1.94.31.214/php/qilu.php?id=lyls1,15.157,其它
临淄新闻|澜露直播,http://1.94.31.214/php/qilu.php?id=zblzxw,6.313,其它
临淄新闻综合|澜露直播,http://43.138.196.212/q0l.php?id=zblzxw,9.774,其它
临淄生活|澜露直播,http://1.94.31.214/php/qilu.php?id=zblzsh,3.587,其它
临清经济|澜露直播,http://1.94.31.214/php/qilu.php?id=lclqjj,5.169,其它
临清经济信息[768*576]|澜露直播,http://43.138.196.212/q0l.php?id=lclqjj,3.867,其它
临清综合[768*576]|澜露直播,http://43.138.196.212/q0l.php?id=lclqzh,6.382,其它
临清综合|澜露直播,http://1.94.31.214/php/qilu.php?id=lclqzh,9.107,其它
临颍综合,http://tvpull.dxhmt.cn:9081/tv/11122-1.m3u8?%E5%85%B3%E6%B3%A8%E5%BE%AE%E4%BF%A1%E5%85%AC%E4%BC%97%E5%8F%B7[%E6%99%B4%E5%9B%AD],13.421,其它
为爱疯狂,https://vd2.bdstatic.com/mda-maiq19kmh7y0q6wz/v1-cae/1080p/mda-maiq19kmh7y0q6wz.mp4,6.088,其它
丽水庆元综合|澜露直播,http://l.cztvcloud.com/channels/lantian/SXqingyuan1/720p.m3u8,6.828,其它
丽水遂昌综合,http://l.cztvcloud.com/channels/lantian/SXsuichang1/720p.m3u8,5.451,其它
丽水青田综合|澜露直播,http://l.cztvcloud.com/channels/lantian/SXqingtian1/720p.m3u8,4.165,其它
义马新闻综合,http://tvpull.dxhmt.cn:9081/tv/11281-1.m3u8?%E5%85%B3%E6%B3%A8%E5%BE%AE%E4%BF%A1%E5%85%AC%E4%BC%97%E5%8F%B7[%E6%99%B4%E5%9B%AD],10.835,其它 SD（412条）
之江纪录|澜露直播,https://ali-m-l.cztv.com/channels/lantian/channel012/1080p.m3u8,5.011,其它
之江记录,http://ali-m-l.cztv.com/channels/lantian/channel012/1080p.m3u8?,3.351,其它
乐游,http://111.56.90.5/000000000000/5000000006000040025/index.m3u8,3.061,其它
乐游,https://live.264788.xyz/channel/leyou?streamid=c42280fbd7acfcf92be4a818db2c4677&livekey=01WgOR41rriMmMkzNsd0UoaxJRwetZdxIvtVk,7.459,其它
乐游,https://live.264788.xyz/channel/leyou?streamid=a78c3be5e442f08c68188705bea4f11f&livekey=01WgOR41rriMmMkzNsd0UoaxJRwetZdxIvtVk,8.926,其它
乐游,https://live.264788.xyz/channel/leyou?streamid=f76a46c986423a63fe578de127ff4e1e&livekey=01WgOR41rriMmMkzNsd0UoaxJRwetZdxIvtVk,8.042,其它
乐游,https://live.264788.xyz/channel/leyou?streamid=ae6266003901f07c1ab6d3a717078d4e&livekey=01WgOR41rriMmMkzNsd0UoaxJRwetZdxIvtVk,9.540,其它
乐至综合频道|澜露直播,http://175.155.106.72:89/live1/live1.m3u8,7.776,其它
乐陵城市生活|澜露直播,http://43.138.196.212/q0l.php?id=dzllcs,5.593,其它
乐陵新闻综合|澜露直播,http://43.138.196.212/q0l.php?id=dzllxw,4.983,其它
乐陵综合|澜露直播,http://1.94.31.214/php/qilu.php?id=dzllxw,4.444,其它
乐陵综艺|澜露直播,http://1.94.31.214/php/qilu.php?id=dzllcs,3.662,其它
乔华云演唱曲剧《王小赶脚》选场,http://gcw.bdcdn.shoujiduoduo.com/v/190524/74c592424d50fd8dda66f52b9b30a650.mp4,12.055,其它
乘着火车看中国,http://newcntv.qcloudcdn.com/asp/hls/4000/0303000a/3/default/2b0f397ed9d948eb9fac38d73cde241b/4000.m3u8,2.285,其它
九师电视台,https://liveout.btzx.com.cn/3pyc0h/dbfvwu.m3u8,2.424,其它
乡间的路,https://txmov2.a.kwimgs.com/upic/2026/03/25/08/BMjAyNjAzMjUwODA1MDBfMTA3ODg4NDAxMV8xOTEyMzE2NDEyMThfMV8z_b_B2d1b0eedf0a83f3201b94be8e89963e0.mp4,14.239,其它
买年货-赵本山,http://uptt.gcwduoduo.com/v/220517/42619f0a30cbc99e8a1d9fff5e3984f6.mp4,28.281,其它
乳山生活|澜露直播,http://1.94.31.214/php/qilu.php?id=whrssh,11.581,其它
乳山综合|澜露直播,http://1.94.31.214/php/qilu.php?id=whrszh,13.157,其它
二人台-借笊篱,http://gcw.bdcdn.shoujiduoduo.com/v/200302/954ba57467c5a9e254a9fb248fb8fba8.mp4,9.067,其它
二人台《卖油》武利平,http://gcw.bdcdn.shoujiduoduo.com/v/191020/f30535c29135b2d97066f459aaf44ef2.mp4,15.988,其它
二人台《小叔子挎嫂嫂》,http://gcw.bdcdn.shoujiduoduo.com/v/190917/b887dfe149fd8b1cc5fbe3eac546b49a.mp4,6.573,其它
二人台传统剧目《种洋烟》,http://gcw.bdcdn.shoujiduoduo.com/v/200224/4b9ccc2437f42dcfe3614bb6ba90ecc7.mp4,6.480,其它
二人台小放牛,http://gcw.bdcdn.shoujiduoduo.com/v/191212/c1ce88590d948dde187d414b0ed326ed.mp4,12.744,其它
二人台红红火火二人台,http://gcw.bdcdn.shoujiduoduo.com/v/190706/e9cfd643c90fea9081e6ae5d18b654f0.mp4,7.122,其它
二人台跳粉墙,http://gcw.bdcdn.shoujiduoduo.com/v/191230/4f213a68f7844ffc506e69bd3309dd3f.mp4,14.092,其它
云南卫视,http://223.95.198.3:8000/hls/45/index.m3u8,7.904,卫视 SD（632条）
云南卫视,http://223.95.198.3:8000/hls/44/index.m3u8,7.597,卫视 SD（632条）
云南卫视,http://111.56.90.5/000000000000/5000000006000040019/index.m3u8,2.857,卫视 SD（632条）
云南卫视,http://183.62.8.58:50085/tsfile/live/0119_1.m3u8?key=txiptv&playlive=1&authid=0,3.002,卫视 SD（632条）
云南卫视,http://221.7.49.226:50085/tsfile/live/0119_1.m3u8?key=txiptv&playlive=1&authid=0,3.511,卫视 SD（632条）
云南卫视,http://61.178.227.57:9901/tsfile/live/0119_1.m3u8?key=txiptv&amp;playlive=1&amp;authid=0,4.788,卫视 SD（632条）
云南卫视,https://live.264788.xyz/channel/yunnanweishi?streamid=be30746d3aa0bb76eb69103606a6b26b&livekey=01WgOR41rriMmMkzNsd0UoaxJRwetZdxIvtVk,10.713,其它
云南卫视,https://live.264788.xyz/channel/yunnanweishi?streamid=0fb596dd22d0e6fbf7e347d81374ac88&livekey=01WgOR41rriMmMkzNsd0UoaxJRwetZdxIvtVk,9.975,其它
云南卫视,http://27.129.145.110:4433/hls/32/index.m3u8,4.086,其它
云南卫视,https://live.264788.xyz/channel/yunnanweishi?streamid=957481b7bfcc2dac14d0c02a6ef0de05&livekey=01WgOR41rriMmMkzNsd0UoaxJRwetZdxIvtVk,4.267,其它
云南卫视,https://live.264788.xyz/channel/yunnanweishi?streamid=22491d4d9e9620540ee58218ee249b35&livekey=01WgOR41rriMmMkzNsd0UoaxJRwetZdxIvtVk,2.555,其它
云南卫视,http://111.56.90.5/000000000000/1000000002000024694/1.m3u8,3.006,其它
云南卫视,http://111.56.90.5/000000000000/5000000006000040019/1.m3u8,2.977,其它
云南卫视,http://111.56.90.5/000000000000/5000000011000031120/1.m3u8,2.140,其它
云南卫视,https://live.264788.xyz/channel/yunnanweishi?streamid=fe7f665eb83ec0b1eebd4120b1a74d77&livekey=01WgOR41rriMmMkzNsd0UoaxJRwetZdxIvtVk,4.800,其它
云南娱乐|澜露直播,https://hwapi.yntv.net/62hdvf/q9vs1b.m3u8,2.320,其它
云南娱乐|澜露直播,https://stream1.freetv.fun/1e519db50efc47898d28b361b278dd74438de87cd84222210bb38c2e60968666.m3u8,2.608,其它
云南康旅|澜露直播,https://hwapi.yntv.net/62hdvf/227q43.m3u8,3.897,其它
云南都市|澜露直播,https://hwapi.yntv.net/62hdvf/rjwt14.m3u8,2.748,其它
云和新闻综合,http://l.cztvcloud.com/channels/lantian/SXyunhe1/720p.m3u8,12.807,其它
云浮文旅|澜露直播,https://livestream.oeeee.com/slive/28284.m3u8,3.679,其它
云浮综合|澜露直播,https://livestream.oeeee.com/slive/28283.m3u8,4.764,其它
云飞现场一首《亲亲的二人台》帅到全场尖叫!,http://gcw.bdcdn.shoujiduoduo.com/v/200122/2956c3d631e201b6427a847dc05c492f.mp4,18.549,其它
云龙|澜露直播,https://hwapi.yntv.net/b0231t/f502oq.m3u8,3.534,其它
五师综合|澜露直播,http://liveout.btzx.com.cn/62ds9e/4nxdih.m3u8,2.749,其它
五星体育,http://111.56.90.5/000000000000/5000000010000017540/index.m3u8,2.217,其它
五星体育,https://live.264788.xyz/channel/wuxingtiyu?streamid=86a2efa09c42c8f425082fc405958019&livekey=01WgOR41rriMmMkzNsd0UoaxJRwetZdxIvtVk,6.926,其它
五星体育,https://live.264788.xyz/channel/wuxingtiyu?streamid=bacdc88caa25b71b955f471072f07349&livekey=01WgOR41rriMmMkzNsd0UoaxJRwetZdxIvtVk,10.418,其它
五星体育,https://live.264788.xyz/channel/wuxingtiyu?streamid=574ea4050333d6418edfd71d0df52f43&livekey=01WgOR41rriMmMkzNsd0UoaxJRwetZdxIvtVk,4.780,其它
五星体育,https://live.264788.xyz/channel/wuxingtiyu?streamid=5d17da390f8e4805aae4a71868d4ef6c&livekey=01WgOR41rriMmMkzNsd0UoaxJRwetZdxIvtVk,5.541,其它
五月天精选37首(2小时),https://txmov2.a.kwimgs.com/upic/2021/12/07/23/BMjAyMTEyMDcyMzU2MzBfMjgwMTM4ODFfNjIzMTcwNTU3MTlfMl8z_b_Bd70a16353267a52b31d11f2cb77c6c5b.mp4,6.569,其它
五莲文化|澜露直播,http://1.94.31.214/php/qilu.php?id=rzwlwh,10.490,其它
五莲文化旅游|澜露直播,http://43.138.196.212/q0l.php?id=rzwlwh,11.603,其它
井冈山|澜露直播,http://play-a2.quklive.com/live/1743498103845328.m3u8,8.239,其它
井冈山综合|澜露直播,https://play-a2.quklive.com/live/1743498103845328.m3u8,11.387,其它
井研新闻综合|澜露直播,http://tvfile.jyrmt.cn:80/nmip-media/channellive/channel104452/playlist.m3u8,4.464,其它 SD（412条）
井研综合,http://tvfile.jyrmt.cn/nmip-media/channellive/channel104452/playlist.m3u8,6.339,其它
亚洲卫视,https://p2hs.vzan.com/slowlive/821481626725612420/live.m3u8,2.034,其它
亚洲影院,http://111.56.90.5/000000000000/5841816227539527643/index.m3u8,2.800,港澳台 SD（27条）
亚洲新闻台,http://d2e1asnsl7br7b.cloudfront.net/7782e205e72f43aeb4a48ec97f66ebbe/index_4.m3u8,3.426,其它
京剧梨花颂-侯红琴张涛,http://gcw.bdcdn.shoujiduoduo.com/v/190627/f4fe75219f7462fd5a8e2fa03673c941.mp4,29.366,其它
亳州农村,http://zbbf2.ahbztv.com/live/418.m3u8?zanhd,12.307,其它
亳州农村|澜露直播,http://zbbf2.ahbztv.com/live/418.m3u8,7.977,其它
亳州综合|澜露直播,http://zbbf2.ahbztv.com/live/416.m3u8,11.904,其它
什邡新闻频道|澜露直播,http://live.sfrmt.com:85/live/zhpd.m3u8,2.012,其它 SD（412条）
什邡新闻频道|澜露直播,http://live.sfrmt.com:85/live/zhpd.m3u8?zsicd,2.400,其它 SD（412条）
仁寿|澜露直播,https://play.scrstv.com.cn/TV/xwzh.m3u8?auth_key=1724660870-0-0-a245e661caf0188f84e8e486754a80ce,5.732,其它
今夜回望dj,https://vd2.bdstatic.com/mda-mkv7cbzq5xdtf9ms/sc/cae_h264/1638478442002383579/mda-mkv7cbzq5xdtf9ms.mp4,2.246,其它
今日热歌DJ《如果爱还在》《A8回心转意》《爱到最后就是痛》,https://vd2.bdstatic.com/mda-mhhf5mr00yyhpfjs/1080p/cae_h264/1629284581057661229/mda-mhhf5mr00yyhpfjs.mp4,2.884,其它
以下频道勿信广告,https://i.uik.cc/view.php/80bfa7db9c20f6a884fcc7cae7e36d04.mp4,2.193,其它
以父之名,https://cfss.cc/api/kg/758240.mp4,6.871,其它
任丘综合,http://jwcdnqx.hebyun.com.cn/live/rqtv1/1500k/tzwj_video.m3u8,3.045,其它
任城影视娱乐,http://1.94.31.214/php/qilu.php?id=jircys,6.069,其它
任城新闻|澜露直播,http://1.94.31.214/php/qilu.php?id=jircxw,7.281,其它 SD（412条）
任城综合|澜露直播,http://43.138.196.212/q0l.php?id=jircxw,6.163,其它
任妙音《天在下雨我在想你》DJ版,https://vd3.bdstatic.com/mda-makbbuxuhfwrbbjv/v1-cae/1080p/mda-makbbuxuhfwrbbjv.mp4,2.924,其它
任然精选20首(1小时),https://txmov2.a.kwimgs.com/upic/2020/09/23/14/BMjAyMDA5MjMxNDA1MjFfMTc4NDYxNDcyNl8zNjQ5NDI4NzI1Nl8yXzM=_b_B0f6d5151ab2c346816996328a0b66b78.mp4,5.997,其它
任贤齐《2015年 落跑吧 爱情演唱会高清完整版》,https://vd2.bdstatic.com/mda-nmfghew2rp3wcqp5/hd/cae_h264/1671202143575146017/mda-nmfghew2rp3wcqp5.mp4,2.300,其它 高清/HD（158条）
任贤齐《2020年齐迹演唱会 台北站 完整版 蓝光字幕》,https://vd3.bdstatic.com/mda-nmfkavww2vps91pz/hd/cae_h264/1671209200204248516/mda-nmfkavww2vps91pz.mp4,2.354,其它
任贤齐精选36首(2小时),https://txmov2.a.kwimgs.com/bs3/video-hls/5254012023525680703_hlsb.m3u8,2.956,其它
伊川综合,http://tvpull.dxhmt.cn:9081/tv/10329-1.m3u8,11.512,其它
伊犁哈萨克,http://110.153.180.106:55555/out_3/index.m3u8?zxinjd,7.124,其它
伊犁维吾尔,http://110.153.180.106:55555/out_2/index.m3u8?zxinjd,6.633,其它
伍佰演唱会,https://txmov2.a.kwimgs.com/upic/2021/01/07/22/BMjAyMTAxMDcyMjU0MzRfODI4NTk1NTQ0XzQyMDMwMTYyOTIwXzJfMw==_b_Bf5420efd42bfae1dca666d543730fbda.mp4,34.724,其它
伍敏中_全巧民_西安易俗社,http://gcw.bdcdn.shoujiduoduo.com/v/200310/80ae6bdea59162136af8fb3eba350725.mp4,6.921,其它
优漫卡通,http://111.56.90.5/000000000000/6000000003000030492/index.m3u8,2.763,其它
优购物,http://111.56.90.5/000000000000/1000000005000018408/index.m3u8,2.988,其它
会东|澜露直播,http://exfile.schdxww.com/nmip-media/channellive/channel100055/playlist.m3u8,5.585,其它
传奇剧场,http://lvbaiducdnct.inter.ptqy.gitv.tv:80/tslive/c54_fast_1052_720P_t10/c54_fast_1052_720P_t10.m3u8?d,2.077,其它
传奇剧场频道,http://lvbaiducdnct.inter.ptqy.gitv.tv/tslive/c54_fast_1052_1080P_t10/c54_fast_1052_1080P_t10.m3u8?d,3.429,其它
伤感DJ串烧为爱流泪,https://vd3.bdstatic.com/mda-nci8jqpzeyqkhdxe/720p/h264_delogo/1647670097763149460/mda-nci8jqpzeyqkhdxe.mp4,2.296,其它
伤感情歌DJ,https://vd3.bdstatic.com/mda-mkv7idcnxrgc3cnd/sc/cae_h264/1638257251905732477/mda-mkv7idcnxrgc3cnd.mp4,2.262,其它
似水流年现场,https://sns-video-default.xhscdn.com/stream/79/110/258/01e8bfa14dbc75c74f037001992c906e6c_258.mp4,46.643,其它
体育,http://111.56.90.5/000000000000/6000000003000011654/index.m3u8,2.830,其它
何润东-我记得我爱过,https://www.iesdouyin.com/aweme/v1/play/?video_id=v0d00fg10000cm12qa3c77u3pbdnrr00&ratio=720p&line=0,26.955,其它
何润东-我记得我爱过,https://www.iesdouyin.com/aweme/v1/playwm/?video_id=v0d00fg10000cm12qa3c77u3pbdnrr00&ratio=720p&line=0,17.589,其它
余姚姚江文化,http://l.cztvcloud.com/channels/lantian/SXyuyao3/720p.m3u8zzhed,2.218,其它
余姚姚江文化,http://l.cztvcloud.com/channels/lantian/SXyuyao3/720p.m3u8?zzhed,6.051,其它
余姚姚江文化 (576p),https://l.cztvcloud.com/channels/lantian/SXyuyao3/720p.m3u8,5.114,其它
余姚新闻综合,http://l.cztvcloud.com/channels/lantian/SXyuyao1/720p.m3u8?cWlkPSZzPTg3OWMwYmMyZDMzYTFhZGY3NDQxMjgyYTg1MmUzNTY0JmVzPTE3MDY2Nzc4NzMmdXVpZD0yMjdiY2MzNGNiNGY0MThlYjRiY2IxYzcwNmZjODNkMS02NzQ3NDY2NyZ2PTImYXM9MCZjZG5leF9pZD10eF9waG9uZV9saXZl,8.428,其它 SD（412条）
余姚新闻综合 (576p),http://l.cztvcloud.com/channels/lantian/SXyuyao1/720p.m3u8,2.271,其它 SD（412条）
余姚新闻综合 (576p),https://l.cztvcloud.com/channels/lantian/SXyuyao1/720p.m3u8,3.534,其它 SD（412条）
余姚综合,http://l.cztvcloud.com/channels/lantian/SXyuyao1/720p.m3u8?,8.865,其它
余杭新闻综合频道,http://l.cztvcloud.com/channels/lantian/SXyuhang1/720p.m3u8,5.451,其它 SD（412条）
余杭综合,http://l.cztvcloud.com/channels/lantian/SXyuhang1/720p.m3u8?cWlkPSZzPTg3OWMwYmMyZDMzYTFhZGY3NDQxMjgyYTg1MmUzNTY0JmVzPTE3MDY2Nzc4NzMmdXVpZD0yMjdiY2MzNGNiNGY0MThlYjRiY2IxYzcwNmZjODNkMS02NzQ3NDY2NyZ2PTImYXM9MCZjZG5leF9pZD10eF9waG9uZV9saXZl,2.505,其它
余杭综合频道,http://l.cztvcloud.com/channels/lantian/SXyuhang1/720p.m3u8?zzhed,6.628,其它
余生只爱你一个,https://txmov2.a.kwimgs.com/upic/2022/06/04/06/BMjAyMjA2MDQwNjA3NDdfOTU2MzA3MDg4Xzc1OTY4NjYwNDEzXzJfMw==_b_B97126a09fb97d88184b49ebe2b9a1be8.mp4,13.833,其它
你听得到,https://cfss.cc/api/kg/592430.mp4,6.620,其它
你好吗,https://cfss.cc/api/kg/758247.mp4,2.033,其它
你是不是,https://alimov2.a.kwimgs.com/upic/2023/02/03/16/BMjAyMzAyMDMxNjI3NDlfMTExMTg2MTk3MV85NTMzODk2MTIzNV8yXzM=_b_B40be00d450a3206ac365e0670ab2789b.mp4?,19.059,其它
你的眼神,https://alimov2.a.kwimgs.com/upic/2023/06/20/08/BMjAyMzA2MjAwODI4MzhfMzM5Njk4MTMyNl8xMDU5NjQ3NTA5MzdfMF8z_b_Be3c3571129119949480139b9f913048a.mp4,17.854,其它
你的酒馆对我打了烊陈雪凝,https://vd3.bdstatic.com/mda-ka59e4w0qxxsxnt0//mda-ka59e4w0qxxsxnt0.mp4?pd=19&vt=1,17.190,其它
侧田-kong,https://www.iesdouyin.com/aweme/v1/play/?video_id=v0200fg10000clc94u3c77uf0uv06v80&ratio=720p&line=0,34.394,其它
侧田-kong,https://www.iesdouyin.com/aweme/v1/playwm/?video_id=v0200fg10000clc94u3c77uf0uv06v80&ratio=720p&line=0,38.989,其它
侧田-命硬,https://www.iesdouyin.com/aweme/v1/play/?video_id=v0200fg10000clpvvpbc77udpkv629d0&ratio=720p&line=0,2.284,其它
保山|澜露直播,https://hwapi.yntv.net/7y80ii/7672o4.m3u8,6.744,其它
倒带,https://cfss.cc/api/kg/57894.mp4,13.308,其它
倒霉特熊,https://newcntv.qcloudcdn.com/asp/hls/1200/0303000a/3/default/87f87ba569c147e3805f80e4844d2de9/1200.m3u8,2.921,其它
借口,https://cfss.cc/api/kg/29375.mp4,2.502,其它
偃师新闻,http://tvpull.dxhmt.cn:9081/tv/10381-1.m3u8?wsSecret=df15530a0abec41b14bca00fc96270d1&wsTime=1654956569,6.409,其它 SD（412条）
偃师新闻频道,http://tvpull.dxhmt.cn:9081/tv/10381-1.m3u8,15.032,其它 SD（412条）
假如爱有来生-蒋欣常远,https://vdse.bdstatic.com//603b7d39a7d39a7eb05f782ff247b3b7.mp4,2.326,其它
健康养生,http://111.56.90.5/000000000000/5000000011000288006/index.m3u8,3.125,其它
傻笑,https://cfss.cc/api/kg/596984.mp4,6.365,其它
儋州综合频道|澜露直播,http://36009.hlsplay.aodianyun.com/tv_radio_36009/tv_channel_1330.m3u8?auth_key=4854915849-0-0-5cf8df0f6f82fbb8da58b60f011965c3,3.530,其它
元宝山综合,http://l2yx82zv.live2.danghongyun.com/live/hls/8be0890a1b0c4d7aaf80b51ea8646682/5a8988f5ecc64986a19aa9b6b3a052a6-1.m3u8,6.140,其它
元江|澜露直播,https://hwapi.yntv.net/vu7hkj/x6rer3.m3u8,2.958,其它
光山综合,http://tvpull.dxhmt.cn:9081/tv/11522-1.m3u8?%E5%85%B3%E6%B3%A8%E5%BE%AE%E4%BF%A1%E5%85%AC%E4%BC%97%E5%8F%B7[%E6%99%B4%E5%9B%AD],10.340,其它
光明DJ4K,https://vd4.bdstatic.com/mda-ma7y4ug97hcdf710/v1-cae/1080p/mda-ma7y4ug97hcdf710.mp4,5.360,其它 4D/超高清（23条）
免费电话-李金斗大兵,http://uptt.gcwduoduo.com/v/181110/5b6cc63c06e7e78104d62e8b391ceb0f.mp4,23.392,其它
兖州新闻|澜露直播,http://1.94.31.214/php/qilu.php?id=jiyzxw,5.273,其它 SD（412条）
兖州新闻|澜露直播,http://43.138.196.212/q0l.php?id=jiyzxw,4.804,其它
兖州生活|澜露直播,http://1.94.31.214/php/qilu.php?id=jiyzsh,6.132,其它
全本（宁夏秦腔剧院）,http://gcw.bdcdn.shoujiduoduo.com/v/190218/1f61dbee5ec4931e277ebd8fde51435b.mp4,6.902,其它
全球大片,http://111.56.90.5/000000000000/5000000011000288009/index.m3u8,3.089,其它
全粤语8090经典劲爆DJ,https://www.iesdouyin.com/aweme/v1/playwm/?video_id=v0200fg10000cnamtabc77u54nj2kh6g&ratio=720p&line=0,26.294,其它
全粤语Club风格汽车慢摇串烧DJ,http://www.iesdouyin.com/aweme/v1/playwm/?video_id=v0200fg10000cpp7b2nog65rhkqq6tpg,25.737,其它
全粤语女声深情DJ串烧,https://www.iesdouyin.com/aweme/v1/playwm/?video_id=v0d00fg10000ctbb4kvog65q67op5tug&ratio=720p&line=0,2.056,其它
全英文洗脑神曲dj串烧,https://www.iesdouyin.com/aweme/v1/playwm/?video_id=v0300fg10000ctpdosvog65ofsrkov0g&ratio=720p&line=0,7.278,其它
六首伤感DJ舞曲《为爱受尽相思罪》《爱过了头心伤透》,https://vdse.bdstatic.com//f27d59d8b75915e122f53c173e27a32e.mp4,2.906,其它
兰亭序,https://cfss.cc/api/kg/756476.mp4,13.036,其它
兰山综合|澜露直播,http://1.94.31.214/php/qilu.php?id=lylszh,7.228,其它
兰溪新闻综合,http://l.cztvcloud.com/channels/lantian/SXlanxi1/720p.m3u8,9.913,其它
兰溪新闻综合,http://l.cztvcloud.com/channels/lantian/SXlanxi1/720p.m3u8?zzhed,2.524,其它
兰考新闻,http://tvpull.dxhmt.cn:9081/tv/10225-1.m3u8?%E5%85%B3%E6%B3%A8%E5%BE%AE%E4%BF%A1%E5%85%AC%E4%BC%97%E5%8F%B7[%E6%99%B4%E5%9B%AD],10.075,其它 SD（412条）
兰考新闻,http://tvpull.dxhmt.cn:9081/tv/10225-1.m3u8?,17.917,其它 SD（412条）
兰陵综合|澜露直播,http://43.138.196.212/q0l.php?id=lyllzh,8.876,其它
关于本源(iptv365.org),https://gitlab.com/p2v5/wangtv/-/raw/main/about1080p.mp4,6.418,其它
关淑怡-难得有情人,https://www.iesdouyin.com/aweme/v1/play/?video_id=v0200fg10000cockvfrc77uecmqmqq40&ratio=720p&line=0,45.055,其它
关淑怡-难得有情人,https://www.iesdouyin.com/aweme/v1/playwm/?video_id=v0200fg10000cockvfrc77uecmqmqq40&ratio=720p&line=0,71.054,其它
兵器科技,https://live.264788.xyz/channel/bingqikeji?streamid=6fc55a0966bdad1e1cdf39a4d37dd776&livekey=01WgOR41rriMmMkzNsd0UoaxJRwetZdxIvtVk,4.049,其它
兵器科技,https://live.264788.xyz/channel/bingqikeji?streamid=530cb4e58bbc48b7fc26f5e0a2e47966&livekey=01WgOR41rriMmMkzNsd0UoaxJRwetZdxIvtVk,8.738,其它
兵团五师双河新闻综合,https://liveout.btzx.com.cn/62ds9e/4nxdih.m3u8?zxinjd,2.055,其它 SD（412条）
兵团五师双河新闻综合,http://liveout.btzx.com.cn/62ds9e/4nxdih.m3u8?fbl=,2.154,其它 SD（412条）
兵团十三师新星综合,http://test5.btzx.com.cn/live/13TV.stream/playlist.m3u8?zxinjd,2.964,其它
兵团十四师昆玉综合,http://test5.btzx.com.cn/live/14TV.stream/playlist.m3u8?zxinjd,2.579,其它
兵团十四师昆玉综合|澜露直播,http://test5.btzx.com.cn/live/14TV.stream/playlist.m3u8,2.465,其它
兵团卫视,http://124.93.18.239:9003/hls/58/index.m3u8,6.297,卫视 SD（632条）
兵团卫视,http://183.62.8.58:50085/tsfile/live/0115_1.m3u8?key=txiptv&playlive=1&authid=0,3.093,卫视 SD（632条）
兵团卫视,http://61.178.227.57:9901/tsfile/live/0115_1.m3u8?key=txiptv&amp;playlive=1&amp;authid=0,4.699,卫视 SD（632条）
兵团卫视,http://111.56.90.5/000000000000/5417511929530418061/1.m3u8,2.794,其它
兵团卫视,https://live.264788.xyz/channel/bingtuanweishi?streamid=04a46b6d0b39840c589c19b0ee5cd5b6&livekey=01WgOR41rriMmMkzNsd0UoaxJRwetZdxIvtVk,6.462,其它
兵团卫视,http://111.56.90.5/000000000000/1000000005000266005/1.m3u8,3.004,其它
兵团卫视,https://live.264788.xyz/channel/bingtuanweishi?streamid=b9dcd906150192bdf76f447df83f8033&livekey=01WgOR41rriMmMkzNsd0UoaxJRwetZdxIvtVk,9.986,其它
兵团卫视,https://live.264788.xyz/channel/bingtuanweishi?streamid=28cb43aca249566a1f146d7bb3fcc965&livekey=01WgOR41rriMmMkzNsd0UoaxJRwetZdxIvtVk,10.727,其它
内乡综合,http://tvpull.dxhmt.cn:9081/tv/11325-1.m3u8?%E5%85%B3%E6%B3%A8%E5%BE%AE%E4%BF%A1%E5%85%AC%E4%BC%97%E5%8F%B7[%E6%99%B4%E5%9B%AD],7.913,其它
内乡综合,http://tvpull.dxhmt.cn:9081/tv/11325-1.m3u8,11.876,其它
内江资中综合,http://zzpull.zzrmtzx.cn/live/75c3758a0193100092e8cea100000000/playlist.m3u8?wsSecret=e40ab1fec464e16bb966fa960cc9ff30&wsTime=2019657600,8.846,其它
内蒙乌兰察布新闻综合|澜露直播,http://play1-qk.nmtv.cn/live/1735546836103043.m3u8,4.322,其它 SD（412条）
内蒙乌海新闻综合|澜露直播,http://play1-qk.nmtv.cn/live/1735546358166026.m3u8,2.697,其它 SD（412条）
内蒙兴安盟新闻综合|澜露直播,http://play1-qk.nmtv.cn/live/1735546886977046.m3u8,9.767,其它 SD（412条）
内蒙包头新闻综合|澜露直播,http://play1-qk.nmtv.cn/live/1735546150395017.m3u8,3.281,其它 SD（412条）
内蒙古二人台山曲/非物质文化遗产谢谢欣赏,http://gcw.bdcdn.shoujiduoduo.com/v/190626/cca8025a39b8f70e3c8e8295648290eb.mp4,19.680,其它
内蒙古卫视,http://114.241.111.4:85/tsfile/live/50/1050_1.m3u8?key=txiptv,2.101,卫视 SD（632条）
内蒙古卫视,http://124.93.18.239:9003/hls/47/index.m3u8,3.490,卫视 SD（632条）
内蒙古卫视,http://111.56.90.5/000000000000/5559214655508729688/1.m3u8,2.609,其它
内蒙古卫视,http://111.56.90.5/000000000000/1000000002000014080/1.m3u8,2.990,其它
内蒙古卫视,https://live.264788.xyz/channel/neimengguweishi?streamid=40c2dd8c7826284e9c41d6abfa9f90cf&livekey=01WgOR41rriMmMkzNsd0UoaxJRwetZdxIvtVk,9.474,其它
内蒙古卫视,http://111.56.90.5/000000000000/8960557517876415203/1.m3u8,2.553,其它
内蒙古卫视,https://live.264788.xyz/channel/neimengguweishi?streamid=50d587b08d9d6f642ec88593ebd51361&livekey=01WgOR41rriMmMkzNsd0UoaxJRwetZdxIvtVk,9.908,其它
内蒙呼市新闻综合|澜露直播,http://play1-qk.nmtv.cn/live/1735545967595013.m3u8,10.560,其它 SD（412条）
内蒙巴彦淖尔新闻综合|澜露直播,http://play1-qk.nmtv.cn/live/1735546423467029.m3u8,3.026,其它 SD（412条）
内蒙辽通新闻综合|澜露直播,http://play1-qk.nmtv.cn/live/1735546745882037.m3u8,3.922,其它 SD（412条）
内蒙鄂尔多斯新闻综合|澜露直播,http://play1-qk.nmtv.cn/live/1735546299241021.m3u8,3.371,其它 SD（412条）
内蒙锡林郭勒综合|澜露直播,http://play1-qk.nmtv.cn/live/1735546994821050.m3u8,2.790,其它
内蒙阿拉善新闻综合|澜露直播,http://play1-qk.nmtv.cn/live/1735547046115053.m3u8,5.344,其它 SD（412条）
内黄综合,http://tvpull.dxhmt.cn:9081/tv/10527-1.m3u8?wsSecret=df15530a0abec41b14bca00fc96270d1&wsTime=1654956569,11.550,其它
内黄综合频道,http://tvpull.dxhmt.cn:9081/tv/10527-1.m3u8,9.341,其它
内黄综合频道,http://tvpull.dxhmt.cn:9081/tv/10527-1.m3u8?zhend,18.243,其它
军事评论,http://111.56.90.5/000000000000/5822616274253344775/index.m3u8,2.917,其它
军旅剧场,http://111.56.90.5/000000000000/7485075951068666323/index.m3u8,2.973,其它
农业致富,http://111.56.90.5/000000000000/6193684637634073625/index.m3u8,3.034,其它
农林卫视,http://111.56.90.5/000000000000/1000000005000266003/1.m3u8,2.974,其它
农林卫视,http://124.93.18.239:9003/hls/59/index.m3u8,2.929,卫视 SD（632条）
冠县综合|澜露直播,http://43.138.196.212/q0l.php?id=lcgxzh,6.470,其它
冠县综合|澜露直播,http://1.94.31.214/php/qilu.php?id=lcgxzh,6.197,其它
冰雪世界狼女王(上),http://newcntv.qcloudcdn.com/asp/hls/1200/0303000a/3/default/640f926df6fb4f398d40c8b254248750/1200.m3u8,2.547,其它
冰雪世界狼女王(下),http://newcntv.qcloudcdn.com/asp/hls/1200/0303000a/3/default/d85457ff45154ff8bdf74e73422e99a4/1200.m3u8,2.475,其它
冰雪王国里的童话,http://newcntv.qcloudcdn.com/asp/hls/1200/0303000a/3/default/3b291326cf2648cd8119f5facf9e3b92/1200.m3u8,2.641,其它
冷漠-再爱也没有用,http://antiserver.kuwo.cn/anti.s?rid=MUSIC_5834217&response=res&format=mp4&type=convert_url,9.701,其它
冷漠-多情的人不该相遇,http://antiserver.kuwo.cn/anti.s?rid=MUSIC_1041689&response=res&format=mp4&type=convert_url,11.546,其它
凄惨结局!,http://gcw.bdcdn.shoujiduoduo.com/v/190703/964530e611ef9c0f468187530ff35df5.mp4,9.256,其它
凉山甘洛综合,http://glpull.glxrmtzx.cn/live/2a1603a1019410001fedc3cd00000000/playlist.m3u8?wsSecret=b31c02126c0367a84b0bd175dc7ea8db&wsTime=2019657600,9.996,其它
几首绝美情歌DJ精选,https://vdse.bdstatic.com//c5c64b60c9fdfbdfa3e959bb1d56c4b0.mp4,2.176,其它
凤凰中文,http://223.95.198.3:8000/hls/20/index.m3u8,8.368,其它
凤凰卫视,http://221.7.175.154:8445/tsfile/live/1020_1.m3u8?key=txiptv&playlive=1&authid=0,3.388,其它
凤凰卫视中文台,https://live.264788.xyz/channel/fenghuangweishizhongwen?streamid=2f797f6963d4df5f391f48edfa50ff59&livekey=01WgOR41rriMmMkzNsd0UoaxJRwetZdxIvtVk,8.324,其它
凤凰卫视资讯台,https://live.264788.xyz/channel/fenghuangweishizixun?streamid=7fb13f400476e75ce6c34d1f40c28473&livekey=01WgOR41rriMmMkzNsd0UoaxJRwetZdxIvtVk,7.538,其它
凤凰卫视资讯台,https://live.264788.xyz/channel/fenghuangweishizixun?streamid=77bd953dbf073e11b80bba0a8aca92c5&livekey=01WgOR41rriMmMkzNsd0UoaxJRwetZdxIvtVk,10.711,其它
凯门鳄的奇妙旅程,http://newcntv.qcloudcdn.com/asp/hls/1200/0303000a/3/default/aba970eff8be48beb339a2ad027592cf/1200.m3u8,2.255,其它
刀郎經典歌曲精选,https://vdse.bdstatic.com//4fcca19a19aa4974230c5ee70ab5fa55.mp4,2.537,其它
分裂,https://cfss.cc/api/kg/758257.mp4,20.056,其它
分裂,https://alimov2.a.kwimgs.com/upic/2024/10/09/09/BMjAyNDEwMDkwOTA4NDFfMTMxNzAwMDUwNV8xNDU2Nzg0MDk5MDdfMl8z_b_Bf4bc983e2d5804ab066c988ba7652ec5.mp4,10.045,其它
刘德华-一起走过的日子,https://www.iesdouyin.com/aweme/v1/play/?video_id=v0200fg10000cl9255rc77uagabjkqkg&ratio=720p&line=0,42.881,其它
刘德华1994演唱会,https://alimov2.a.kwimgs.com/upic/2020/11/21/21/BMjAyMDExMjEyMTA2NDdfODI4NTk1NTQ0XzM5NTk1NzIyODQ0XzJfMw==_b_Bd2a633720f4eb58f50fcf669ac9f6481.mp4,19.692,其它
刘德华1996演唱会,https://txmov2.a.kwimgs.com/upic/2020/11/24/04/BMjAyMDExMjQwNDAwMzFfODI4NTk1NTQ0XzM5NzA5NDUwNzEyXzJfMw==_b_B5b8c14b2ba01d46f3c1f12fbeba49c43.mp4,12.222,其它
刘德华1999演唱会,https://alimov2.a.kwimgs.com/upic/2020/11/18/21/BMjAyMDExMTgyMTQ0NDlfODI4NTk1NTQ0XzM5NDM1NzU0Njc0XzJfMw==_b_B98fc4057c592f311f03825bd7f3bb05c.mp4,16.891,其它
刘德华2001演唱会,https://alimov2.a.kwimgs.com/upic/2020/11/18/21/BMjAyMDExMTgyMTA3MjdfODI4NTk1NTQ0XzM5NDMzNDM3OTI0XzJfMw==_b_B52993094a9f0b4a854478aca541a9a58.mp4,16.471,其它
刘德华2007演唱会,https://alimov2.a.kwimgs.com/upic/2020/02/28/13/BMjAyMDAyMjgxMzMwNDFfMTU5NTU2MTY2OV8yNDE4ODE5MDc1Ml8yXzM=_b_B48ce4518e73458e04dec4771e0deb6a4.mp4,18.889,其它
刘德华《2007香港红磡 演唱会 完整版》,https://vd2.bdstatic.com/mda-nmbnvt4myvg0x26d/576p/h264/1670861624347655626/mda-nmbnvt4myvg0x26d.mp4,2.520,其它
刘德华《2010Unforgettable香港红馆演唱会 完整版》,https://vd2.bdstatic.com/mda-nmj6k2bc3adyg21b/576p/h264/1671511395304150666/mda-nmj6k2bc3adyg21b.mp4,2.050,其它
刘德华《巡回演唱会上海站 高清完整版》八万人大合唱,https://vd2.bdstatic.com/mda-nmedfmpuhx9k86xn/576p/h264/1671098620160374576/mda-nmedfmpuhx9k86xn.mp4,2.743,其它 高清/HD（158条）
刘德华精选60首(4小时),https://k0ub7yffy10yfz.djvod.ndcimgs.com/upic/2023/07/25/08/BMjAyMzA3MjUwODU3MzRfMzYxMjUyNDA3MV8xMDg4MTUzNTczMzFfMF8z_b_Bf67605afd92859a39e607f504f43c9f7.mp4,6.131,其它
刘汉银《杨八姐游春》,http://gcw.bdcdn.shoujiduoduo.com/v/190613/72d9f736805ff9ac6877786855acbe3d.mp4,24.518,其它
刘爱爱,http://gcw.bdcdn.shoujiduoduo.com/v/190604/10003232.mp4,17.123,其它
刘艳丽演唱曲剧《老鼠嫁女》好玩!,http://gcw.bdcdn.shoujiduoduo.com/v/200914/865e9898babe5bee65b4e7a834390aae.mp4,11.124,其它
刘若英《2016 Renext 台北我敢世界巡回演唱会 完整版》,https://vd4.bdstatic.com/mda-nmq4kv7nj8fisyyu/576p/h264/1671939594909809041/mda-nmq4kv7nj8fisyyu.mp4,2.308,其它
刘若英精选50首(3小时),https://www.iesdouyin.com/aweme/v1/playwm/?video_id=v0300fg10000csi2q17og65ogriq3jv0&ratio=720p&line=0,27.816,其它
利津文化|澜露直播,http://1.94.31.214/php/qilu.php?id=dyljwh,10.923,其它
利津文化生活|澜露直播,http://43.138.196.212/q0l.php?id=dyljwh,7.740,其它
利津新闻|澜露直播,http://1.94.31.214/php/qilu.php?id=dyljzh,7.654,其它 SD（412条）
利津综合|澜露直播,http://43.138.196.212/q0l.php?id=dyljxw,10.800,其它
功夫-赵本山范伟,http://uptt.gcwduoduo.com/v/181110/3542142ad92cdadc07142bd64b106500.mp4,21.282,其它
加微YXMV525,https://vd4.bdstatic.com/mda-mhwf07t27w3gi1y7/1080p/cae_h264/1630406994590156367/mda-mhwf07t27w3gi1y7.mp4,2.387,其它
动作电影,http://111.56.90.5/000000000000/1000000004000018653/index.m3u8,2.994,其它 SD（412条）
动力火车《2016年下一站台北演唱会 高清 完整版》,https://vd4.bdstatic.com/mda-nmh64c39b2ss5p7j/576p/h264/1671338273583946669/mda-nmh64c39b2ss5p7j.mp4,2.754,其它 高清/HD（158条）
动感DJ《苦了累了听听歌》,https://vd4.bdstatic.com/mda-mhqekuf2r91v08dt/1080p/cae_h264/1629888246186602728/mda-mhqekuf2r91v08dt.mp4,2.308,其它
动漫秀场,http://111.56.90.5/000000000000/5000000002000023636/index.m3u8,2.757,其它
动漫秀场,https://live.264788.xyz/channel/dongmanxiuchang?streamid=9a3a773615d02ce7ac7649350e957cf8&livekey=01WgOR41rriMmMkzNsd0UoaxJRwetZdxIvtVk,10.541,其它
动漫秀场,https://live.264788.xyz/channel/dongmanxiuchang?streamid=27aaba95be137dfaffb73052f4ced277&livekey=01WgOR41rriMmMkzNsd0UoaxJRwetZdxIvtVk,6.723,其它
动漫秀场,https://live.264788.xyz/channel/dongmanxiuchang?streamid=03e61bd70c969d8c285a59c0b6dbab87&livekey=01WgOR41rriMmMkzNsd0UoaxJRwetZdxIvtVk,10.048,其它
动物与计谋,http://newcntv.qcloudcdn.com/asp/hls/1200/0303000a/3/default/403122f54ee5492fa9e5d2b8f0087ad2/1200.m3u8,2.563,其它
动物冠军俱乐部,http://newcntv.qcloudcdn.com/asp/hls/1200/0303000a/3/default/65227347336749ffa373661cac985952/1200.m3u8,2.206,其它
动物冠军竞技场(上),http://newcntv.qcloudcdn.com/asp/hls/1200/0303000a/3/default/cf107046774d4db5a1ac622e880488e2/1200.m3u8,2.576,其它
动物冠军竞技场(下),http://newcntv.qcloudcdn.com/asp/hls/1200/0303000a/3/default/9f1dc957013c4765a96b86c1890e4ae2/1200.m3u8,2.819,其它
动物宝宝闯天涯(上),http://newcntv.qcloudcdn.com/asp/hls/1200/0303000a/3/default/e1f91fe01a9b4b24834a0a6e4b309bb2/1200.m3u8,2.648,其它
动物搏击赛,http://newcntv.qcloudcdn.com/asp/hls/1200/0303000a/3/default/22ef116331af49a782d42488e396837e/1200.m3u8,2.010,其它
动物搏击运动会,http://newcntv.qcloudcdn.com/asp/hls/1200/0303000a/3/default/0f74c44316a34ea482ecae43f5c12fa8/1200.m3u8,3.411,其它
动物的海底宫殿,http://newcntv.qcloudcdn.com/asp/hls/1200/0303000a/3/default/0929798fce744530b14a6add96afcdf3/1200.m3u8,2.779,其它
劲爆DJ串烧,https://vdse.bdstatic.com//01b1f78bb5b009d36ce3f5051e7383c1.mp4,2.721,其它
劲爆老歌《怎么可以如此冷血》《三生石下》嗓音诱人好听,https://vd3.bdstatic.com/mda-ndf2u3wszraxbrb1/1080p/cae_h264_delogo/1650080654173526692/mda-ndf2u3wszraxbrb1.mp4,2.398,其它
劲爆舞曲DJ,https://vd2.bdstatic.com/mda-mkjdym3r2h7y5a58/sc/cae_h264/1637440648941328664/mda-mkjdym3r2h7y5a58.mp4,2.414,其它
勇挑重担的矮獴(上),http://newcntv.qcloudcdn.com/asp/hls/1200/0303000a/3/default/8ef930c154a446d0a831d2dd93698fd2/1200.m3u8,2.033,其它
勇挑重担的矮獴(下),http://newcntv.qcloudcdn.com/asp/hls/1200/0303000a/3/default/d9ffce5e83824939ab9bb66502778bd9/1200.m3u8,2.319,其它
勇敢的王者之心,http://newcntv.qcloudcdn.com/asp/hls/1200/0303000a/3/default/d37b12d09c4144f0a59560f18ff6508a/1200.m3u8,3.146,其它
勇敢的长颈鹿(上),http://newcntv.qcloudcdn.com/asp/hls/1200/0303000a/3/default/8a9d50517baa443b82b3e4c9e0078351/1200.m3u8,2.915,其它
勇敢的长颈鹿(下),http://newcntv.qcloudcdn.com/asp/hls/1200/0303000a/3/default/773b3e9df72f4834b85c46e0f5b038fb/1200.m3u8,2.826,其它
勇闯螃蟹岛,http://newcntv.qcloudcdn.com/asp/hls/1200/0303000a/3/default/3bba8da0b6c54771aa02b579ba75f8e7/1200.m3u8,2.810,其它
勤奋的捕食者,http://newcntv.qcloudcdn.com/asp/hls/1200/0303000a/3/default/4793c8276c184d03bc3ba5e9b6dc9610/1200.m3u8,2.573,其它
北京卫视,http://61.178.227.57:9901/tsfile/live/0122_1.m3u8?key=txiptv&playlive=1&authid=0,9.144,卫视 SD（632条）
北京卫视,http://223.95.198.3:8000/hls/21/index.m3u8,8.081,卫视 SD（632条）
北京卫视,http://124.93.18.239:9003/hls/23/index.m3u8,6.608,卫视 SD（632条）
北京卫视,http://27.129.145.110:4433/hls/28/index.m3u8,7.145,卫视 SD（632条）
北京卫视,http://61.178.227.57:9901/tsfile/live/0122_1.m3u8?key=txiptv&amp;playlive=1&amp;authid=0,5.542,卫视 SD（632条）
北京卫视,http://111.56.90.5/000000000000/5000000004000031556/index.m3u8,2.226,卫视 SD（632条）
北京卫视,http://111.56.90.5/000000000000/1000000005000265027/1.m3u8,3.027,其它
北京卫视,https://live.264788.xyz/channel/beijingweishi?streamid=ef3b375a76fa91e8a49f9aecda01f617&livekey=01WgOR41rriMmMkzNsd0UoaxJRwetZdxIvtVk,10.586,其它
北京卫视,https://live.264788.xyz/channel/beijingweishi?streamid=827ecb21a6a263faddc5d2aa1887dbc7&livekey=01WgOR41rriMmMkzNsd0UoaxJRwetZdxIvtVk,9.180,其它
北京卫视,http://111.56.90.5/000000000000/6000000001000020451/1.m3u8,3.147,其它
北京卫视,https://live.264788.xyz/channel/beijingweishi?streamid=14205fe676d226d4cdbd1d52fe782dc3&livekey=01WgOR41rriMmMkzNsd0UoaxJRwetZdxIvtVk,9.575,其它
北京卫视,https://live.264788.xyz/channel/beijingweishi?streamid=41225e7b85c7ba5b42d4c3979cce5d73&livekey=01WgOR41rriMmMkzNsd0UoaxJRwetZdxIvtVk,7.752,其它
北京卫视,https://live.264788.xyz/channel/beijingweishi?streamid=f37b9c719ec0ddf230c854b7ef08c7b9&livekey=01WgOR41rriMmMkzNsd0UoaxJRwetZdxIvtVk,8.540,其它
北京卫视,https://live.264788.xyz/channel/beijingweishi?streamid=e078747837ff9cad6d2a314ebeffa51c&livekey=01WgOR41rriMmMkzNsd0UoaxJRwetZdxIvtVk,10.516,其它
北京卫视4K,https://live.264788.xyz/channel/beijingweishi4k?streamid=20915ffd9b2848bf3604dfea93e5f344&livekey=01WgOR41rriMmMkzNsd0UoaxJRwetZdxIvtVk,10.044,其它
北京卫视4K,https://live.264788.xyz/channel/beijingweishi4k?streamid=d6f1daa39d8e39b25578ea882820cc86&livekey=01WgOR41rriMmMkzNsd0UoaxJRwetZdxIvtVk,8.306,其它
北京卫视4K,https://live.264788.xyz/channel/beijingweishi4k?streamid=fc6b7ae1ab0bb4f6d1eec63f649cb72b&livekey=01WgOR41rriMmMkzNsd0UoaxJRwetZdxIvtVk,8.751,其它
北京卫视4K,https://live.264788.xyz/channel/beijingweishi4k?streamid=ec1dc6a6eb32cabcbff436085ff993ef&livekey=01WgOR41rriMmMkzNsd0UoaxJRwetZdxIvtVk,8.916,其它
北京纪实科教,http://111.56.90.5/000000000000/1000000001000001910/index.m3u8,3.161,其它
北川电视一套|澜露直播,http://dcpull.sctvcloud.com:80/live/561c239c01881000e4bfd3e600000000/playlist.m3u8,7.980,其它
北极熊之光(上),http://newcntv.qcloudcdn.com/asp/hls/1200/0303000a/3/default/9df8189c94b24b8b8bb6c69e448cc936/1200.m3u8,2.110,其它
北极熊的冒险之旅(上),http://newcntv.qcloudcdn.com/asp/hls/1200/0303000a/3/default/e1b4b7a8beb3459bbd44f505a3fcc99c/1200.m3u8,2.177,其它
北极熊的冒险之旅(下),http://newcntv.qcloudcdn.com/asp/hls/1200/0303000a/3/default/9ab29267ff5b4b2b99fdb74d1b9fec55/1200.m3u8,2.481,其它
区文诗-不只爱情,https://www.iesdouyin.com/aweme/v1/playwm/?video_id=v0300fg10000csl1fqnog65lrb9gntd0&ratio=720p&line=0,60.789,其它
区文诗-不只爱情,https://www.iesdouyin.com/aweme/v1/play/?video_id=v0300fg10000csl1fqnog65lrb9gntd0&ratio=720p&line=0,49.276,其它
十冬腊月天你不该拿着那芦花当丝棉,http://gcw.bdcdn.shoujiduoduo.com/v/190519/46d622ba7c7985c5e8045be5a1975188.mp4,10.964,其它
千里之外,https://cfss.cc/api/kg/34453.mp4,8.649,其它
半岛新闻,http://live-hls-web-aja.getaj.net/AJA/02.m3u8?zshijd,4.368,其它 SD（412条）
半岛铁盒,https://cfss.cc/api/kg/608135.mp4,12.653,其它
华语影院,http://111.56.90.5/000000000000/5000000011000288005/index.m3u8,3.091,其它
卓文萱/曹格-梁山伯与朱丽叶,https://www.iesdouyin.com/aweme/v1/play/?video_id=v0200fg10000ckd02j3c77uc41nk2co0&ratio=720p&line=0,20.724,其它
卓文萱/曹格-梁山伯与朱丽叶,https://www.iesdouyin.com/aweme/v1/playwm/?video_id=v0200fg10000ckd02j3c77uc41nk2co0&ratio=720p&line=0,28.144,其它
南京少儿,http://nklive.nbs.cn/hls/e0981f3f-1a20-4a59-b8d1-17feb83a4610/index.m3u8,6.709,其它 SD（412条）
南京教科,http://nklive.nbs.cn/hls/75b3c462-b831-4de7-a34b-5d3221db2069/index.m3u8,3.765,其它 SD（412条）
南京文旅纪录,http://nklive.nbs.cn/hls/9b2005c4-046c-422f-ba45-e6adc4f4de07/index.m3u8,2.537,其它 SD（412条）
南京新闻综合,http://nklive.nbs.cn/hls/d511bc9d-a694-4453-b3a2-4fc842cc97a1/index.m3u8,6.482,其它 SD（412条）
南国都市4K超高清,http://tencentplay.gztv.com/live/nanguodushi.m3u8?txSecret=140110ae3d6c936a77f94c4f4d85b0d3&txTime=18d57929bd4,3.089,其它 4D/超高清（23条）
南宁公共,http://hls.nntv.cn/nnlive/GGPD_24.m3u8,2.487,其它
南宁影视HD|澜露直播,http://hls.nntv.cn/nnlive/YSYL_244.m3u8,3.620,其它
南宁新闻HD|澜露直播,https://hls.nntv.cn/nnlive/XWZH_24.m3u8,2.191,其它
南宁新闻综合,http://hls.nntv.cn/nnlive/XWZH_24.m3u8,7.665,其它 SD（412条）
南康|澜露直播,http://play-a2.quklive.com/live/1758525653004384.m3u8,3.974,其它
南康|澜露直播,https://play-a2.quklive.com/live/1758525653004384.m3u8,3.932,其它
南征北战-我的天空,https://www.iesdouyin.com/aweme/v1/play/?video_id=v0200fbf0000bt8nuaevamb718qchkt0&ratio=720p&line=0,21.896,其它
南征北战-我的天空,https://www.iesdouyin.com/aweme/v1/playwm/?video_id=v0200fbf0000bt8nuaevamb718qchkt0&ratio=720p&line=0,6.284,其它
南拳妈妈精选13首(1小时),https://www.iesdouyin.com/aweme/v1/playwm/?video_id=v0300fg10000cqfnlknog65p5u0cnn9g&ratio=720p&line=0,9.604,其它
南江|澜露直播,http://36903.hlsplay.aodianyun.com/tv_radio_36903/tv_channel_1670.m3u8?auth_key=4842409639-0-0-319d3d61d27f502f5b5f0f76e7fa6874&extra_key=YptbuuU4ni8OBTztr__wTSm-QnJOZeFyY8K0svzHJXyx8i_Bwwirqaews6N1gr-_4uVfOgbaOHwbH5u3_SrH4tTfxj9Nq7Az5LOT0a8C2sHIKSmLBEAoz4lSxmsINvTeQ5QF1ngz-OYrciPm27dkyEEQdzEUxwSVphOF99qfQFU,2.199,其它
南溪|澜露直播,https://p2hs.vzan.com/slowlive/371673471833525863/live.m3u8,3.942,其它
南美野生世界1,http://newcntv.qcloudcdn.com/asp/hls/1200/0303000a/3/default/35eac4ae4e024654b845f5c7b2221d15/1200.m3u8,3.122,其它
南美野生世界2,http://newcntv.qcloudcdn.com/asp/hls/1200/0303000a/3/default/9c743ea1e41f4bf585fb1470c9575c0d/1200.m3u8,2.418,其它
南美野生世界3,http://newcntv.qcloudcdn.com/asp/hls/1200/0303000a/3/default/68caf99e50bc496fb478b0ed8f4b421a/1200.m3u8,2.663,其它
南阳市宛东青年曲剧团,http://gcw.bdcdn.shoujiduoduo.com/v/191012/bb2fb4f0811d29c56dd6edfd9427b752.mp4,12.063,其它
南阳市金红曲剧团演唱,http://gcw.bdcdn.shoujiduoduo.com/v/190926/edde31e6fcbc72a7ef2203b9b9cad3a0.mp4,10.333,其它
南阳市金红曲剧团演唱,http://gcw.bdcdn.shoujiduoduo.com/v/190714/79f329b25bd56d24d99d64c49da7ca84.mp4,11.014,其它
南阳市金红曲剧团演唱,http://gcw.bdcdn.shoujiduoduo.com/v/191003/1dacb6c7907dae26e14d1043cdcc8800.mp4,10.422,其它
博山图文,http://1.94.31.214/php/qilu.php?id=zbbstw,2.698,其它
博山新闻|澜露直播,http://1.94.31.214/php/qilu.php?id=zbbsxw,3.333,其它 SD（412条）
博山新闻|澜露直播,http://43.138.196.212/q0l.php?id=zbbsxw,2.655,其它
卡酷少儿,http://111.56.90.5/000000000000/7851974109718180595/index.m3u8,2.157,其它
卡酷少儿,https://live.264788.xyz/channel/kakushaoer?streamid=b995c77c74609af63686e0fc4b5688c4&livekey=01WgOR41rriMmMkzNsd0UoaxJRwetZdxIvtVk,8.698,其它
卡酷少儿,https://live.264788.xyz/channel/kakushaoer?streamid=04894ea6b243c57dfbb535da040373c8&livekey=01WgOR41rriMmMkzNsd0UoaxJRwetZdxIvtVk,10.509,其它
卡酷少儿,https://live.264788.xyz/channel/kakushaoer?streamid=e3c5e2aec1f1cf295a1323602a0ed8dd&livekey=01WgOR41rriMmMkzNsd0UoaxJRwetZdxIvtVk,8.621,其它
卡酷少儿,https://live.264788.xyz/channel/kakushaoer?streamid=213fa3c42c397943bc8305af3f5025e7&livekey=01WgOR41rriMmMkzNsd0UoaxJRwetZdxIvtVk,10.277,其它
卢氏综合频道,http://tvpull.dxhmt.cn:9081/tv/11224-1.m3u8,8.609,其它
卫兰-my cokie can,https://www.iesdouyin.com/aweme/v1/playwm/?video_id=v0300fg10000ckpa68bc77u0e09rgs6g&ratio=720p&line=0,27.897,其它
卫兰-大哥,https://www.iesdouyin.com/aweme/v1/playwm/?video_id=v0300fg10000cc50gabc77ue2vb9akd0&ratio=720p&line=0,13.634,其它
卫兰-就算世界无童话,https://www.iesdouyin.com/aweme/v1/play/?video_id=v0300fg10000chnenb3c77u2moocu08g&ratio=720p&line=0,19.599,其它
卫兰-就算世界无童话,https://www.iesdouyin.com/aweme/v1/playwm/?video_id=v0300fg10000chnenb3c77u2moocu08g&ratio=720p&line=0,5.852,其它
卫兰-心有不甘,https://www.iesdouyin.com/aweme/v1/play/?video_id=v0300fg10000ch5k663c77u3qu84l3t0&ratio=720p&line=0,13.436,其它
卫兰-心有不甘,https://www.iesdouyin.com/aweme/v1/playwm/?video_id=v0300fg10000ch5k663c77u3qu84l3t0&ratio=720p&line=0,15.466,其它
卫兰-离家出走,https://www.iesdouyin.com/aweme/v1/play/?video_id=v0d00fg10000cj9nctrc77u9f26arls0&ratio=720p&line=0,23.839,其它
卫兰-离家出走,https://www.iesdouyin.com/aweme/v1/playwm/?video_id=v0d00fg10000cj9nctrc77u9f26arls0&ratio=720p&line=0,18.615,其它
卫辉综合,http://tvpull.dxhmt.cn:9081/tv/10781-1.m3u8?%E5%85%B3%E6%B3%A8%E5%BE%AE%E4%BF%A1%E5%85%AC%E4%BC%97%E5%8F%B7[%E6%99%B4%E5%9B%AD],8.690,其它
卫辉综合频道,http://tvpull.dxhmt.cn:9081/tv/10781-1.m3u8,7.637,其它
卫辉综合频道,http://tvpull.dxhmt.cn:9081/tv/10781-1.m3u8?zhend,7.682,其它
即墨生活|澜露直播,http://1.94.31.214/php/qilu.php?id=qdjmsh,11.073,其它
即墨综合|澜露直播,http://1.94.31.214/php/qilu.php?id=qdjmzh,13.332,其它
原野逐梦记,http://newcntv.qcloudcdn.com/asp/hls/1200/0303000a/3/default/01fcf61e12c242bd81dc5aca38b6f183/1200.m3u8,3.025,其它
原阳新闻综合,http://tvpull.dxhmt.cn:9081/tv/10725-1.m3u8,10.463,其它
厦门卫视,http://111.56.90.5/000000000000/1000000005000266006/1.m3u8,3.021,其它
厦门卫视,https://live.264788.xyz/channel/xiamenweishi?streamid=2803b9c896a2dce42019b197d39226ec&livekey=01WgOR41rriMmMkzNsd0UoaxJRwetZdxIvtVk,9.074,其它
厦门卫视,http://124.93.18.239:9003/hls/55/index.m3u8,3.545,卫视 SD（632条）
双截棍,https://cfss.cc/api/kg/158894.mp4,11.728,其它
双滦新闻|澜露直播,https://jwcdnqx.hebyun.com.cn/live/slxw/1500k/tzwj_video.m3u8,13.606,其它 SD（412条）
反方向的钟,https://cfss.cc/api/kg/52705.mp4,3.517,其它
反转星球,https://newcntv.qcloudcdn.com/asp/hls/1200/0303000a/3/default/3ccdecc7d6e341c1920ad4eac5d82f38/1200.m3u8,2.783,其它
发如雪,https://cfss.cc/api/kg/2761.mp4,5.514,其它
变形记,http://newcntv.qcloudcdn.com/asp/hls/1200/0303000a/3/default/c88fd67847314d1ab20524c9fd94d555/1200.m3u8,2.148,其它
变形金刚UHD,https://vd3.bdstatic.com/mda-nd6k8tnavw6sj0a5/720p/h264_delogo/1649341231263414752/mda-nd6k8tnavw6sj0a5.mp4,2.558,其它
变形金刚_2K,https://vd3.bdstatic.com/mda-nd6k8tnavw6sj0a5/qhd/cae_h264_delogo/1649341416716222901/mda-nd6k8tnavw6sj0a5.mp4,2.581,其它
变形金刚_4K,https://vd3.bdstatic.com/mda-nd6k8tnavw6sj0a5/uhd/cae_h264_delogo/1649341416749683469/mda-nd6k8tnavw6sj0a5.mp4,2.497,其它 4D/超高清（23条）
变形金刚_LD,https://vd3.bdstatic.com/mda-nd6k8tnavw6sj0a5/1080p/cae_h264_delogo/1649341416696755483/mda-nd6k8tnavw6sj0a5.mp4,2.605,其它
变形金刚视觉,https://vd3.bdstatic.com/mda-khb9j4g6c25biyqj/v1-cae/1080p/mda-khb9j4g6c25biyqj.mp4,2.922,其它
叙州|澜露直播,http://pili-live-hls.ybcxjd.com/jdh-live/2108111201035597.m3u8,3.960,其它
叙州新闻综合|澜露直播,http://pili-live-hls.ybcxjd.com/jdh-live/2108111201035597.m3u8?zsicd,3.805,其它
古县综合,https://l2fpdktp.live.sxmty.com/live/hls/e4c3b363cc4549788e2d983f403e07db/d99ce1eb686e41b9afc888110bd95aa7.m3u8?zshanxd,4.014,其它
古巨基-必杀技,https://www.iesdouyin.com/aweme/v1/play/?video_id=v0200fg10000cekv06jc77udpp4ltm90&ratio=720p&line=0,28.648,其它
古巨基-爱与诚,https://www.iesdouyin.com/aweme/v1/play/?video_id=v0300fg10000cq20gevog65vbni5bjpg&ratio=720p&line=0,40.012,其它
古巨基-爱与诚,https://www.iesdouyin.com/aweme/v1/playwm/?video_id=v0300fg10000cq20gevog65vbni5bjpg&ratio=720p&line=0,29.448,其它
古老的活化石恒河鳄(上),http://newcntv.qcloudcdn.com/asp/hls/1200/0303000a/3/default/f8c9f1b5ac454c9a9ec5fda21c62b926/1200.m3u8,2.916,其它
古老的活化石恒河鳄(下),http://newcntv.qcloudcdn.com/asp/hls/1200/0303000a/3/default/966f8103448c4dcdabee095eeb340451/1200.m3u8,2.005,其它
句容党建,http://jrlive.jrntv.com/live/_definst_/dangjians/playlist.m3u8?zjiangsd,2.051,其它
句容党建,http://jrlive.jrntv.com/live/_definst_/dangjians/playlist.m3u8?%E5%85%B3%E6%B3%A8%E5%BE%AE%E4%BF%A1%E5%85%AC%E4%BC%97%E5%8F%B7[%E6%99%B4%E5%9B%AD],2.577,其它
句容新闻综合,http://jrlive.jrntv.com/live/_definst_/jrxwzhs/playlist.m3u8?zjiangsd,2.831,其它 SD（412条）
句容生活,http://jrlive.jrntv.com/live/_definst_/shenghuos/playlist.m3u8?%E5%85%B3%E6%B3%A8%E5%BE%AE%E4%BF%A1%E5%85%AC%E4%BC%97%E5%8F%B7[%E6%99%B4%E5%9B%AD],2.845,其它
只能拼自己DJ人不可貌相,https://vd4.bdstatic.com/mda-mmw9fee0n7gtsu2k/480p/h264/1640932948187120706/mda-mmw9fee0n7gtsu2k.mp4,2.104,其它
可克达拉综合|澜露直播,http://test5.btzx.com.cn:80/live/kkdl.stream/playlist.m3u8,2.069,其它
可爱女人,https://cfss.cc/api/kg/596815.mp4,9.283,其它
可爱的海獭(上),http://newcntv.qcloudcdn.com/asp/hls/1200/0303000a/3/default/340266a6b3ff421fa174208845f56fef/1200.m3u8,3.727,其它
可爱的海獭(下),http://newcntv.qcloudcdn.com/asp/hls/1200/0303000a/3/default/ef9b2898e92146d29a2e926ce1107eac/1200.m3u8,2.409,其它
台儿庄新闻|澜露直播,http://1.94.31.214/php/qilu.php?id=zztezxw,9.301,其它 SD（412条）
台前新闻综合,http://tvpull.dxhmt.cn:9081/tv/10927-1.m3u8,4.752,其它 SD（412条）
台州综合|澜露直播,https://stream1.freetv.fun/c4e5873503b189c2c828b0a60392ad7bcc04f20320b4de9fef041904fc33f693.m3u8,6.405,其它
叶丽仪-上海滩,https://www.iesdouyin.com/aweme/v1/playwm/?video_id=v0300fg10000c56uiubc77uc6dubb3q0&ratio=720p&line=0,23.040,其它
叶丽仪-上海滩,https://www.iesdouyin.com/aweme/v1/play/?video_id=v0300fg10000c56uiubc77uc6dubb3q0&ratio=720p&line=0,16.169,其它
叶倩文-潇洒走一回,http://vodcdn.video.taobao.com/oss/ali-video/371d75312720e701b5f3988d46cdf4ef/video.m3u8,2.479,其它
叶倩文演唱会,https://alimov2.a.kwimgs.com/upic/2020/10/01/20/BMjAyMDEwMDEyMDMzNDlfMTE0Mzc4ODk3OF8zNjk0Njc4ODI3OF8yXzM=_b_B77b9c6c66d5b6dafbe520a286bb6e6b9.mp4,20.891,其它
叶县,http://tvpull.dxhmt.cn:9081/tv/10422-1.m3u8#,9.285,其它
叶县|澜露直播,http://tvpull.dxhmt.cn:9081/tv/10422-1.m3u8,9.523,其它
叶筱萱《爱到最后是孤独》,https://vd4.bdstatic.com/mda-mh9fjm2j86uyymfa/1080p/cae_h264/1628593607912074882/mda-mh9fjm2j86uyymfa.mp4,2.035,其它
叶蒨文-情人知己,https://www.iesdouyin.com/aweme/v1/playwm/?video_id=v0300fg10000cmcmv33c77uer3e2mdag&ratio=720p&line=0,2.131,其它
叶蒨文-祝福,https://www.iesdouyin.com/aweme/v1/play/?video_id=v0d00fg10000c8rfd1bc77u0gvo4f8b0&ratio=720p&line=0,51.492,其它
叶蒨文-祝福,https://www.iesdouyin.com/aweme/v1/playwm/?video_id=v0d00fg10000c8rfd1bc77u0gvo4f8b0&ratio=720p&line=0,8.484,其它
吉林卫视,http://223.95.198.3:8000/hls/35/index.m3u8,6.781,卫视 SD（632条）
吉林卫视,http://124.93.18.239:9003/hls/49/index.m3u8,6.556,卫视 SD（632条）
吉林卫视,http://111.56.90.5/000000000000/1000000002000027730/index.m3u8,2.927,卫视 SD（632条）
吉林卫视,http://114.241.111.4:85/tsfile/live/47/1047_1.m3u8?key=txiptv,4.091,卫视 SD（632条）
吉林卫视,http://61.178.227.57:9901/tsfile/live/0116_1.m3u8?key=txiptv&amp;playlive=1&amp;authid=0,4.228,卫视 SD（632条）
吉林卫视,http://nn.7x9d.cn/mk.php?ip=118.212.78.74:8014&id=jlws,7.659,其它
吉林卫视,https://live.264788.xyz/channel/jilinweishi?streamid=89b8aec95c4726014687767de658b6b9&livekey=01WgOR41rriMmMkzNsd0UoaxJRwetZdxIvtVk,4.406,其它
吉林卫视,https://live.264788.xyz/channel/jilinweishi?streamid=4863b49f31c1bd97d35e5c9040b47f85&livekey=01WgOR41rriMmMkzNsd0UoaxJRwetZdxIvtVk,6.860,其它
吉林卫视,http://111.56.90.5/000000000000/1000000002000027730/1.m3u8,3.001,其它
吉林卫视,https://live.264788.xyz/channel/jilinweishi?streamid=3a5e52dadf63aa29839e641b0a25a563&livekey=01WgOR41rriMmMkzNsd0UoaxJRwetZdxIvtVk,8.326,其它
吉林卫视,http://111.56.90.5/000000000000/5000000011000031117/1.m3u8,2.290,其它
吉林卫视,http://111.56.90.5/000000000000/5000000006000040013/1.m3u8,3.008,其它
吉林卫视,https://live.264788.xyz/channel/jilinweishi?streamid=a5e656c3fae17a05d1371c0e32cfbc77&livekey=01WgOR41rriMmMkzNsd0UoaxJRwetZdxIvtVk,8.656,其它
吉林市综合,https://living.muzhifm.com/jilinshi/jilin_zonghe_v.m3u8?auth_key=1837821685-0-0-67b43a2f1e9e2ce78746337eea2b2537,4.615,其它
吉林纪录片轮播,http://lsfb.avap.jilintv.cn/zqvk7vpj/channel/da805d8d77a24db8aaa62328eb6d874e/index.m3u8,2.315,其它
名家之夜演唱会,http://gcw.bdcdn.shoujiduoduo.com/v/190710/acb4c10132c1db9122b9fc1d9bb662e1.mp4,18.766,其它
名家王爱爱,http://gcw.bdcdn.shoujiduoduo.com/v/191225/8254f30470e315c1fee78fb1493424ec.mp4,20.369,其它
名家联袂演出,http://gcw.bdcdn.shoujiduoduo.com/v/210207/8d8d31cca2b5441954d9e52568d09a7b.mp4,13.340,其它
名山综合,https://m3u8channel-bx.yunxya.com/nmip-media/channellive/channel104666/playlist.m3u8,2.619,其它
吕方-你的浅笑,https://www.iesdouyin.com/aweme/v1/play/?video_id=v0200fg10000cmp585fog65v3t4i0v80&ratio=720p&line=0,16.416,其它
吕方-你的浅笑,https://www.iesdouyin.com/aweme/v1/playwm/?video_id=v0200fg10000cmp585fog65v3t4i0v80&ratio=720p&line=0,19.389,其它
吕方-朋友别哭,http://bizcommon.alicdn.com/l2nDqpMmn6DGHnWzZQA/qgljCDKewD8vEgOMrrt%40%40sd.m3u8,2.237,其它
听妈妈的话,https://cfss.cc/api/kg/578726.mp4,12.617,其它
听臣把心病奏吾皇,http://gcw.bdcdn.shoujiduoduo.com/v/190624/2f080bc5a284f70f38b92664a9e3444f.mp4,13.624,其它
听见下雨的声音,https://cfss.cc/api/kg/174237.mp4,3.218,其它
吴若希-爱要撑下去,https://www.iesdouyin.com/aweme/v1/play/?video_id=v0200fg10000cdm727rc77u3lnlca32g&ratio=720p&line=0,9.512,其它
吴若希-爱要撑下去,https://www.iesdouyin.com/aweme/v1/playwm/?video_id=v0200fg10000cdm727rc77u3lnlca32g&ratio=720p&line=0,24.787,其它
吴若希-错过了,https://www.iesdouyin.com/aweme/v1/play/?video_id=v0300fg10000cton3mvog65nv5hqgf50&ratio=720p&line=0,4.123,其它
吴若希-错过了,https://www.iesdouyin.com/aweme/v1/playwm/?video_id=v0300fg10000cton3mvog65nv5hqgf50&ratio=720p&line=0,4.171,其它
吴雨霏-吴哥窿,https://www.iesdouyin.com/aweme/v1/play/?video_id=v0d00fg10000cp8v8l7og65vel2a1ls0&ratio=720p&line=0,49.718,其它
吴雨霏-吴哥窿,https://www.iesdouyin.com/aweme/v1/playwm/?video_id=v0d00fg10000cp8v8l7og65vel2a1ls0&ratio=720p&line=0,35.966,其它
吴雨霏-座右铭,https://www.iesdouyin.com/aweme/v1/play/?video_id=v0300fg10000csgeobvog65skv513bv0&ratio=720p&line=0,4.073,其它
吴雨霏-座右铭,https://www.iesdouyin.com/aweme/v1/playwm/?video_id=v0300fg10000csgeobvog65skv513bv0&ratio=720p&line=0,59.577,其它
吴雨霏-我本人,https://www.iesdouyin.com/aweme/v1/playwm/?video_id=v0300fg10000cpk55svog65tsdrf872g&ratio=720p&line=0,6.797,其它
吴雨霏-明知做戏,https://www.iesdouyin.com/aweme/v1/play/?video_id=v0200fg10000ce0r8hjc77u3c0th1spg&ratio=720p&line=0,6.448,其它
吴雨霏-明知做戏,https://www.iesdouyin.com/aweme/v1/playwm/?video_id=v0200fg10000ce0r8hjc77u3c0th1spg&ratio=720p&line=0,5.388,其它
吴雨霏-留不低,https://www.iesdouyin.com/aweme/v1/playwm/?video_id=v0d00fg10000cae08n3c77u2lghi4a9g&ratio=720p&line=0,17.338,其它
告白气球,https://cfss.cc/api/kg/589001.mp4,12.199,其它
周华健《2015今天唱什么 巡回演唱会完整版》,https://vd2.bdstatic.com/mda-pa3cxmj5kz5viwwq/576p/h264/1672824310339702670/mda-pa3cxmj5kz5viwwq.mp4,2.210,其它
周华健《2016 出道30年演唱会 完整版》,https://vd3.bdstatic.com/mda-pa3ecnd7aukyaf4a/576p/h264/1672827636953342632/mda-pa3ecnd7aukyaf4a.mp4,2.478,其它
周慧敏-最爱,https://www.iesdouyin.com/aweme/v1/playwm/?video_id=v0d00fg10000cihdb9rc77uaaibdjvl0&ratio=720p&line=0,2.155,其它
周慧敏《30周年 演唱会高清 完整版》,https://vd3.bdstatic.com/mda-nmk3vfc49zsei6ek/576p/h264/1671591746174731071/mda-nmk3vfc49zsei6ek.mp4,2.573,其它 高清/HD（158条）
周慧敏《DeepV25周年演唱会 完整版》,https://vd2.bdstatic.com/mda-nmji71xik2a94i0p/576p/h264/1671540995626474873/mda-nmji71xik2a94i0p.mp4,2.430,其它
周杰伦-一路向北,https://www.iesdouyin.com/aweme/v1/playwm/?video_id=v0200fg10000ctdf26vog65kmvqmvk1g&ratio=720p&line=0,26.737,其它
周杰伦-一路向北,https://www.iesdouyin.com/aweme/v1/play/?video_id=v0200fg10000ctdf26vog65kmvqmvk1g&ratio=720p&line=0,10.493,其它
周杰伦-不能说的秘密,https://www.iesdouyin.com/aweme/v1/playwm/?video_id=v0200fg10000cum99unog65osqdmttig&ratio=720p&line=0,24.973,其它
周杰伦-告白气球,https://www.iesdouyin.com/aweme/v1/play/?video_id=v0d00fg10000ci86emrc77ualbim8bv0&ratio=720p&line=0,4.127,其它
周杰伦-我不配,https://www.iesdouyin.com/aweme/v1/play/?video_id=v0200fg10000ctckvvnog65m6b34rft0&ratio=720p&line=0,20.941,其它
周杰伦-我不配,https://www.iesdouyin.com/aweme/v1/playwm/?video_id=v0200fg10000ctckvvnog65m6b34rft0&ratio=720p&line=0,20.359,其它
周杰伦-我落泪情绪零碎,https://www.iesdouyin.com/aweme/v1/play/?video_id=v0200fg10000ctt2hmvog65usvfqcpf0&ratio=720p&line=0,29.632,其它
周杰伦-我落泪情绪零碎,https://www.iesdouyin.com/aweme/v1/playwm/?video_id=v0200fg10000ctt2hmvog65usvfqcpf0&ratio=720p&line=0,4.242,其它
周杰伦-搁浅,https://www.iesdouyin.com/aweme/v1/playwm/?video_id=v0200fg10000cuflqnvog65rdj8jqpc0&ratio=720p&line=0,4.670,其它
周杰伦-晴天,https://www.iesdouyin.com/aweme/v1/play/?video_id=v0200fg10000ctrtl67og65qlnn3p6q0&ratio=720p&line=0,27.143,其它
周杰伦-晴天,https://www.iesdouyin.com/aweme/v1/playwm/?video_id=v0200fg10000ctrtl67og65qlnn3p6q0&ratio=720p&line=0,27.038,其它
周杰伦-珊瑚海,https://www.iesdouyin.com/aweme/v1/play/?video_id=v0200fg10000cu53j17og65mdmh6uuvg&ratio=720p&line=0,38.044,其它
周杰伦-珊瑚海,https://www.iesdouyin.com/aweme/v1/playwm/?video_id=v0200fg10000cu53j17og65mdmh6uuvg&ratio=720p&line=0,4.625,其它
周杰伦-稻香,https://www.iesdouyin.com/aweme/v1/play/?video_id=v0200fg10000ctlmcvvog65o5ds0167g&ratio=720p&line=0,32.434,其它
周杰伦-简单爱,https://www.iesdouyin.com/aweme/v1/play/?video_id=v0d00fg10000csnbkmqljht17n76quv0&ratio=720p&line=0,12.223,其它
周杰伦-简单爱,https://www.iesdouyin.com/aweme/v1/playwm/?video_id=v0d00fg10000csnbkmqljht17n76quv0&ratio=720p&line=0,11.400,其它
周杰伦-花海,https://www.iesdouyin.com/aweme/v1/play/?video_id=v0200fg10000ct25167og65te5cdbhj0&ratio=720p&line=0,5.281,其它
周杰伦-花海,https://www.iesdouyin.com/aweme/v1/playwm/?video_id=v0200fg10000ct25167og65te5cdbhj0&ratio=720p&line=0,9.349,其它
周杰伦-蒲公英的约定,https://www.iesdouyin.com/aweme/v1/play/?video_id=v0200fg10000cu16plvog65nf0t5gj8g&ratio=720p&line=0,27.681,其它
周杰伦-蒲公英的约定,https://www.iesdouyin.com/aweme/v1/playwm/?video_id=v0200fg10000cu16plvog65nf0t5gj8g&ratio=720p&line=0,38.840,其它
周杰伦-说好不哭,https://www.iesdouyin.com/aweme/v1/play/?video_id=v0200fg10000cu1rh9vog65imnpbre70&ratio=720p&line=0,37.476,其它
周杰伦-说好不哭,https://www.iesdouyin.com/aweme/v1/playwm/?video_id=v0200fg10000cu1rh9vog65imnpbre70&ratio=720p&line=0,7.467,其它
周杰伦-退后,https://www.iesdouyin.com/aweme/v1/playwm/?video_id=v0200fg10000cu4gqmvog65ugg1to2qg&ratio=720p&line=0,22.664,其它
周杰伦-退后,https://www.iesdouyin.com/aweme/v1/play/?video_id=v0200fg10000cu4gqmvog65ugg1to2qg&ratio=720p&line=0,54.103,其它
周杰伦-青花瓷,https://www.iesdouyin.com/aweme/v1/playwm/?video_id=v0200fg10000cslnpcnog65tu8njd7pg&ratio=720p&line=0,17.854,其它
周杰伦-青花瓷,https://www.iesdouyin.com/aweme/v1/play/?video_id=v0200fg10000cslnpcnog65tu8njd7pg&ratio=720p&line=0,25.161,其它
周杰伦精选120首(8小时),https://txmov2.a.kwimgs.com/upic/2023/06/18/23/BMjAyMzA2MTgyMzE1MjBfMzQ4MzI0MjA1OF8xMDU4Nzc4MzAzNjZfMF8z_b_B386baa1bb2c0c48626a830ff69393771.mp4,8.917,其它
周柏豪-传闻,https://www.iesdouyin.com/aweme/v1/play/?video_id=v0200fg10000c9d38o3c77u1jf2r3r6g&ratio=720p&line=0,28.900,其它
周柏豪-传闻,https://www.iesdouyin.com/aweme/v1/playwm/?video_id=v0200fg10000c9d38o3c77u1jf2r3r6g&ratio=720p&line=0,30.079,其它
周柏豪-够钟,https://www.iesdouyin.com/aweme/v1/play/?video_id=v0300fg10000cmbebvbc77u6p4blmqtg&ratio=720p&line=0,35.723,其它
周柏豪-够钟,https://www.iesdouyin.com/aweme/v1/playwm/?video_id=v0300fg10000cmbebvbc77u6p4blmqtg&ratio=720p&line=0,30.716,其它
周柏豪-小白,https://www.iesdouyin.com/aweme/v1/play/?video_id=v0d00fg10000c9go7bjc77u3qv0480gg&ratio=720p&line=0,13.902,其它
周柏豪-我的宣言,https://www.iesdouyin.com/aweme/v1/play/?video_id=v0200fg10000c7sm6u3c77uace3houd0&ratio=720p&line=0,27.828,其它
周柏豪-我的宣言,https://www.iesdouyin.com/aweme/v1/playwm/?video_id=v0200fg10000c7sm6u3c77uace3houd0&ratio=720p&line=0,41.633,其它
周柏豪-还记得,https://www.iesdouyin.com/aweme/v1/play/?video_id=v0200fg10000ca9qcubc77u3d3jrsp9g&ratio=720p&line=0,21.996,其它
周柏豪/郑融-一事无成,https://www.iesdouyin.com/aweme/v1/play/?video_id=v0d00fg10000cbcbg2jc77u4rikmlblg&ratio=720p&line=0,5.857,其它
周柏豪/郑融-一事无成,https://www.iesdouyin.com/aweme/v1/playwm/?video_id=v0d00fg10000cbcbg2jc77u4rikmlblg&ratio=720p&line=0,3.336,其它
周润发电影院,http://222.186.39.38:8000/587078/index.m3u8,3.576,其它 SD（412条）
周玉珍演唱,http://gcw.bdcdn.shoujiduoduo.com/v/200317/7c101acea7a9514446426caaa0793840.mp4,20.032,其它
呵护,http://newcntv.qcloudcdn.com/asp/hls/1200/0303000a/3/default/3e2d88a89cd9464e89f3b4b6353db194/1200.m3u8,3.301,其它
呼伦贝尔新闻综合|澜露直播,http://play1-qk.nmtv.cn/live/1735546791130040.m3u8,2.929,其它 SD（412条）
咪咕直播 𝟙「移动」,http://gslbserv.itv.cmvideo.cn:80/3000000001000005308/index.m3u8?channel-id=FifastbLive&Contentid=3000000001000005308&livemode=1&stbId=YanG-1989,5.489,其它
咪咕直播 𝟙𝟘「移动」,http://gslbserv.itv.cmvideo.cn:80/3000000001000031494/index.m3u8?channel-id=FifastbLive&Contentid=3000000001000031494&livemode=1&stbId=YanG-1989,5.498,其它
咪咕直播 𝟙𝟙「移动」,http://gslbserv.itv.cmvideo.cn:80/3000000010000000097/index.m3u8?channel-id=FifastbLive&Contentid=3000000010000000097&livemode=1&stbId=YanG-1989,8.270,其它
咪咕直播 𝟙𝟚「移动」,http://gslbserv.itv.cmvideo.cn:80/3000000010000002019/index.m3u8?channel-id=FifastbLive&Contentid=3000000010000002019&livemode=1&stbId=YanG-1989,4.927,其它
咪咕直播 𝟙𝟛「移动」,http://gslbserv.itv.cmvideo.cn:80/3000000010000002809/index.m3u8?channel-id=FifastbLive&Contentid=3000000010000002809&livemode=1&stbId=YanG-1989,10.743,其它
咪咕直播 𝟙𝟜「移动」,http://gslbserv.itv.cmvideo.cn:80/3000000010000003915/index.m3u8?channel-id=FifastbLive&Contentid=3000000010000003915&livemode=1&stbId=YanG-1989,5.441,其它
咪咕直播 𝟙𝟝「移动」,http://gslbserv.itv.cmvideo.cn:80/3000000010000004193/index.m3u8?channel-id=FifastbLive&Contentid=3000000010000004193&livemode=1&stbId=YanG-1989,9.037,其它
咪咕直播 𝟙𝟞「移动」,http://gslbserv.itv.cmvideo.cn:80/3000000010000005837/index.m3u8?channel-id=FifastbLive&Contentid=3000000010000005837&livemode=1&stbId=YanG-1989,5.722,其它
咪咕直播 𝟙𝟟「移动」,http://gslbserv.itv.cmvideo.cn:80/3000000010000006077/index.m3u8?channel-id=FifastbLive&Contentid=3000000010000006077&livemode=1&stbId=YanG-1989,5.473,其它
咪咕直播 𝟙𝟠「移动」,http://gslbserv.itv.cmvideo.cn:80/3000000010000006658/index.m3u8?channel-id=FifastbLive&Contentid=3000000010000006658&livemode=1&stbId=YanG-1989,5.460,其它
咪咕直播 𝟙𝟡「移动」,http://gslbserv.itv.cmvideo.cn:80/3000000010000009788/index.m3u8?channel-id=FifastbLive&Contentid=3000000010000009788&livemode=1&stbId=YanG-1989,5.321,其它
咪咕直播 𝟚「移动」,http://gslbserv.itv.cmvideo.cn:80/3000000001000005969/index.m3u8?channel-id=FifastbLive&Contentid=3000000001000005969&livemode=1&stbId=YanG-1989,4.833,其它
咪咕直播 𝟚𝟘「移动」,http://gslbserv.itv.cmvideo.cn:80/3000000010000010833/index.m3u8?channel-id=FifastbLive&Contentid=3000000010000010833&livemode=1&stbId=YanG-1989,9.240,其它
咪咕直播 𝟚𝟙「移动」,http://gslbserv.itv.cmvideo.cn:80/3000000010000011297/index.m3u8?channel-id=FifastbLive&Contentid=3000000010000011297&livemode=1&stbId=YanG-1989,8.608,其它
咪咕直播 𝟚𝟚「移动」,http://gslbserv.itv.cmvideo.cn:80/3000000010000011518/index.m3u8?channel-id=FifastbLive&Contentid=3000000010000011518&livemode=1&stbId=YanG-1989,9.388,其它
咪咕直播 𝟚𝟛「移动」,http://gslbserv.itv.cmvideo.cn:80/3000000010000012558/index.m3u8?channel-id=FifastbLive&Contentid=3000000010000012558&livemode=1&stbId=YanG-1989,5.531,其它
咪咕直播 𝟚𝟜「移动」,http://gslbserv.itv.cmvideo.cn:80/3000000010000012616/index.m3u8?channel-id=FifastbLive&Contentid=3000000010000012616&livemode=1&stbId=YanG-1989,5.594,其它
咪咕直播 𝟚𝟝「移动」,http://gslbserv.itv.cmvideo.cn:80/3000000010000015470/index.m3u8?channel-id=FifastbLive&Contentid=3000000010000015470&livemode=1&stbId=YanG-1989,5.779,其它
咪咕直播 𝟚𝟞「移动」,http://gslbserv.itv.cmvideo.cn:80/3000000010000015560/index.m3u8?channel-id=FifastbLive&Contentid=3000000010000015560&livemode=1&stbId=YanG-1989,5.793,其它
咪咕直播 𝟚𝟟「移动」,http://gslbserv.itv.cmvideo.cn:80/3000000010000017678/index.m3u8?channel-id=FifastbLive&Contentid=3000000010000017678&livemode=1&stbId=YanG-1989,5.069,其它
咪咕直播 𝟚𝟠「移动」,http://gslbserv.itv.cmvideo.cn:80/3000000010000019839/index.m3u8?channel-id=FifastbLive&Contentid=3000000010000019839&livemode=1&stbId=YanG-1989,5.118,其它
咪咕直播 𝟚𝟡「移动」,http://gslbserv.itv.cmvideo.cn:80/3000000010000021904/index.m3u8?channel-id=FifastbLive&Contentid=3000000010000021904&livemode=1&stbId=YanG-1989,4.865,其它
咪咕直播 𝟛「移动」,http://gslbserv.itv.cmvideo.cn:80/3000000001000007218/index.m3u8?channel-id=FifastbLive&Contentid=3000000001000007218&livemode=1&stbId=YanG-1989,9.041,其它
咪咕直播 𝟛𝟘「移动」,http://gslbserv.itv.cmvideo.cn:80/3000000010000023434/index.m3u8?channel-id=FifastbLive&Contentid=3000000010000023434&livemode=1&stbId=YanG-1989,8.624,其它
咪咕直播 𝟛𝟙「移动」,http://gslbserv.itv.cmvideo.cn:80/3000000010000025380/index.m3u8?channel-id=FifastbLive&Contentid=3000000010000025380&livemode=1&stbId=YanG-1989,8.995,其它
咪咕直播 𝟛𝟚「移动」,http://gslbserv.itv.cmvideo.cn:80/3000000010000027691/index.m3u8?channel-id=FifastbLive&Contentid=3000000010000027691&livemode=1&stbId=YanG-1989,5.628,其它
咪咕直播 𝟛𝟛「移动」,http://gslbserv.itv.cmvideo.cn:80/3000000010000031669/index.m3u8?channel-id=FifastbLive&Contentid=3000000010000031669&livemode=1&stbId=YanG-1989,6.287,其它
咪咕直播 𝟛𝟜「移动」,http://gslbserv.itv.cmvideo.cn:80/3000000020000011518/index.m3u8?channel-id=FifastbLive&Contentid=3000000020000011518&livemode=1&stbId=YanG-1989,5.443,其它
咪咕直播 𝟛𝟝「移动」,http://gslbserv.itv.cmvideo.cn:80/3000000020000011519/index.m3u8?channel-id=FifastbLive&Contentid=3000000020000011519&livemode=1&stbId=YanG-1989,5.703,其它
咪咕直播 𝟛𝟞「移动」,http://gslbserv.itv.cmvideo.cn:80/3000000020000011520/index.m3u8?channel-id=FifastbLive&Contentid=3000000020000011520&livemode=1&stbId=YanG-1989,5.760,其它
咪咕直播 𝟛𝟟「移动」,http://gslbserv.itv.cmvideo.cn:80/3000000020000011521/index.m3u8?channel-id=FifastbLive&Contentid=3000000020000011521&livemode=1&stbId=YanG-1989,10.477,其它
咪咕直播 𝟛𝟠「移动」,http://gslbserv.itv.cmvideo.cn:80/3000000020000011522/index.m3u8?channel-id=FifastbLive&Contentid=3000000020000011522&livemode=1&stbId=YanG-1989,5.946,其它
咪咕直播 𝟜「移动」,http://gslbserv.itv.cmvideo.cn:80/3000000001000008001/index.m3u8?channel-id=FifastbLive&Contentid=3000000001000008001&livemode=1&stbId=YanG-1989,3.740,其它
咪咕直播 𝟜𝕂-𝟙「移动」,http://gslbserv.itv.cmvideo.cn:80/3000000010000005180/index.m3u8?channel-id=FifastbLive&Contentid=3000000010000005180&livemode=1&stbId=YanG-1989,6.921,其它
咪咕直播 𝟜𝕂-𝟚「移动」,http://gslbserv.itv.cmvideo.cn:80/3000000010000015686/index.m3u8?channel-id=FifastbLive&Contentid=3000000010000015686&livemode=1&stbId=YanG-1989,10.962,其它
咪咕直播 𝟝「移动」,http://gslbserv.itv.cmvideo.cn:80/3000000001000008176/index.m3u8?channel-id=FifastbLive&Contentid=3000000001000008176&livemode=1&stbId=YanG-1989,6.439,其它
咪咕直播 𝟞「移动」,http://gslbserv.itv.cmvideo.cn:80/3000000001000008379/index.m3u8?channel-id=FifastbLive&Contentid=3000000001000008379&livemode=1&stbId=YanG-1989,25.716,其它
咪咕直播 𝟟「移动」,http://gslbserv.itv.cmvideo.cn:80/3000000001000010129/index.m3u8?channel-id=FifastbLive&Contentid=3000000001000010129&livemode=1&stbId=YanG-1989,9.885,其它
咪咕直播 𝟠「移动」,http://gslbserv.itv.cmvideo.cn:80/3000000001000010948/index.m3u8?channel-id=FifastbLive&Contentid=3000000001000010948&livemode=1&stbId=YanG-1989,5.565,其它
咪咕直播 𝟡「移动」,http://gslbserv.itv.cmvideo.cn:80/3000000001000028638/index.m3u8?channel-id=FifastbLive&Contentid=3000000001000028638&livemode=1&stbId=YanG-1989,5.867,其它
咪咕直播1,http://gslbserv.itv.cmvideo.cn:80/5000000011000265001/1.m3u8?channel-id=FifastbLive&Contentid=3000000001000005308&livemode=1&stbId=toShengfen&mode=1,6.062,其它
咪咕直播10,http://gslbserv.itv.cmvideo.cn:80/5000000011000265001/1.m3u8?channel-id=FifastbLive&Contentid=3000000001000031494&livemode=1&stbId=toShengfen&mode=1,5.894,其它
咪咕直播11,http://gslbserv.itv.cmvideo.cn:80/5000000011000265001/1.m3u8?channel-id=FifastbLive&Contentid=3000000010000000097&livemode=1&stbId=toShengfen&mode=1,8.830,其它
咪咕直播12,http://gslbserv.itv.cmvideo.cn:80/5000000011000265001/1.m3u8?channel-id=FifastbLive&Contentid=3000000010000002019&livemode=1&stbId=toShengfen&mode=1,6.118,其它
咪咕直播13,http://gslbserv.itv.cmvideo.cn:80/5000000011000265001/1.m3u8?channel-id=FifastbLive&Contentid=3000000010000002809&livemode=1&stbId=toShengfen&mode=1,9.388,其它
咪咕直播14,http://gslbserv.itv.cmvideo.cn:80/5000000011000265001/1.m3u8?channel-id=FifastbLive&Contentid=3000000010000003915&livemode=1&stbId=toShengfen&mode=1,5.520,其它
咪咕直播15,http://gslbserv.itv.cmvideo.cn:80/5000000011000265001/1.m3u8?channel-id=FifastbLive&Contentid=3000000010000004193&livemode=1&stbId=toShengfen&mode=1,10.309,其它
咪咕直播16,http://gslbserv.itv.cmvideo.cn:80/5000000011000265001/1.m3u8?channel-id=FifastbLive&Contentid=3000000010000005837&livemode=1&stbId=toShengfen&mode=1,5.266,其它
咪咕直播17,http://gslbserv.itv.cmvideo.cn:80/5000000011000265001/1.m3u8?channel-id=FifastbLive&Contentid=3000000010000006077&livemode=1&stbId=toShengfen&mode=1,5.647,其它
咪咕直播18,http://gslbserv.itv.cmvideo.cn:80/5000000011000265001/1.m3u8?channel-id=FifastbLive&Contentid=3000000010000006658&livemode=1&stbId=toShengfen&mode=1,6.150,其它
咪咕直播19,http://gslbserv.itv.cmvideo.cn:80/5000000011000265001/1.m3u8?channel-id=FifastbLive&Contentid=3000000010000009788&livemode=1&stbId=toShengfen&mode=1,5.390,其它
咪咕直播2,http://gslbserv.itv.cmvideo.cn:80/5000000011000265001/1.m3u8?channel-id=FifastbLive&Contentid=3000000001000005969&livemode=1&stbId=toShengfen&mode=1,4.431,其它
咪咕直播20,http://gslbserv.itv.cmvideo.cn:80/5000000011000265001/1.m3u8?channel-id=FifastbLive&Contentid=3000000010000010833&livemode=1&stbId=toShengfen&mode=1,5.421,其它
咪咕直播21,http://gslbserv.itv.cmvideo.cn:80/5000000011000265001/1.m3u8?channel-id=FifastbLive&Contentid=3000000010000011297&livemode=1&stbId=toShengfen&mode=1,9.673,其它
咪咕直播22,http://gslbserv.itv.cmvideo.cn:80/5000000011000265001/1.m3u8?channel-id=FifastbLive&Contentid=3000000010000011518&livemode=1&stbId=toShengfen&mode=1,10.134,其它
咪咕直播23,http://gslbserv.itv.cmvideo.cn:80/5000000011000265001/1.m3u8?channel-id=FifastbLive&Contentid=3000000010000012558&livemode=1&stbId=toShengfen&mode=1,5.304,其它
咪咕直播24,http://gslbserv.itv.cmvideo.cn:80/5000000011000265001/1.m3u8?channel-id=FifastbLive&Contentid=3000000010000012616&livemode=1&stbId=toShengfen&mode=1,5.592,其它
咪咕直播25,http://gslbserv.itv.cmvideo.cn:80/5000000011000265001/1.m3u8?channel-id=FifastbLive&Contentid=3000000010000015470&livemode=1&stbId=toShengfen&mode=1,5.555,其它
咪咕直播26,http://gslbserv.itv.cmvideo.cn:80/5000000011000265001/1.m3u8?channel-id=FifastbLive&Contentid=3000000010000015560&livemode=1&stbId=toShengfen&mode=1,5.472,其它
咪咕直播27,http://gslbserv.itv.cmvideo.cn:80/5000000011000265001/1.m3u8?channel-id=FifastbLive&Contentid=3000000010000017678&livemode=1&stbId=toShengfen&mode=1,5.384,其它
咪咕直播28,http://gslbserv.itv.cmvideo.cn:80/5000000011000265001/1.m3u8?channel-id=FifastbLive&Contentid=3000000010000019839&livemode=1&stbId=toShengfen&mode=1,4.899,其它
咪咕直播29,http://gslbserv.itv.cmvideo.cn:80/5000000011000265001/1.m3u8?channel-id=FifastbLive&Contentid=3000000010000021904&livemode=1&stbId=toShengfen&mode=1,5.971,其它
咪咕直播3,http://gslbserv.itv.cmvideo.cn:80/5000000011000265001/1.m3u8?channel-id=FifastbLive&Contentid=3000000001000007218&livemode=1&stbId=toShengfen&mode=1,9.241,其它
咪咕直播30,http://gslbserv.itv.cmvideo.cn:80/5000000011000265001/1.m3u8?channel-id=FifastbLive&Contentid=3000000010000023434&livemode=1&stbId=toShengfen&mode=1,8.280,其它
咪咕直播39,http://gslbserv.itv.cmvideo.cn:80/3000000020000011523/index.m3u8?channel-id=FifastbLive&Contentid=3000000020000011523&livemode=1&stbId=YanG-1989,5.428,其它
咪咕直播4,http://gslbserv.itv.cmvideo.cn:80/5000000011000265001/1.m3u8?channel-id=FifastbLive&Contentid=3000000001000008001&livemode=1&stbId=toShengfen&mode=1,9.934,其它
咪咕直播40,http://gslbserv.itv.cmvideo.cn:80/3000000020000011524/index.m3u8?channel-id=FifastbLive&Contentid=3000000020000011524&livemode=1&stbId=YanG-1989,5.893,其它
咪咕直播41,http://gslbserv.itv.cmvideo.cn:80/3000000020000011525/index.m3u8?channel-id=FifastbLive&Contentid=3000000020000011525&livemode=1&stbId=YanG-1989,6.708,其它
咪咕直播42,http://gslbserv.itv.cmvideo.cn:80/3000000020000011528/index.m3u8?channel-id=FifastbLive&Contentid=3000000020000011528&livemode=1&stbId=YanG-1989,12.511,其它
咪咕直播43,http://gslbserv.itv.cmvideo.cn:80/3000000020000011529/index.m3u8?channel-id=FifastbLive&Contentid=3000000020000011529&livemode=1&stbId=YanG-1989,6.473,其它
咪咕直播44,http://gslbserv.itv.cmvideo.cn:80/3000000020000011530/index.m3u8?channel-id=FifastbLive&Contentid=3000000020000011530&livemode=1&stbId=YanG-1989,6.394,其它
咪咕直播45,http://gslbserv.itv.cmvideo.cn:80/3000000020000011531/index.m3u8?channel-id=FifastbLive&Contentid=3000000020000011531&livemode=1&stbId=YanG-1989,10.249,其它
咪咕直播5,http://gslbserv.itv.cmvideo.cn:80/5000000011000265001/1.m3u8?channel-id=FifastbLive&Contentid=3000000001000008176&livemode=1&stbId=toShengfen&mode=1,5.472,其它
咪咕直播6,http://gslbserv.itv.cmvideo.cn:80/5000000011000265001/1.m3u8?channel-id=FifastbLive&Contentid=3000000001000008379&livemode=1&stbId=toShengfen&mode=1,10.391,其它
咪咕直播7,http://gslbserv.itv.cmvideo.cn:80/5000000011000265001/1.m3u8?channel-id=FifastbLive&Contentid=3000000001000010129&livemode=1&stbId=toShengfen&mode=1,9.684,其它
咪咕直播8,http://gslbserv.itv.cmvideo.cn:80/5000000011000265001/1.m3u8?channel-id=FifastbLive&Contentid=3000000001000010948&livemode=1&stbId=toShengfen&mode=1,6.856,其它
咪咕直播9,http://gslbserv.itv.cmvideo.cn:80/5000000011000265001/1.m3u8?channel-id=FifastbLive&Contentid=3000000001000028638&livemode=1&stbId=toShengfen&mode=1,6.092,其它
咪视界1,http://gslbserv.itv.cmvideo.cn:80/3000000001000008176/index.m3u8?channel-id=FifastbLive&Contentid=3000000001000008176&livemode=1&stbId=3$,5.995,其它
咪视界10,http://gslbserv.itv.cmvideo.cn:80/3000000010000004193/index.m3u8?channel-id=FifastbLive&Contentid=3000000010000004193&livemode=1&stbId=3$,9.464,其它
咪视界11,http://gslbserv.itv.cmvideo.cn:80/1.m3u8?channel-id=FifastbLive&Contentid=3000000001000028638&livemode=1&stbId=yu&mode=1&$8M,5.138,其它
咪视界12,http://gslbserv.itv.cmvideo.cn:80/1.m3u8?channel-id=FifastbLive&Contentid=3000000001000005969&livemode=1&stbId=yu&mode=1&$8M,5.038,其它
咪视界13,http://gslbserv.itv.cmvideo.cn:80/1.m3u8?channel-id=FifastbLive&Contentid=3000000001000007218&livemode=1&stbId=yu&mode=1&$8M,9.735,其它
咪视界14,http://gslbserv.itv.cmvideo.cn:80/1.m3u8?channel-id=FifastbLive&Contentid=3000000001000008001&livemode=1&stbId=yu&mode=1&$8M,8.580,其它
咪视界15,http://gslbserv.itv.cmvideo.cn:80/1.m3u8?channel-id=FifastbLive&Contentid=3000000001000010129&livemode=1&stbId=yu&mode=1&$8M,11.735,其它
咪视界16,http://gslbserv.itv.cmvideo.cn:80/1.m3u8?channel-id=FifastbLive&Contentid=3000000001000010948&livemode=1&stbId=yu&mode=1&$8M,5.480,其它
咪视界17,http://gslbserv.itv.cmvideo.cn:80/1.m3u8?channel-id=FifastbLive&Contentid=3000000001000031494&livemode=1&stbId=yu&mode=1&$8M,5.167,其它
咪视界18,http://gslbserv.itv.cmvideo.cn:80/1.m3u8?channel-id=FifastbLive&Contentid=3000000010000000097&livemode=1&stbId=yu&mode=1&$5M,8.707,其它
咪视界19,http://gslbserv.itv.cmvideo.cn:80/1.m3u8?channel-id=FifastbLive&Contentid=3000000010000002019&livemode=1&stbId=yu&mode=1&$5M,5.407,其它
咪视界2,http://gslbserv.itv.cmvideo.cn:80/3000000010000027691/index.m3u8?channel-id=FifastbLive&Contentid=3000000010000027691&livemode=1&stbId=3$,5.501,其它
咪视界20,http://gslbserv.itv.cmvideo.cn:80/1.m3u8?channel-id=FifastbLive&Contentid=3000000010000003915&livemode=1&stbId=yu&mode=1&$5M,5.458,其它
咪视界21,http://gslbserv.itv.cmvideo.cn:80/1.m3u8?channel-id=FifastbLive&Contentid=3000000010000005837&livemode=1&stbId=yu&mode=1&$8M,5.893,其它
咪视界22,http://gslbserv.itv.cmvideo.cn:80/1.m3u8?channel-id=FifastbLive&Contentid=3000000010000006658&livemode=1&stbId=yu&mode=1&$5M,5.945,其它
咪视界23,http://gslbserv.itv.cmvideo.cn:80/1.m3u8?channel-id=FifastbLive&Contentid=3000000010000011297&livemode=1&stbId=yu&mode=1&$5M,11.110,其它
咪视界24,http://gslbserv.itv.cmvideo.cn:80/1.m3u8?channel-id=FifastbLive&Contentid=3000000010000012616&livemode=1&stbId=yu&mode=1&$5M,5.426,其它
咪视界25,http://gslbserv.itv.cmvideo.cn:80/1.m3u8?channel-id=FifastbLive&Contentid=3000000010000015470&livemode=1&stbId=yu&mode=1&$5M,6.216,其它
咪视界26,http://gslbserv.itv.cmvideo.cn:80/1.m3u8?channel-id=FifastbLive&Contentid=3000000010000019839&livemode=1&stbId=yu&mode=1&$5M,5.439,其它
咪视界27,http://gslbserv.itv.cmvideo.cn:80/1.m3u8?channel-id=FifastbLive&Contentid=3000000010000025380&livemode=1&stbId=yu&mode=1&$5M,9.005,其它
咪视界28,http://gslbserv.itv.cmvideo.cn:80/1.m3u8?channel-id=FifastbLive&Contentid=3000000010000027691&livemode=1&stbId=yu&mode=1&$5M,10.732,其它
咪视界29,http://gslbserv.itv.cmvideo.cn:80/1.m3u8?channel-id=FifastbLive&Contentid=3000000010000031669&livemode=1&stbId=yu&mode=1&$5M,6.012,其它
咪视界3,http://gslbserv.itv.cmvideo.cn:80/3000000010000023434/index.m3u8?channel-id=FifastbLive&Contentid=3000000010000023434&livemode=1&stbId=3$,10.508,其它
咪视界30,http://gslbserv.itv.cmvideo.cn:80/1.m3u8?channel-id=FifastbLive&Contentid=3000000020000011522&livemode=1&stbId=yu&mode=1&$8M,6.110,其它
咪视界32,http://gslbserv.itv.cmvideo.cn:80/1.m3u8?channel-id=FifastbLive&Contentid=3000000001000005308&livemode=1&stbId=yu&mode=1&$8M,5.594,其它
咪视界33,http://gslbserv.itv.cmvideo.cn:80/1.m3u8?channel-id=FifastbLive&Contentid=3000000001000008379&livemode=1&stbId=yu&mode=1&$8M,11.515,其它
咪视界34,http://gslbserv.itv.cmvideo.cn:80/1.m3u8?channel-id=FifastbLive&Contentid=3000000010000002809&livemode=1&stbId=yu&mode=1&$5M,9.718,其它
咪视界35,http://gslbserv.itv.cmvideo.cn:80/1.m3u8?channel-id=FifastbLive&Contentid=3000000010000015560&livemode=1&stbId=yu&mode=1&$5M,10.796,其它
咪视界36,http://gslbserv.itv.cmvideo.cn:80/1.m3u8?channel-id=FifastbLive&Contentid=3000000010000023434&livemode=1&stbId=yu&mode=1&$5M,10.080,其它
咪视界4,http://gslbserv.itv.cmvideo.cn:80/3000000010000021904/index.m3u8?channel-id=FifastbLive&Contentid=3000000010000021904&livemode=1&stbId=3$,5.916,其它
咪视界4K,http://gslbserv.itv.cmvideo.cn:80/3000000010000005180/index.m3u8?channel-id=FifastbLive&Contentid=3000000010000005180&livemode=1&stbId=3$,7.303,其它 4D/超高清（23条）
咪视界5,http://gslbserv.itv.cmvideo.cn:80/3000000010000015560/index.m3u8?channel-id=FifastbLive&Contentid=3000000010000015560&livemode=1&stbId=3$,5.763,其它
咪视界6,http://gslbserv.itv.cmvideo.cn:80/3000000010000012558/index.m3u8?channel-id=FifastbLive&Contentid=3000000010000012558&livemode=1&stbId=3$,5.526,其它
咪视界7,http://gslbserv.itv.cmvideo.cn:80/3000000010000010833/index.m3u8?channel-id=FifastbLive&Contentid=3000000010000010833&livemode=1&stbId=3$,5.931,其它
咪视界8,http://gslbserv.itv.cmvideo.cn:80/3000000010000009788/index.m3u8?channel-id=FifastbLive&Contentid=3000000010000009788&livemode=1&stbId=3$,5.415,其它
咪视界9,http://gslbserv.itv.cmvideo.cn:80/3000000010000006077/index.m3u8?channel-id=FifastbLive&Contentid=3000000010000006077&livemode=1&stbId=3$,5.542,其它
哈哈炫动,http://111.56.90.5/000000000000/5000000005000031641/index.m3u8,2.954,其它
哈哈炫动,https://live.264788.xyz/channel/hahaxuandong?streamid=94a24c95f2c7dadd327e0e79d7876e07&livekey=01WgOR41rriMmMkzNsd0UoaxJRwetZdxIvtVk,5.533,其它
哈哈炫动,https://live.264788.xyz/channel/hahaxuandong?streamid=6100bab85a3b9605a4f901169bd71a71&livekey=01WgOR41rriMmMkzNsd0UoaxJRwetZdxIvtVk,5.079,其它
哈哈炫动,https://live.264788.xyz/channel/hahaxuandong?streamid=c55a3d1bf2300814cb8fafabd059fb47&livekey=01WgOR41rriMmMkzNsd0UoaxJRwetZdxIvtVk,10.332,其它
哈哈炫动,https://live.264788.xyz/channel/hahaxuandong?streamid=9e1a0076f34fffba73e294c40d74a445&livekey=01WgOR41rriMmMkzNsd0UoaxJRwetZdxIvtVk,7.060,其它
哈哈炫动,https://live.264788.xyz/channel/hahaxuandong?streamid=a6d62b84ef0ba02ea4216286b3e49b2c&livekey=01WgOR41rriMmMkzNsd0UoaxJRwetZdxIvtVk,9.171,其它
哈哈炫动,https://live.264788.xyz/channel/hahaxuandong?streamid=0dcc11256eb6013f27057b21e14e5cc2&livekey=01WgOR41rriMmMkzNsd0UoaxJRwetZdxIvtVk,6.192,其它
哈密一套|澜露直播,https://tvpull.hmgbtv.com/hmtv/channel9cd66b3d5d258b2b/playlist.m3u8,2.960,其它
哈密三套|澜露直播,https://tvpull.hmgbtv.com/hmtv/channelfb0e5c505477aa44/playlist.m3u8,7.071,其它
哈密二套|澜露直播,https://tvpull.hmgbtv.com/hmtv/channel108259412c6a6711/playlist.m3u8,6.621,其它
哒啵电竞,http://111.56.90.5/000000000000/1000000006000032327/index.m3u8,3.028,其它
哒啵赛事,http://111.56.90.5/000000000000/1000000001000003775/index.m3u8,3.041,其它
哪里都是你,https://cfss.cc/api/kg/3539844.mp4,7.429,其它
唐人卫视,https://ntd02.akamaized.net/HD-NY/tracks-v3a1/mono.m3u8,2.972,其它
唐梨园秦腔剧院,http://gcw.bdcdn.shoujiduoduo.com/v/190507/bc0fcf2785f707597273caf592c9a78f.mp4,14.121,其它
唐河|澜露直播,http://tvpull.dxhmt.cn:9081/tv/11328-1.m3u8,11.680,其它
唐河一套,http://tvpull.dxhmt.cn:9081/tv/11328-1.m3u8?zhend,14.497,其它
商永吉,http://gcw.bdcdn.shoujiduoduo.com/v/190311/7273ee44ef1416783240bbb95b6e5f7b.mp4,16.545,其它
商河影视|澜露直播,http://43.138.196.212/q0l.php?id=jnshys,7.840,其它
商河影视|澜露直播,http://1.94.31.214/php/qilu.php?id=jnshys,7.370,其它
商河综合|澜露直播,http://1.94.31.214/php/qilu.php?id=jnshzh,7.156,其它
商河综合|澜露直播,http://43.138.196.212/q0l.php?id=jnshzh,7.395,其它
商洛综合,http://player4.juyun.tv/camera/171844138.m3u8,14.032,其它
喜堂,https://kbpull.kktv8.com/livekktv/155823266/playlist.m3u8,33.033,其它
嘉佳卡通,https://live.264788.xyz/channel/jiajiakatong?streamid=31e624f674607f4735a58b4c46996a48&livekey=01WgOR41rriMmMkzNsd0UoaxJRwetZdxIvtVk,8.079,其它
嘉佳卡通,https://live.264788.xyz/channel/jiajiakatong?streamid=a446df3c67205baa441dcecf71b59b08&livekey=01WgOR41rriMmMkzNsd0UoaxJRwetZdxIvtVk,10.444,其它
嘉佳少儿,https://ali-m-l.cztv.com/channels/lantian/channel008/1080p.m3u8$IPV4,4.824,其它
嘉俊-包房自制串烧DJ,https://www.iesdouyin.com/aweme/v1/playwm/?video_id=v0300fg10000cr0tlanog65thcno13c0&ratio=720p&line=0,31.965,其它
嘉兴新闻综合,https://qcfile.qcrmt.com/nmip-media/channellive/channel100933/playlist.m3u8,3.799,其它 SD（412条）
嘉兴新闻综合,https://m3u8channel.yunxya.com/nmip-media/channellive/channel100028/playlist.m3u8,2.842,其它
嘉善|澜露直播,https://p2hs.vzan.com/slowlive/633251673265558519/live.m3u8,2.565,其它
嘉祥生活,http://1.94.31.214/php/qilu.php?id=jijiash,4.453,其它
四川卫视,http://223.95.198.3:8000/hls/37/index.m3u8,6.137,卫视 SD（632条）
四川卫视,http://124.93.18.239:9003/hls/42/index.m3u8,6.806,卫视 SD（632条）
四川卫视,http://183.223.157.33:9901/tsfile/live/0123_1.m3u8?key=txiptv&playlive=1&authid=0,2.053,卫视 SD（632条）
四川卫视,http://61.178.227.57:9901/tsfile/live/0123_1.m3u8?key=txiptv&amp;playlive=1&amp;authid=0,8.940,卫视 SD（632条）
四川卫视,http://221.7.49.226:50085/tsfile/live/0123_1.m3u8?key=txiptv&playlive=1&authid=0,3.597,卫视 SD（632条）
四川卫视,http://61.178.227.57:9901/tsfile/live/0123_1.m3u8?key=txiptv&playlive=1&authid=0,7.472,卫视 SD（632条）
四川卫视,http://111.56.90.5/000000000000/5000000004000006119/index.m3u8,2.170,卫视 SD（632条）
四川卫视,http://27.129.145.110:4433/hls/35/index.m3u8,6.824,卫视 SD（632条）
四川卫视,http://114.241.111.4:85/tsfile/live/36/1036_1.m3u8?key=txiptv,2.102,卫视 SD（632条）
四川卫视,http://nn.7x9d.cn/mk.php?ip=118.212.78.74:8014&id=scws,3.449,其它
四川卫视,https://live.264788.xyz/channel/sichuanweishi?streamid=5386c588d4bbd34f863c7366b934f9d0&livekey=01WgOR41rriMmMkzNsd0UoaxJRwetZdxIvtVk,11.149,其它
四川卫视,https://live.264788.xyz/channel/sichuanweishi?streamid=3df085b8b20476f90cce113f7f2152e0&livekey=01WgOR41rriMmMkzNsd0UoaxJRwetZdxIvtVk,9.046,其它
四川卫视,https://live.264788.xyz/channel/sichuanweishi?streamid=e0e4c1e9fb61857f5bc4b6bb9a2bdcca&livekey=01WgOR41rriMmMkzNsd0UoaxJRwetZdxIvtVk,9.975,其它
四川卫视,http://111.56.90.5/000000000000/5000000004000006119/1.m3u8,2.197,其它
四川卫视,https://live.264788.xyz/channel/sichuanweishi?streamid=db19730d20622f8801f0b4e9ece132ac&livekey=01WgOR41rriMmMkzNsd0UoaxJRwetZdxIvtVk,8.431,其它
四川卫视,https://live.264788.xyz/channel/sichuanweishi?streamid=ee4e9252618099b2505fd3875394a5ba&livekey=01WgOR41rriMmMkzNsd0UoaxJRwetZdxIvtVk,10.950,其它
四川卫视,https://live.264788.xyz/channel/sichuanweishi?streamid=4e78b35cb55092e088d2e3abd2992b00&livekey=01WgOR41rriMmMkzNsd0UoaxJRwetZdxIvtVk,7.727,其它
四川卫视4K,https://live.264788.xyz/channel/sichuanweishi4k?streamid=21be5901ee81559c827dc84e46f26452&livekey=01WgOR41rriMmMkzNsd0UoaxJRwetZdxIvtVk,8.173,其它
四川卫视4K,https://live.264788.xyz/channel/sichuanweishi4k?streamid=401bf692a1a8b91298f26077d53316d6&livekey=01WgOR41rriMmMkzNsd0UoaxJRwetZdxIvtVk,9.257,其它
四海舞曲dj,https://vd2.bdstatic.com/mda-mkp6w1tjw8mz9kpx/sc/cae_h264/1637731815454834601/mda-mkp6w1tjw8mz9kpx.mp4,2.250,其它
四省区二人台大赛选拔赛,http://gcw.bdcdn.shoujiduoduo.com/v/201115/ce56c6788d775f623679ea5ada68a9a8.mp4,17.254,其它
四面楚歌,https://cfss.cc/api/kg/2762.mp4,8.692,其它
回到过去,https://cfss.cc/api/kg/5030038.mp4,7.293,其它
团演唱,http://gcw.bdcdn.shoujiduoduo.com/v/190125/ae2171e37909f87af12c02403c484f9f.mp4,13.447,其它
团结的水豚家族,http://newcntv.qcloudcdn.com/asp/hls/1200/0303000a/3/default/51e9c38303624369a0ba257163a5528f/1200.m3u8,2.325,其它
团长：侯奇峰,http://gcw.bdcdn.shoujiduoduo.com/v/210303/9f9275b65ebccf90a2af213afd14ad3e.mp4,11.298,其它
囧途航班-宋小宝贾冰,http://uptt.gcwduoduo.com/v/220621/104253a1c26665b46e7b976e2dacf708.mp4,17.830,其它
园游会,https://cfss.cc/api/kg/592679.mp4,19.802,其它
固始综合,http://tvpull.dxhmt.cn:9081/tv/11525-1.m3u8?%E5%85%B3%E6%B3%A8%E5%BE%AE%E4%BF%A1%E5%85%AC%E4%BC%97%E5%8F%B7[%E6%99%B4%E5%9B%AD],17.090,其它
固始综合频道,http://tvpull.dxhmt.cn:9081/tv/11525-1.m3u8,14.336,其它
国潮DJ舞曲点播,https://txmov2.a.kwimgs.com/bs3/video-hls/5254856460919464679_hlsb.m3u8,7.711,其它
圣徒,https://cfss.cc/api/kg/14853256.mp4,17.054,其它
圣诞星,https://cfss.cc/api/kg/11666088.mp4,21.172,其它
壶关电视台,http://zmjp3jin.live.sxmty.com/live/hls/268fe96f955d496db37fb10bb887cda9/fc196029d289449ea524a94a95379a0d.m3u8,2.023,其它
夏津公共|澜露直播,http://1.94.31.214/php/qilu.php?id=dzxjgg,6.477,其它
夏津公共|澜露直播,http://43.138.196.212/q0l.php?id=dzxjgg,8.544,其它
夏津综合|澜露直播,http://43.138.196.212/q0l.php?id=dzxjzh,6.500,其它
夏津综合|澜露直播,http://1.94.31.214/php/qilu.php?id=dzxjzh,6.707,其它
多彩的哈达,https://vd2.bdstatic.com/mda-nccdp2tcnwx6cpmn/sc/cae_h264_delogo/1647164915434344506/mda-nccdp2tcnwx6cpmn.mp4,2.271,其它
夜太深,https://alimov2.a.kwimgs.com/upic/2022/05/20/05/BMjAyMjA1MjAwNTQ2NDBfOTU2MzA3MDg4Xzc0ODAyNzgzODMxXzJfMw==_b_Bb839935028f5d3423901f16a10baa9d6.mp4,18.746,其它
夜店DJ混音点播,https://txmov2.a.kwimgs.com/bs3/video-hls/5238530913892317704_hlsb.m3u8,10.210,其它
夜店DJ版,https://vd2.bdstatic.com/mda-pcte1ras7qezcwti/uhd/cae_h264/1680001488854508046/mda-pcte1ras7qezcwti.mp4,2.830,其它
夜曲,https://cfss.cc/api/kg/596344.mp4,20.585,其它
夜深人静,https://alimov2.a.kwimgs.com/upic/2022/05/30/05/BMjAyMjA1MzAwNTI2MzlfOTU2MzA3MDg4Xzc1NTc5NTE1NzIwXzJfMw==_b_Bac07adbe85bac838ddafc0bcc1f351d4.mp4,16.841,其它
大力士捕鱼记,http://newcntv.qcloudcdn.com/asp/hls/1200/0303000a/3/default/1bcefb1f860746ebbbfe7f969c3a84ea/1200.m3u8,3.126,其它
大地骄子,http://newcntv.qcloudcdn.com/asp/hls/1200/0303000a/3/default/b08d6ad2f22047bd93af89955db5ce46/1200.m3u8,2.295,其它
大太平洋,http://newcntv.qcloudcdn.com/asp/hls/4000/0303000a/3/default/2d7f4eeaed2e4ad080bcf324eb21bc0d/4000.m3u8,7.865,其它
大水獭回归的故事,http://newcntv.qcloudcdn.com/asp/hls/1200/0303000a/3/default/0e114c18fa084fe58238307c66506675/1200.m3u8,3.223,其它
大水獭桑丘的故事(上),http://newcntv.qcloudcdn.com/asp/hls/1200/0303000a/3/default/ffea8bb4f0a04e53a82dab943e32bfb1/1200.m3u8,2.216,其它
大水獭桑丘的故事(下),http://newcntv.qcloudcdn.com/asp/hls/1200/0303000a/3/default/9934a6c232264addaf109ac76f21e7da/1200.m3u8,2.007,其它
大湾区卫视,http://111.56.90.5/000000000000/1000000002000011619/index.m3u8,2.801,卫视 SD（632条）
大湾区卫视,http://119.123.77.33:8086/hls/29/index.m3u8,8.294,其它
大湾区卫视,http://111.56.90.5/000000000000/1000000002000011619/1.m3u8,2.889,其它
大猫们的世界,http://newcntv.qcloudcdn.com/asp/hls/1200/0303000a/3/default/830375ed0f54449e8e369edc9635e329/1200.m3u8,3.722,其它
大猫传奇,http://newcntv.qcloudcdn.com/asp/hls/1200/0303000a/3/default/6976a5d0ae0d4426bbd94bc1dd8f44a9/1200.m3u8,2.953,其它
大猫和邻居们(上),http://newcntv.qcloudcdn.com/asp/hls/1200/0303000a/3/default/84359a09aab544b184a40865454e0b0a/1200.m3u8,2.994,其它
大猫和邻居们(下),http://newcntv.qcloudcdn.com/asp/hls/1200/0303000a/3/default/2c4bc4b10e7d408a8de9c9e3012f64ca/1200.m3u8,3.327,其它
大猫归来,http://newcntv.qcloudcdn.com/asp/hls/1200/0303000a/3/default/8c13b8463ee54e93a0a0ccc33dab33ef/1200.m3u8,2.949,其它
大猫榜中榜(上),http://newcntv.qcloudcdn.com/asp/hls/1200/0303000a/3/default/e5c95f6d2f9447e2bbb0b2bba952e062/1200.m3u8,3.005,其它
大理州|澜露直播,https://hwapi.yntv.net/ew265l/n944fg.m3u8,3.648,其它
大竹|澜露直播,https://lmt.dazhutv.cn/live1/live1.m3u8,6.794,其它
大笨钟,https://cfss.cc/api/kg/598167.mp4,12.284,其它
大象与羊的快乐生活,http://newcntv.qcloudcdn.com/asp/hls/1200/0303000a/3/default/b72e3a49fdd44f36915d6cc59aa0a113/1200.m3u8,2.820,其它
大象与羊的神奇友情(上),http://newcntv.qcloudcdn.com/asp/hls/1200/0303000a/3/default/7689d02607d34fdb8ce22cc479e42e91/1200.m3u8,3.340,其它
大象与羊的神奇友情(下),http://newcntv.qcloudcdn.com/asp/hls/1200/0303000a/3/default/8ab73d30adff4cfa8e5afda910387dfc/1200.m3u8,3.563,其它
大象的别样生活(上),http://newcntv.qcloudcdn.com/asp/hls/1200/0303000a/3/default/f4e6615b73ce42aa805767845425078a/1200.m3u8,3.190,其它
大象的别样生活(下),http://newcntv.qcloudcdn.com/asp/hls/1200/0303000a/3/default/f80446c8a43c4357af8680057ec1669f/1200.m3u8,3.566,其它
大象的秘密生活(上),http://newcntv.qcloudcdn.com/asp/hls/1200/0303000a/3/default/81f43884b4064750af230205752dbb63/1200.m3u8,2.100,其它
大象的秘密生活(下),http://newcntv.qcloudcdn.com/asp/hls/1200/0303000a/3/default/43e021f3a6dc4b6089c71afe80552fae/1200.m3u8,2.620,其它
大邑综合,http://115.29.208.41:34567/sccd.php?id=dy&kl=www.9kds.com,5.916,其它
天津卫视,http://111.56.90.5/000000000000/5000000001000030788/index.m3u8,2.932,卫视 SD（632条）
天津卫视,http://124.93.18.239:9003/hls/24/index.m3u8,6.831,卫视 SD（632条）
天津卫视,http://61.178.227.57:9901/tsfile/live/0135_1.m3u8?key=txiptv&amp;playlive=1&amp;authid=0,4.354,卫视 SD（632条）
天津卫视,http://112.27.235.94:8000/hls/42/index.m3u8,8.321,卫视 SD（632条）
天津卫视,http://61.178.227.57:9901/tsfile/live/0135_1.m3u8?key=txiptv&playlive=1&authid=0,5.056,卫视 SD（632条）
天津卫视,http://120.211.62.180:8000/hls/36/index.m3u8,3.914,卫视 SD（632条）
天津卫视,http://223.95.198.3:8000/hls/26/index.m3u8,4.106,卫视 SD（632条）
天津卫视,http://27.129.145.110:4433/hls/29/index.m3u8,5.649,其它
天津卫视,http://111.56.90.5/000000000000/6000000001000009186/1.m3u8,3.109,其它
天津卫视,https://live.264788.xyz/channel/tianjinweishi?streamid=23e186fb7d206d16fad75c9d18d05345&livekey=01WgOR41rriMmMkzNsd0UoaxJRwetZdxIvtVk,8.856,其它
天津卫视,http://nn.7x9d.cn/mk.php?ip=118.212.78.74:8014&id=tjws,6.852,其它
天津卫视,https://live.264788.xyz/channel/tianjinweishi?streamid=9a2e438e8938d4af21d3f6ba831dd719&livekey=01WgOR41rriMmMkzNsd0UoaxJRwetZdxIvtVk,4.751,其它
天津卫视,https://live.264788.xyz/channel/tianjinweishi?streamid=d30a60392735d9a6ff2b72630d81c5d6&livekey=01WgOR41rriMmMkzNsd0UoaxJRwetZdxIvtVk,8.970,其它
天津卫视,http://111.56.90.5/000000000000/5000000004000006827/1.m3u8,2.178,其它
天津卫视,https://live.264788.xyz/channel/tianjinweishi?streamid=53f0f1a72f5c328bef6502a4b663fe9e&livekey=01WgOR41rriMmMkzNsd0UoaxJRwetZdxIvtVk,6.729,其它
天津卫视-高清,http://114.241.111.4:85/tsfile/live/30/1030_1.m3u8?key=txiptv,4.327,卫视 高清/HD（33条）
天津影视|澜露直播,http://ak.cj022.com:10080/hls/4/index.m3u8,2.237,其它
天生野长生命延续(上),http://newcntv.qcloudcdn.com/asp/hls/1200/0303000a/3/default/87be5f0e1fb14d139fe696081a787914/1200.m3u8,2.953,其它
天生野长生命延续(下),http://newcntv.qcloudcdn.com/asp/hls/1200/0303000a/3/default/b95e26a16f664da498ef421f74ad3006/1200.m3u8,2.797,其它
太康综合,http://tvpull.dxhmt.cn:9081/tv/11627-1.m3u8,11.342,其它
太谷新闻综合,https://p2.vzan.com/slowlive/596867413819827251/live.m3u8?zbid=1725814272&amp;tpid=1516989100&amp;type=0,8.551,其它 SD（412条）
太谷新闻综合,https://p2.vzan.com/slowlive/596867413819827251/live.m3u8?zbid=1725814272&tpid=1516989100&type=0,14.187,其它 SD（412条）
太谷新闻综合,https://p2.vzan.com/slowlive/596867413819827251/live.m3u8?zbid=1725814272&amp;amp;tpid=1516989100&amp;amp;type=0,10.251,其它 SD（412条）
太阳之子,https://cfss.cc/api/kg/14850352.mp4,64.562,其它
央广购物,https://live.264788.xyz/channel/yangguanggouwu?streamid=67d73f545a6f04fec1d7db6065e13b28&livekey=01WgOR41rriMmMkzNsd0UoaxJRwetZdxIvtVk,9.827,其它
央广购物,https://live.264788.xyz/channel/yangguanggouwu?streamid=aa4b073c8ac1af1c0eccf0eba8c10b48&livekey=01WgOR41rriMmMkzNsd0UoaxJRwetZdxIvtVk,10.890,其它
央广购物,https://live.264788.xyz/channel/yangguanggouwu?streamid=e35e8c1f093c2a132d0463e9eebf1fd4&livekey=01WgOR41rriMmMkzNsd0UoaxJRwetZdxIvtVk,10.093,其它
央广购物,https://live.264788.xyz/channel/yangguanggouwu?streamid=48691acaca580ae2f75be80db77a49f2&livekey=01WgOR41rriMmMkzNsd0UoaxJRwetZdxIvtVk,10.212,其它
央视台球,https://live.264788.xyz/channel/yangshitaiqiu?streamid=9679c6066eaea41803687ab95ac160aa&livekey=01WgOR41rriMmMkzNsd0UoaxJRwetZdxIvtVk,9.063,其它
央视台球,https://live.264788.xyz/channel/yangshitaiqiu?streamid=04540cf3fa4df50b6e2fd9166c021d4b&livekey=01WgOR41rriMmMkzNsd0UoaxJRwetZdxIvtVk,6.541,其它
央视文化精品,https://live.264788.xyz/channel/yangshiwenhuajingpin?streamid=bc185d1ef1e528922e83efd845006277&livekey=01WgOR41rriMmMkzNsd0UoaxJRwetZdxIvtVk,9.103,其它
央视文化精品,https://live.264788.xyz/channel/yangshiwenhuajingpin?streamid=618d33181dba2b51e9d3752d73d737b8&livekey=01WgOR41rriMmMkzNsd0UoaxJRwetZdxIvtVk,9.238,其它
央视精品,http://221.7.49.226:50085/tsfile/live/0017_11.m3u8?key=txiptv&playlive=1&authid=0,8.142,央视 SD（499条）
央视网,http://cfss.cc/cdn/dy/cctv.com.flv,2.826,其它
夹江新闻综合,http://tvfile.jjrm.org.cn/nmip-media/channellive/channel106282/playlist.m3u8?zsicd,3.586,其它 SD（412条）
夹江新闻综合,http://tvfile.jjrm.org.cn/nmip-media/channellive/channel106282/playlist.m3u8,3.558,其它 SD（412条）
奇台|澜露直播,http://117.146.76.46:9090/stream1/m2e2000.m3u8,4.115,其它
奇异世界的动物们2,http://newcntv.qcloudcdn.com/asp/hls/1200/0303000a/3/default/ef3ee1bb8ff946a9adf07486709883eb/1200.m3u8,2.737,其它
奇异世界的动物们3,http://newcntv.qcloudcdn.com/asp/hls/1200/0303000a/3/default/efa51c5e3af04df89e68606d75333080/1200.m3u8,2.877,其它
奇特动物的奇特遭遇(上),http://newcntv.qcloudcdn.com/asp/hls/1200/0303000a/3/default/2b20f8ba9ae14d96b9907f59bb758595/1200.m3u8,2.797,其它
奇特动物的奇特遭遇(下),http://newcntv.qcloudcdn.com/asp/hls/1200/0303000a/3/default/0ebab68eda084509b18c27982ecfb660/1200.m3u8,3.651,其它
奇迹发生的时刻,http://newcntv.qcloudcdn.com/asp/hls/1200/0303000a/3/default/1dbbdbb87b8f410cbc0f3c742201cd7d/1200.m3u8,2.097,其它
奎文|澜露直播,http://43.138.196.212/q0l.php?id=wfkw,4.955,其它
奎文|澜露直播,http://1.94.31.214/php/qilu.php?id=wfkwtv,4.840,其它
奥德彪拉香蕉,https://baikevideo.cdn.bcebos.com/media/mda-Om9mkczOmPXU0VoI/3ae1dc3c62dffa9171b2743c2c315cce.mp4,10.385,其它
女儿殿下,https://cfss.cc/api/kg/14853262.mp4,17.590,其它
女团0,https://www.iesdouyin.com/aweme/v1/playwm/?video_id=v0300fg10000cf4up43c77uaf3l9q61g&ratio=720p&line=0&logo_name=aweme_search_suffix_nickname,21.249,其它
女团1,https://www.iesdouyin.com/aweme/v1/playwm/?video_id=v0200f2e0000c168k29lbce321ps0e30&ratio=720p&line=0&logo_name=aweme_search_suffix_nickname,46.353,其它
女团10,https://www.iesdouyin.com/aweme/v1/playwm/?video_id=v0200fg10000capcotrc77u4a2lm3j2g&ratio=720p&line=0&logo_name=aweme_search_suffix_nickname,36.039,其它
女团11,https://www.iesdouyin.com/aweme/v1/playwm/?video_id=v0200fg10000cmog71bc77u0ct76qgu0&ratio=720p&line=0&logo_name=aweme_search_suffix_nickname,72.546,其它
女团14,https://www.iesdouyin.com/aweme/v1/playwm/?video_id=v0300fg10000c53lp4jc77ucg5itrtgg&ratio=720p&line=0&logo_name=aweme_search_suffix_nickname,2.544,其它
女团19,https://www.iesdouyin.com/aweme/v1/playwm/?video_id=v0200fg10000cj574fjc77u6kmde8830&ratio=720p&line=0&logo_name=aweme_search_suffix_nickname,26.201,其它
女团2,https://www.iesdouyin.com/aweme/v1/playwm/?video_id=v0300fg10000ckhor8rc77udh8cjbnng&ratio=720p&line=0&logo_name=aweme_search_suffix_nickname,37.113,其它
女团21,https://www.iesdouyin.com/aweme/v1/playwm/?video_id=v0200fg10000caiv8u3c77uclsl616i0&ratio=720p&line=0&logo_name=aweme_search_suffix_nickname,39.235,其它
女团24,https://www.iesdouyin.com/aweme/v1/playwm/?video_id=v0300fg10000c45srlbc77u7un1eeoeg&ratio=720p&line=0&logo_name=aweme_search_suffix_nickname,46.176,其它
女团26,https://www.iesdouyin.com/aweme/v1/playwm/?video_id=v0200fg10000cdfl5vrc77u84a2ndsog&ratio=720p&line=0&logo_name=aweme_search_suffix_nickname,20.340,其它
女团4,https://www.iesdouyin.com/aweme/v1/playwm/?video_id=v0200fg10000cea4aobc77u40bs4m560&ratio=720p&line=0&logo_name=aweme_search_suffix_nickname,58.681,其它
女团5,https://www.iesdouyin.com/aweme/v1/playwm/?video_id=v0200fg10000cdqa4ibc77u9qo3e6kcg&ratio=720p&line=0&logo_name=aweme_search_suffix_nickname,9.820,其它
女团8,https://www.iesdouyin.com/aweme/v1/playwm/?video_id=v0d00fg10000cjafrsbc77u9f174pvj0&ratio=720p&line=0&logo_name=aweme_search_suffix_nickname,5.617,其它
女团9,https://www.iesdouyin.com/aweme/v1/playwm/?video_id=v0300fg10000cm7v513c77u7le7lkoqg&ratio=720p&line=0&logo_name=aweme_search_suffix_nickname,66.453,其它
女孩DJ,https://www.iesdouyin.com/aweme/v1/playwm/?video_id=v1e00fgi0000d2aa0qfog65vmvgg5sjg&ratio=720p&line=0,29.427,其它
女性时尚,https://live.264788.xyz/channel/nvxingshishang?streamid=c4f2ed43508ea460b381e85ffd11c59f&livekey=01WgOR41rriMmMkzNsd0UoaxJRwetZdxIvtVk,9.081,其它
女性时尚,https://live.264788.xyz/channel/nvxingshishang?streamid=15732e48a35953bb064f0ffb4197035c&livekey=01WgOR41rriMmMkzNsd0UoaxJRwetZdxIvtVk,9.505,其它
她会魔法吧,https://alimov2.a.kwimgs.com/upic/2023/07/05/14/BMjAyMzA3MDUxNDI4MDNfMzM5Njk4MTMyNl8xMDcxOTQ0MDAzMTZfMF8z_b_Ba25f91cfecba0a4a29040d64165ff029.mp4,11.228,其它
她没有,https://txmov2.a.kwimgs.com/upic/2023/10/02/15/BMjAyMzEwMDIxNTQxMjBfMzM5Njk4MTMyNl8xMTQxMTYyMzExNDVfMF8z_b_B99c2bd7c7f72c7031f98016ba47000e6.mp4,13.744,其它
好享购物,https://live.264788.xyz/channel/haoxianggouwu?streamid=0a88d51ada37971a1a1bc50ff08e69f9&livekey=01WgOR41rriMmMkzNsd0UoaxJRwetZdxIvtVk,9.600,其它
好享购物,https://live.264788.xyz/channel/haoxianggouwu?streamid=9a3d98e729381542c62b5434bf09f4d6&livekey=01WgOR41rriMmMkzNsd0UoaxJRwetZdxIvtVk,10.858,其它
好易购*,http://ali-m-l.cztv.com/channels/lantian/channel011/1080p.m3u8,3.719,其它
好看的二人台,http://gcw.bdcdn.shoujiduoduo.com/v/190624/af0375b07c4a9337d8aa387ba0d3ae0a.mp4,15.244,其它
好看的二人台,http://gcw.bdcdn.shoujiduoduo.com/v/190826/8b998a18db42b0f852e6f4b045bff7c0.mp4,14.491,其它
好看的二人台,http://gcw.bdcdn.shoujiduoduo.com/v/190802/0fa24b311630c9199c05493e4217f5b5.mp4,6.788,其它
好看的二人台,http://gcw.bdcdn.shoujiduoduo.com/v/190620/a29c33a840fc002a2c024a2b8b41cc5d.mp4,8.638,其它
好看的二人台连续看,http://gcw.bdcdn.shoujiduoduo.com/v/191009/f8f14e1a3d2122b322acef4d40b963d4.mp4,7.918,其它
如履薄冰的北极熊(上),http://newcntv.qcloudcdn.com/asp/hls/1200/0303000a/3/default/f31953326cca4b5e9c5f7e285a5cddb7/1200.m3u8,2.851,其它
如履薄冰的北极熊(下),http://newcntv.qcloudcdn.com/asp/hls/1200/0303000a/3/default/b6576aa2cd4e43a9a5ddc4af16695a28/1200.m3u8,2.018,其它
如愿,https://txmov2.a.kwimgs.com/upic/2023/06/29/10/BMjAyMzA2MjkxMDAxNDNfMzM5Njk4MTMyNl8xMDY2ODcwODY0NzRfMF8z_b_Bb3a3c0fc1723f611bbb6a13b1af7b7ce.mp4,4.623,其它
如果云知道,https://bos.nj.bpc.baidu.com/tieba-smallvideo/358_42cc5ff326e8c090cf0ca9d7194d1d3e.mp4,10.516,其它
姜堰新闻综合,https://jiangyan-tv-hls.cm.jstv.com/jiangyan-tv/jiangyanzh.m3u8?zjiangsd,2.826,其它
姜堰新闻综合频道,https://jiangyan-tv-hls.cm.jstv.com/jiangyan-tv/jiangyanzh.m3u8,2.718,其它 SD（412条）
威海新闻综合|澜露直播,http://43.138.196.212/q0l.php?id=whxwzh,3.189,其它
威海环翠综合,http://1.94.31.214/php/qilu.php?id=whhczh,14.408,其它
嫁衣案下集-大堂-小程玉英,http://gcw.bdcdn.shoujiduoduo.com/v/201104/7f6a182e42bd064ee4427623e68fb02e.mp4,31.465,其它
孙燕姿精选30首(2小时),https://txmov2.a.kwimgs.com/upic/2020/07/15/19/BMjAyMDA3MTUxOTA1MzhfNTAyNzg4MTc0XzMyNDIzMzUwMjAyXzJfMw==_b_Bd09b171541ea966fd7a324624cfe6c16.mp4,9.544,其它
孙艺琪《寂寞的人别听伤感情歌》,https://vd2.bdstatic.com/mda-mdscsws7443npwa8/1080p/cae_h264/1619516504/mda-mdscsws7443npwa8.mp4,2.068,其它
孟州综合,http://tvpull.dxhmt.cn:9081/tv/10883-1.m3u8,12.041,其它
孟津新闻频道,http://tvpull.dxhmt.cn:9081/tv/10322-2.m3u8,10.803,其它 SD（412条）
宁夏卫视,http://111.56.90.5/000000000000/1000000002000031451/1.m3u8,2.968,其它
宁夏卫视,https://live.264788.xyz/channel/ningxiaweishi?streamid=e1236348f815c36a0429357e5b5c5f10&livekey=01WgOR41rriMmMkzNsd0UoaxJRwetZdxIvtVk,7.530,其它
宁夏卫视,https://live.264788.xyz/channel/ningxiaweishi?streamid=551474d02bee1c160e1692e22c45ddba&livekey=01WgOR41rriMmMkzNsd0UoaxJRwetZdxIvtVk,10.018,其它
宁夏卫视,https://live.264788.xyz/channel/ningxiaweishi?streamid=1b2952717a920173e66d4a348f9dcb5c&livekey=01WgOR41rriMmMkzNsd0UoaxJRwetZdxIvtVk,6.476,其它
宁波-余姚综合,http://l.cztvcloud.com/channels/lantian/SXyuyao1/720p.m3u8?zzhed,8.199,其它
宁波-象山综合,http://l.cztvcloud.com/channels/lantian/SXxiangshan1/720p.m3u8?zzhed,3.059,其它
宁波1|澜露直播,https://stream1.freetv.fun/5eee88e93c5b7681cfbae7b627b7cd4cfd90bed45a87eb8290a933f15ad81aca.m3u8,10.032,其它
宁津综合|澜露直播,http://1.94.31.214/php/qilu.php?id=dznjzh,3.704,其它
宁都|澜露直播,http://play-a2.quklive.com/live/1749084198822069.m3u8,25.554,其它
宁阳1|澜露直播,http://1.94.31.214/php/qilu.php?id=tany1,5.740,其它
宁阳2|澜露直播,http://1.94.31.214/php/qilu.php?id=tany2,5.743,其它
宁阳2|澜露直播,http://43.138.196.212/q0l.php?id=tany2,5.298,其它
守候这份情,https://txmov2.a.kwimgs.com/upic/2022/05/30/05/BMjAyMjA1MzAwNTE2MTlfOTU2MzA3MDg4Xzc1NTc5MzQ2MDc0XzJfMw==_b_B368ce8aded27aea1c1107fde7955e460.mp4,4.763,其它
安丘民生,http://1.94.31.214/php/qilu.php?id=wfaqms,5.537,其它
安丘民生|澜露直播,http://43.138.196.212/q0l.php?id=wfaqms,5.196,其它
安丘综合|澜露直播,http://43.138.196.212/q0l.php?id=wfaqxw,4.226,其它
安丘综合|澜露直播,http://1.94.31.214/php/qilu.php?id=wfaqzh,5.522,其它
安多卫视,http://111.56.90.5/000000000000/1000000005000266001/1.m3u8,3.053,其它
安多卫视,http://111.56.90.5/000000000000/7248678452522064966/1.m3u8,2.540,其它
安徽卫视,http://223.95.198.3:8000/hls/30/index.m3u8,7.621,卫视 SD（632条）
安徽卫视,http://61.178.227.57:9901/tsfile/live/0130_1.m3u8?key=txiptv&amp;playlive=1&amp;authid=0,6.741,卫视 SD（632条）
安徽卫视,http://114.241.111.4:85/tsfile/live/29/1029_1.m3u8?key=txiptv,4.802,卫视 SD（632条）
安徽卫视,http://111.56.90.5/000000000000/5000000001000027288/index.m3u8,2.868,卫视 SD（632条）
安徽卫视,http://124.93.18.239:9003/hls/31/index.m3u8,6.687,卫视 SD（632条）
安徽卫视,http://120.211.62.180:8000/hls/33/index.m3u8,2.871,卫视 SD（632条）
安徽卫视,http://27.129.145.110:4433/hls/26/index.m3u8,5.721,其它
安徽卫视,http://nn.7x9d.cn/mk.php?ip=118.212.78.74:8014&id=ahws,8.443,其它
安徽卫视,https://live.264788.xyz/channel/anhuiweishi?streamid=fb8fe141f6787a1c084cd093425acf4d&livekey=01WgOR41rriMmMkzNsd0UoaxJRwetZdxIvtVk,7.232,其它
安徽卫视,https://live.264788.xyz/channel/anhuiweishi?streamid=16954d54656b5b53a77b37ae4aa4d1e6&livekey=01WgOR41rriMmMkzNsd0UoaxJRwetZdxIvtVk,5.604,其它
安徽卫视,http://111.56.90.5/000000000000/1000000005000265025/1.m3u8,3.097,其它
安徽卫视,http://111.56.90.5/000000000000/6000000001000009954/1.m3u8,3.113,其它
安徽卫视,http://111.56.90.5/000000000000/1000000001000030159/1.m3u8,3.157,其它
安徽卫视,https://live.264788.xyz/channel/anhuiweishi?streamid=cd2aa71eb7ee9609b9cd182fa1ed7fc0&livekey=01WgOR41rriMmMkzNsd0UoaxJRwetZdxIvtVk,9.121,其它
安徽卫视,https://live.264788.xyz/channel/anhuiweishi?streamid=8f6ba7f0abf067bd6d93c7b58ec3d86f&livekey=01WgOR41rriMmMkzNsd0UoaxJRwetZdxIvtVk,8.617,其它
安徽卫视,https://live.264788.xyz/channel/anhuiweishi?streamid=6ad47f6ad8c42aa9e08a751bed820b1c&livekey=01WgOR41rriMmMkzNsd0UoaxJRwetZdxIvtVk,9.996,其它
安徽卫视|澜露直播,https://qsxw.gov.cn/rtmp_export/video11.m3u8,4.193,卫视 SD（632条）
安徽导视|澜露直播,http://dspdhls.appcoo.com:8888/live/dspd/index.m3u8,3.669,其它
安徽省安庆市黄梅戏三团,http://gcw.bdcdn.shoujiduoduo.com/v/191211/9ed54cfd1c55624e227f28ca40c6a4ab.mp4,25.120,其它
安阳县新闻综合,http://tvpull.dxhmt.cn:9081/tv/10522-1.m3u8,4.616,其它
安阳文旅|澜露直播,http://zhpull.dxhmt.cn/anyang/24edb37167474b17948c6fbaf09890b8/playlist.m3u8,13.986,其它
安阳新闻综合,http://zhpull.dxhmt.cn:80/anyang/7e3b40563af54e2f9f48e2c67c5d9fab/playlist.m3u8,19.268,其它 SD（412条）
安阳新闻综合|澜露直播,http://zhpull.dxhmt.cn/anyang/7e3b40563af54e2f9f48e2c67c5d9fab/playlist.m3u8,17.145,其它
安阳科教频道,http://zhpull.dxhmt.cn:80/anyang/24edb37167474b17948c6fbaf09890b8/playlist.m3u8,15.683,其它
安静,https://cfss.cc/api/kg/756685.mp4,3.555,其它
定陶1|澜露直播,http://1.94.31.214/php/qilu.php?id=hzdt1,9.979,其它
宜兴紫砂,http://3gvod.zjgonline.com.cn:1935/live/_definst_/xinwenzonghe_app/chunklist.m3u8,2.946,其它
宜昌旅游|澜露直播,http://liveplay.ycrmt.cn/sxgd/lysh.m3u8,3.155,其它
宜昌综合|澜露直播,http://liveplay.ycrmt.cn/sxgd/zhpd.m3u8,5.160,其它
宜阳综合,http://tvpull.dxhmt.cn:9081/tv/10327-1.m3u8?wsSecret=df15530a0abec41b14bca00fc96270d1&wsTime=1654956569,15.064,其它
宜阳综合频道,http://tvpull.dxhmt.cn:9081/tv/10327-1.m3u8,10.985,其它
宜阳综合频道,http://tvpull.dxhmt.cn:9081/tv/10327-1.m3u8?zhend,16.309,其它
宝丰综合,http://tvpull.dxhmt.cn:9081/tv/10421-1.m3u8?%E5%85%B3%E6%B3%A8%E5%BE%AE%E4%BF%A1%E5%85%AC%E4%BC%97%E5%8F%B7[%E6%99%B4%E5%9B%AD],8.901,其它
宝丰综合频道,http://tvpull.dxhmt.cn:9081/tv/10421-1.m3u8?zhend,19.513,其它
宝丰综合频道,http://tvpull.dxhmt.cn:9081/tv/10421-1.m3u8,10.557,其它
宝宝动画,http://111.56.90.5/000000000000/5000000011000288002/index.m3u8,3.125,其它
家乡二人台《走西口》刁敏亚苏,http://gcw.bdcdn.shoujiduoduo.com/v/200326/07539dd2fe81ac79a5e42a333a2993cd.mp4,8.230,其它
家乡二人台乌兰牧骑后台的孩子们,http://gcw.bdcdn.shoujiduoduo.com/v/191017/84e49ef1fa9e8de8ced51fde056223e1.mp4,10.811,其它
家乡二人台向沙千里一壶酒,http://gcw.bdcdn.shoujiduoduo.com/v/200210/34cf1867a38b339d9e9e47ae274f89eb.mp4,6.914,其它
家乡二人台张飞牧牛,http://gcw.bdcdn.shoujiduoduo.com/v/200118/99156c2e46f88ed1ce3d2d915aa1ecd8.mp4,16.172,其它
家乡二人台牌子曲枚韵赵官军,http://gcw.bdcdn.shoujiduoduo.com/v/191018/46fd3b500cf959d3d0f7dbdc13a3eb32.mp4,11.095,其它
家庭剧场,http://111.56.90.5/000000000000/1000000004000008284/index.m3u8,2.949,其它
家庭理财,https://live.264788.xyz/channel/jiatinglicai?streamid=f808a1a79d27c5329fd98f4bdc93c6d0&livekey=01WgOR41rriMmMkzNsd0UoaxJRwetZdxIvtVk,11.645,其它
家庭理财,https://live.264788.xyz/channel/jiatinglicai?streamid=d75327b38d0feaa9d36963bae802195d&livekey=01WgOR41rriMmMkzNsd0UoaxJRwetZdxIvtVk,4.743,其它
家有萌宝(五),http://newcntv.qcloudcdn.com/asp/hls/1200/0303000a/3/default/496e4c0e2de74aaf968651d447eeb12a/1200.m3u8,3.679,其它
家有萌宝1,http://newcntv.qcloudcdn.com/asp/hls/1200/0303000a/3/default/7c53f1554802430587ecc54b1cef1002/1200.m3u8,2.384,其它
家有萌宝2,http://newcntv.qcloudcdn.com/asp/hls/1200/0303000a/3/default/81f9af4e6a6f41daa48c6c0091e4d66b/1200.m3u8,2.177,其它
家有萌宝3,http://newcntv.qcloudcdn.com/asp/hls/1200/0303000a/3/default/fe463d857de5415daa72441ab0cdab7f/1200.m3u8,2.205,其它
家有萌宝4,http://newcntv.qcloudcdn.com/asp/hls/1200/0303000a/3/default/15d2240bbfc34785bfc2ab8147244466/1200.m3u8,2.317,其它
家有萌狗,http://newcntv.qcloudcdn.com/asp/hls/1200/0303000a/3/default/0fb39f83b1764305bd0216f15b8ab88a/1200.m3u8,3.172,其它
家有购物,http://111.56.90.5/000000000000/1000000006000269003/index.m3u8,2.967,其它
容祖儿-16号爱人,https://www.iesdouyin.com/aweme/v1/play/?video_id=v0d00fg10000ckl4ehrc77u5t25hkci0&ratio=720p&line=0,18.063,其它
容祖儿-16号爱人,https://www.iesdouyin.com/aweme/v1/playwm/?video_id=v0d00fg10000ckl4ehrc77u5t25hkci0&ratio=720p&line=0,17.148,其它
容祖儿-习惯失恋,https://www.iesdouyin.com/aweme/v1/play/?video_id=v0d00fg10000cdhtuo3c77u4qg4mdmq0&ratio=720p&line=0,17.757,其它
容祖儿-习惯失恋,https://www.iesdouyin.com/aweme/v1/playwm/?video_id=v0d00fg10000cdhtuo3c77u4qg4mdmq0&ratio=720p&line=0,12.839,其它
容祖儿-心淡,https://www.iesdouyin.com/aweme/v1/play/?video_id=v0200fg10000cep4bprc77u0o4umqlt0&ratio=720p&line=0,5.292,其它
容祖儿-心淡,https://www.iesdouyin.com/aweme/v1/playwm/?video_id=v0200fg10000cep4bprc77u0o4umqlt0&ratio=720p&line=0,24.482,其它
容祖儿-怯,https://www.iesdouyin.com/aweme/v1/play/?video_id=v0300fg10000c383g33c77u99amrpkl0&ratio=720p&line=0,7.292,其它
容祖儿-怯,https://www.iesdouyin.com/aweme/v1/playwm/?video_id=v0300fg10000c383g33c77u99amrpkl0&ratio=720p&line=0,9.432,其它
容祖儿-续集,https://www.iesdouyin.com/aweme/v1/play/?video_id=v0d00fg10000cdaap5bc77u0ioga7ah0&ratio=720p&line=0,37.595,其它
容祖儿-续集,https://www.iesdouyin.com/aweme/v1/playwm/?video_id=v0d00fg10000cdaap5bc77u0ioga7ah0&ratio=720p&line=0,27.735,其它
容祖儿《2010 Coccert Number 6演唱会 完整版,https://vd3.bdstatic.com/mda-pa86mtej4sz5n2vr/576p/h264/1673240260923662881/mda-pa86mtej4sz5n2vr.mp4,2.032,其它
尉氏综合频道,http://tvpull.dxhmt.cn:9081/tv/10223-1.m3u8,8.269,其它
小倩绣红装DJ版,https://vd2.bdstatic.com/mda-mbimxt1mdeam71vi/v1-cae/1080p/mda-mbimxt1mdeam71vi.mp4,5.100,其它
小动物大猎手(上),http://newcntv.qcloudcdn.com/asp/hls/1200/0303000a/3/default/c46a26d74f5b4da98f5c9d69f8218de0/1200.m3u8,2.541,其它
小动物大猎手(下),http://newcntv.qcloudcdn.com/asp/hls/1200/0303000a/3/default/ef8ad1d36d9c4515a9e04443687a7f33/1200.m3u8,2.138,其它
小动物大英雄,http://newcntv.qcloudcdn.com/asp/hls/1200/0303000a/3/default/27818c0197e94415946b825b2b163e22/1200.m3u8,2.796,其它
小动物的森林童话,http://newcntv.qcloudcdn.com/asp/hls/1200/0303000a/3/default/321727074edc4cf69b5b205111569205/1200.m3u8,2.017,其它
小勇士闯天下,http://newcntv.qcloudcdn.com/asp/hls/1200/0303000a/3/default/8737418de24a461f9785193bcbda0026/1200.m3u8,2.330,其它
小品主角与配角,https://baikevideo.cdn.bcebos.com/media/mda-OmVI2kNvb4QWwVgf/036b641c89c184745449d65bf03e8721.mp4,5.054,其它
小品吃面条,https://baikevideo.cdn.bcebos.com/media/mda-Om9VtXY16SVdPBHF/8d5ce66e789c9d1328e05ec4602ca173.mp4,6.011,其它
小品相亲,https://baikevideo.cdn.bcebos.com/media/mda-OmVqzXY16SVdPBHF/c114eba314706a096ee5ef04bb3d9175.mp4,7.885,其它
小品羊肉串,https://baikevideo.cdn.bcebos.com/media/mda-Om99UdPNjvL51hpe/ebe082abb57621fa1d73d129c71548ea.mp4,19.274,其它
小品警察与小偷,https://baikevideo.cdn.bcebos.com/media/mda-Om9VDOML8EqV0Umy/053fabef54a2f763b1c98d7dc76feeb4.mp4,7.223,其它
小崔说事-赵本山宋丹丹,http://uptt.gcwduoduo.com/v/181110/dc11345e9bf164b2e1cfdf09f6922524.mp4,18.410,其它
小熊的故事1,http://newcntv.qcloudcdn.com/asp/hls/1200/0303000a/3/default/d3c750e3481a4ca696898875f6e6dbf1/1200.m3u8,3.023,其它
小熊的故事2,http://newcntv.qcloudcdn.com/asp/hls/1200/0303000a/3/default/3499a172820f47da988e5aaeb187ec29/1200.m3u8,3.353,其它
小熊的故事3,http://newcntv.qcloudcdn.com/asp/hls/1200/0303000a/3/default/3564b5460bea444b8712fb1cb0a59c00/1200.m3u8,2.503,其它
小熊的梦幻森林1,http://newcntv.qcloudcdn.com/asp/hls/1200/0303000a/3/default/b0f2b241c39c42beb732a5e73b5a9782/1200.m3u8,3.228,其它
小熊的梦幻森林2,http://newcntv.qcloudcdn.com/asp/hls/1200/0303000a/3/default/b2e817cee1a7417ba34f062aa919ca02/1200.m3u8,2.103,其它
小熊的梦幻森林3,http://newcntv.qcloudcdn.com/asp/hls/1200/0303000a/3/default/8bbcff92f2ce423bb2d822e0fb67657f/1200.m3u8,3.663,其它
小米SU7 ultra,https://www.iesdouyin.com/aweme/v1/playwm/?video_id=v0300fg10000cv4jntnog65skq4ct860&ratio=720p&line=0,7.744,其它
小米YU7,https://www.iesdouyin.com/aweme/v1/playwm/?video_id=v0200fg10000d0nrolvog65uva9acetg&ratio=720p&line=0,13.113,其它
小角马历险记,http://newcntv.qcloudcdn.com/asp/hls/1200/0303000a/3/default/b7594a5bc3d241e3a8b95eac39ebd7e9/1200.m3u8,3.120,其它
小象和绵羊朋友(上),http://newcntv.qcloudcdn.com/asp/hls/1200/0303000a/3/default/c69ca1ce229648ce86e97c0b86e67c58/1200.m3u8,3.204,其它
小象和绵羊朋友(下),http://newcntv.qcloudcdn.com/asp/hls/1200/0303000a/3/default/138e7ea321c94a86b4f939ccb00a75a9/1200.m3u8,3.109,其它
小贱精选9首(半小时),https://www.iesdouyin.com/aweme/v1/playwm/?video_id=v1e00fgi0000d2l30hfog65v5tq1s9fg&ratio=720p&line=0,9.962,其它
小金综合,http://xjlive.xjxrmt.cn:8091/live/xwpd.m3u8,2.206,其它
小鼠奇遇记,http://newcntv.qcloudcdn.com/asp/hls/1200/0303000a/3/default/9417f7c1d9f2484c901d886245892130/1200.m3u8,2.228,其它
少儿动漫,http://111.56.90.5/000000000000/8145334647720731271/index.m3u8,2.707,其它
屋顶着火宋茜,https://vd3.bdstatic.com/mda-ife08h4xpq85sg65/logo//mda-ife08h4xpq85sg65.mp4?pd=19&vt=1,10.925,其它
山东卫视,http://223.95.198.3:8000/hls/29/index.m3u8,8.139,卫视 SD（632条）
山东卫视,http://124.93.18.239:9003/hls/34/index.m3u8,7.470,卫视 SD（632条）
山东卫视,http://221.7.49.226:50085/tsfile/live/0131_1.m3u8?key=txiptv&playlive=1&authid=0,4.417,卫视 SD（632条）
山东卫视,http://61.178.227.57:9901/tsfile/live/0131_1.m3u8?key=txiptv&amp;playlive=1&amp;authid=0,8.233,卫视 SD（632条）
山东卫视,http://111.56.90.5/000000000000/5000000004000020424/index.m3u8,2.135,卫视 SD（632条）
山东卫视,http://61.178.227.57:9901/tsfile/live/0131_1.m3u8?key=txiptv&playlive=1&authid=0,7.499,卫视 SD（632条）
山东卫视,http://27.129.145.110:4433/hls/31/index.m3u8,7.764,卫视 SD（632条）
山东卫视,http://112.27.235.94:8000/hls/34/index.m3u8,3.958,其它
山东卫视,http://183.237.71.182:40000/hls/26/index.m3u8,2.217,卫视 SD（632条）
山东卫视,http://nn.7x9d.cn/mk.php?ip=118.212.78.74:8014&id=sdws,9.165,其它
山东卫视,http://l.cztvcloud.com/channels/lantian/SXshengzhou1/720p.m3u8,2.384,其它
山东卫视,https://live.264788.xyz/channel/shandongweishi?streamid=bac5a94d63bfe566f40a5adcc3f7ce50&livekey=01WgOR41rriMmMkzNsd0UoaxJRwetZdxIvtVk,4.139,其它
山东卫视,https://live.264788.xyz/channel/shandongweishi?streamid=0c90580e8be097c73a218656168e35e6&livekey=01WgOR41rriMmMkzNsd0UoaxJRwetZdxIvtVk,8.428,其它
山东卫视,http://111.56.90.5/000000000000/1000000005000265019/1.m3u8,3.057,其它
山东卫视,http://111.56.90.5/000000000000/1000000001000016568/1.m3u8,3.173,其它
山东卫视,http://111.56.90.5/000000000000/6000000001000004134/1.m3u8,3.095,其它
山东卫视,https://live.264788.xyz/channel/shandongweishi?streamid=584a5648f57ec60599e05d68c502946e&livekey=01WgOR41rriMmMkzNsd0UoaxJRwetZdxIvtVk,9.064,其它
山东卫视,https://live.264788.xyz/channel/shandongweishi?streamid=17734718ddd5e6904640c72df1fe5fa8&livekey=01WgOR41rriMmMkzNsd0UoaxJRwetZdxIvtVk,7.638,其它
山东卫视,https://live.264788.xyz/channel/shandongweishi?streamid=1920e8715db79dca740ef1828b665c11&livekey=01WgOR41rriMmMkzNsd0UoaxJRwetZdxIvtVk,6.813,其它
山东卫视4K,https://live.264788.xyz/channel/shandongweishi4k?streamid=94f01afe37551c1ea2aa8e32b1d80c9e&livekey=01WgOR41rriMmMkzNsd0UoaxJRwetZdxIvtVk,6.944,其它
山东卫视4K,https://live.264788.xyz/channel/shandongweishi4k?streamid=89b04153333adc0894ea0c2a3527347d&livekey=01WgOR41rriMmMkzNsd0UoaxJRwetZdxIvtVk,4.574,其它
山东教育,https://test1.live.sdetv.com.cn/live/dianshizhibo/playlist.m3u8,4.504,其它
山东教育卫视,http://111.56.90.5/000000000000/1000000002000004097/index.m3u8,2.967,卫视 SD（632条）
山东教育卫视,http://test1.live.sdetv.com.cn/live/dianshizhibo/playlist.m3u8,6.207,卫视 SD（632条）
山东曹县新闻,https://jsylivealone302.iqilu.com/live/caoxian_tv01.m3u8,2.053,其它 SD（412条）
山亭综合|澜露直播,http://43.138.196.212/q0l.php?id=zzstzh,9.469,其它
山亭综合|澜露直播,http://1.94.31.214/php/qilu.php?id=zzstzh,10.514,其它
山匪拜寿-程野,http://uptt.gcwduoduo.com/v/220720/9848882b72698aeaa85b48eb9cf0aaaa.mp4,12.841,其它
山西卫视,http://61.178.227.57:9901/tsfile/live/0118_1.m3u8?key=txiptv&amp;playlive=1&amp;authid=0,5.472,卫视 SD（632条）
山西卫视,http://119.39.9.8:9901/tsfile/live/0118_1.m3u8,4.197,卫视 SD（632条）
山西卫视,http://124.93.18.239:9003/hls/35/index.m3u8,3.051,卫视 SD（632条）
山西卫视,https://live.264788.xyz/channel/shanxiweishi?streamid=3588853b57d954c33c7eef175200eae7&livekey=01WgOR41rriMmMkzNsd0UoaxJRwetZdxIvtVk,9.606,其它
山西卫视,http://111.56.90.5/000000000000/4821787565788875765/1.m3u8,2.538,其它
山西卫视,http://111.56.90.5/000000000000/7582242998896540942/1.m3u8,2.615,其它
山西卫视,http://111.56.90.5/000000000000/1000000002000021220/1.m3u8,3.024,其它
山西卫视,https://live.264788.xyz/channel/shanxiweishi?streamid=69e002ac7467d661ff7ad0671ed43f16&livekey=01WgOR41rriMmMkzNsd0UoaxJRwetZdxIvtVk,7.923,其它
山西卫视,https://live.264788.xyz/channel/shanxiweishi?streamid=d8fdbae386f631fab5659391da113957&livekey=01WgOR41rriMmMkzNsd0UoaxJRwetZdxIvtVk,4.822,其它
山西省晋剧院一团,http://gcw.bdcdn.shoujiduoduo.com/v/190531/3e0024131e184b61868238415002898d.mp4,178.687,其它
山西省晋剧院青年团《大清唱》中集,http://gcw.bdcdn.shoujiduoduo.com/v/190522/10003160.mp4,46.391,其它
岱岳TV|澜露直播,http://43.138.196.212/q0l.php?id=tady,3.906,其它
岱岳|澜露直播,http://1.94.31.214/php/qilu.php?id=tady,3.577,其它
峄城综合|澜露直播,http://1.94.31.214/php/qilu.php?id=zzyczh,6.510,其它
崂山|澜露直播,http://43.138.196.212/q0l.php?id=qdls,9.844,其它
崂山|澜露直播,http://1.94.31.214/php/qilu.php?id=qdls,10.567,其它
崇仁综合|澜露直播,http://play-a2.quklive.com/live/1744277411242065.m3u8,11.017,其它
崇州电视1套,http://115.29.208.41:34567/sccd.php?id=cz&kl=www.9kds.com,7.854,其它
嵊州综合 (720p) [Not 24/7],https://l.cztvcloud.com/channels/lantian/SXshengzhou1/720p.m3u8,2.418,其它
嵊泗综合,http://l.cztvcloud.com/channels/lantian/SXshengsi1/720p.m3u8,9.402,其它
嵩县综合新闻,http://tvpull.dxhmt.cn:9081/tv/10325-1.m3u8,12.622,其它
巨兽来了,http://newcntv.qcloudcdn.com/asp/hls/1200/0303000a/3/default/1224d3b3e1ba410d8dc316f2f2ab1872/1200.m3u8,3.227,其它
巨藻林的守卫者,http://newcntv.qcloudcdn.com/asp/hls/1200/0303000a/3/default/432e7e692dc841bfaefb5e662de89bdc/1200.m3u8,3.210,其它
巩义新闻综合,http://tvpull.dxhmt.cn:9081/tv/10181-1.m3u8,9.456,其它
巩义新闻综合,http://tvpull.dxhmt.cn:9081/tv/10181-1.m3u8?zhend?,8.947,其它 SD（412条）
巴东综合,https://46240.hlsplay.aodianyun.com/tv_radio_46240/tv_channel_3522.m3u8?auth_key=4860354782-0-0-0bc026e554be331e11f9118a5507dbd6&extra_key=du5v5yekM-ggopdZ_sngtTZ65Uth9WDHICSAwr25ENDQIdlV3Yd2lHeLSlp5B8KLBoWG0nmJUj1QO75vWPg_oNJJLOYxRTOV57psEWQI4qKLGvWzL9PBysSluKuq-Ux9lJltJgQb5lWNdWOKYZiLcxSGG_008O5kq4mJC8KOxeo,2.580,其它
巴中综合|澜露直播,http://ocj2.kksmg.com/ocj1/ocj1.m3u8,9.957,其它
巴南综合|澜露直播,https://live.cqbntv.com/bnmc/tv0709.m3u8,6.404,其它
巴南综合|澜露直播,http://live.cqbntv.com/bnmc/tv0709.m3u8,5.122,其它
市中综合|澜露直播,http://1.94.31.214/php/qilu.php?id=zzszzh,7.860,其它
带劲越南鼓点播,https://txmov2.a.kwimgs.com/bs3/video-hls/5199968844019002757_hlsb.m3u8,5.949,其它
常熟民生,http://3gvod.zjgonline.com.cn:1935/live/_definst_/shehuishenghuo_app/chunklist.m3u8,2.863,其它
平兴新闻综合,http://tvpull.dxhmt.cn:9081/tv/11723-1.m3u8,11.412,其它
平度新闻|澜露直播,http://1.94.31.214/php/qilu.php?id=qdpdxw,3.486,其它 SD（412条）
平度新闻综合|澜露直播,http://43.138.196.212/q0l.php?id=qdpdxw,3.159,其它
平度生活|澜露直播,http://1.94.31.214/php/qilu.php?id=qdpdsh,5.973,其它
平度生活服务|澜露直播,http://43.138.196.212/q0l.php?id=qdpdsh,3.032,其它
平昌|澜露直播,http://dcpull.sctvcloud.com/live/9d774482018e1000fec02f9500000000/playlist.m3u8,10.706,其它
平泉影视频道,https://jwcdnqx.hebyun.com.cn/live/pqys/1500k/tzwj_video.m3u8,6.724,其它
平湖民生休闲,http://l.cztvcloud.com/channels/lantian/SXpinghu2/720p.m3u8?zzhed,2.477,其它
平邑综合|澜露直播,http://43.138.196.212/q0l.php?id=lypyxw,4.216,其它
平邑综合|澜露直播,http://1.94.31.214/php/qilu.php?id=lypyzh,4.148,其它
平阴乡村|澜露直播,http://1.94.31.214/php/qilu.php?id=jnpyxc,5.680,其它
平阴生活|澜露直播,http://43.138.196.212/q0l.php?id=jnpysh,7.488,其它
平阴综合|澜露直播,http://1.94.31.214/php/qilu.php?id=jnpyzh,6.194,其它
平阴综合|澜露直播,http://43.138.196.212/q0l.php?id=jnpyzh,6.167,其它
年代大剧,http://111.56.90.5/000000000000/1000000001000006197/index.m3u8,3.003,其它
年老人怎禁这风雪旋!,http://gcw.bdcdn.shoujiduoduo.com/v/190605/6b44b90dfad0379f6cc6ae14354af580.mp4,7.340,其它
广东4K超高清,http://183.237.240.235:808/hls/66/index.m3u8,3.391,其它 SD（412条）
广东体育,http://171.38.107.33:8282/tsfile/live/1010_1.m3u8?key=txiptv&amp;playlive=1&amp;authid=0,2.243,其它
广东体育,http://119.123.77.33:8086/hls/42/index.m3u8,8.163,其它
广东卫视,http://223.95.198.3:8000/hls/38/index.m3u8,8.028,卫视 SD（632条）
广东卫视,http://61.178.227.57:9901/tsfile/live/0125_1.m3u8?key=txiptv&amp;playlive=1&amp;authid=0,6.613,卫视 SD（632条）
广东卫视,http://124.93.18.239:9003/hls/36/index.m3u8,8.050,卫视 SD（632条）
广东卫视,http://221.7.49.226:50085/tsfile/live/0125_1.m3u8?key=txiptv&playlive=1&authid=0,4.711,卫视 SD（632条）
广东卫视,http://111.56.90.5/000000000000/5000000004000014694/index.m3u8,2.191,卫视 SD（632条）
广东卫视,http://61.178.227.57:9901/tsfile/live/0125_1.m3u8?key=txiptv&playlive=1&authid=0,3.869,卫视 SD（632条）
广东卫视,https://txmov2.a.kwimgs.com/upic/2023/01/26/09/BMjAyMzAxMjYwOTE3NDVfNzM5MzQzNzIyXzk0NjI1OTUwNTA3XzBfMw==_b_B81ddda927d33445d544befd008e60109.mp4,31.637,其它
广东卫视,http://119.123.77.33:8086/hls/44/index.m3u8,8.363,其它
广东卫视,http://nn.7x9d.cn/mk.php?ip=118.212.78.74:8014&id=gdws,7.270,其它
广东卫视,https://live.264788.xyz/channel/guangdongweishi?streamid=d66348b222c74382e7cec90352efc43b&livekey=01WgOR41rriMmMkzNsd0UoaxJRwetZdxIvtVk,6.003,其它
广东卫视,https://live.264788.xyz/channel/guangdongweishi?streamid=e9986fb1fcfb651af467c03a233f8e8f&livekey=01WgOR41rriMmMkzNsd0UoaxJRwetZdxIvtVk,7.608,其它
广东卫视,https://live.264788.xyz/channel/guangdongweishi?streamid=517b09b16a431a5fa7dbe1935d7a2400&livekey=01WgOR41rriMmMkzNsd0UoaxJRwetZdxIvtVk,8.610,其它
广东卫视,https://live.264788.xyz/channel/guangdongweishi?streamid=cb79f80b1c81ba01a6cc0f96cb127c4a&livekey=01WgOR41rriMmMkzNsd0UoaxJRwetZdxIvtVk,6.903,其它
广东卫视,https://live.264788.xyz/channel/guangdongweishi?streamid=a8a6999dae6313a2788eff262b5873bc&livekey=01WgOR41rriMmMkzNsd0UoaxJRwetZdxIvtVk,8.373,其它
广东卫视,http://111.56.90.5/000000000000/6000000001000031076/1.m3u8,3.110,其它
广东卫视,http://111.56.90.5/000000000000/1000000001000014176/1.m3u8,3.144,其它
广东卫视-高清,http://114.241.111.4:85/tsfile/live/45/1045_1.m3u8?key=txiptv,4.558,卫视 高清/HD（33条）
广东卫视4K,https://live.264788.xyz/channel/guangdongweishi4k?streamid=e0289cccc782400e932e5d3b2830db4d&livekey=01WgOR41rriMmMkzNsd0UoaxJRwetZdxIvtVk,10.651,其它
广东卫视4K,https://live.264788.xyz/channel/guangdongweishi4k?streamid=33aeafbb59f2bcb1877c3a8229c0135b&livekey=01WgOR41rriMmMkzNsd0UoaxJRwetZdxIvtVk,9.117,其它
广东卫视4K,https://live.264788.xyz/channel/guangdongweishi4k?streamid=8dcdf34f2fa7ccf51c7d93cd359d414c&livekey=01WgOR41rriMmMkzNsd0UoaxJRwetZdxIvtVk,6.178,其它
广东卫视4K,https://live.264788.xyz/channel/guangdongweishi4k?streamid=0508c0316aedc9152adcf323fa95c2c0&livekey=01WgOR41rriMmMkzNsd0UoaxJRwetZdxIvtVk,9.463,其它
广东卫视4K,https://live.264788.xyz/channel/guangdongweishi4k?streamid=6a50ede91d38c74ee3789122e267fec1&livekey=01WgOR41rriMmMkzNsd0UoaxJRwetZdxIvtVk,10.135,其它
广东少儿,http://119.123.77.33:8086/hls/40/index.m3u8,8.321,其它
广东影视,http://119.123.77.33:8086/hls/46/index.m3u8,8.050,其它
广东新闻,http://119.123.77.33:8086/hls/45/index.m3u8,9.168,其它
广东民生,http://119.123.77.33:8086/hls/39/index.m3u8,8.906,其它
广东珠江,http://171.38.107.33:8282/tsfile/live/1000_1.m3u8?key=txiptv&amp;playlive=1&amp;authid=0,5.344,其它
广东珠江,http://119.123.77.33:8086/hls/47/index.m3u8,8.287,其它
广东珠江,http://111.56.90.5/000000000000/1000000004000011655/index.m3u8,2.943,其它
广丰|澜露直播,https://play-a2.quklive.com/live/1754033359790055.m3u8,23.795,其它
广元文化|澜露直播,https://m3u8.channel.dzsm.com/nmip-media/channellive/channel101257/playlist.m3u8,2.502,其它
广元综合,https://stream1.freetv.fun/yan-yuan-zong-he-1.m3u8,2.111,其它
广元综合|澜露直播,https://m3u8.channel.dzsm.com/nmip-media/channellive/channel100999/playlist.m3u8,2.197,其它
广南|澜露直播,https://zb-live.ynurl.com/guangnan/31407c0a-ec07-4b5f-8a89-c26fbcc1fcf9.m3u8,2.265,其它
广安武胜综合,http://wspull.wsxrmt.com.cn/live/fb899c55019310000893a7cd00000000/playlist.m3u8?wsSecret=49781046550db1e8434768dc478f8b59&wsTime=2019657600,10.830,其它
广州南国都市1080p,http://tencentplaygsm.gztv.com/live/nanguodushi.m3u8,3.771,其它 SD（412条）
广州南国都市4k|澜露直播,https://tencentplay.gztv.com/live/nanguodushi.m3u8?txSecret=babbcbacdbcf13a3311a264e4dd66b8d&txTime=191b60b41a7,4.287,其它 4D/超高清（23条）
广州南国都市4k|澜露直播,https://tencentplay.gztv.com/live/nanguodushi.m3u8?txSecret=550af55c0ea34ce492748481415b6dfa&txTime=1903e7b17de,5.752,其它 4D/超高清（23条）
广州南国频道,http://tencentplaygzrb01.gztv.com/live/nanguodushi.m3u8,4.820,其它
广州新闻720p,https://tencentplay.gztv.com/live/xinwen.m3u8?txSecret=d217bd6cf85c93e3b47b96504cd2dc1c&txTime=18e6ff29019,3.763,其它 SD（412条）
广州新闻|澜露直播,https://tencentplay.gztv.com/live/xinwen.m3u8?txSecret=4c09e8c2d093bcb692e036ae54ff87c7&txTime=1903e37cd8a,2.942,其它 SD（412条）
广州新闻|澜露直播,https://tencentplay.gztv.com/live/xinwen.m3u8?txSecret=6f73647cae387d01a3c2132074132a83&txTime=18d00acf487,4.089,其它 SD（412条）
广州新闻频道,http://tencentplaygzrb01.gztv.com/live/xinwen.m3u8,3.017,其它 SD（412条）
广州新闻频道,http://tencentplay.gztv.com/live/xinwen.m3u8?txSecret=d2c2db0b598c02ec1b5623728434d367&txTime=18d57929bd3,3.753,其它 SD（412条）
广州电视台新闻频道,https://tencentplay.gztv.com/live/xinwen.m3u8?txSecret=520177bc9dd6916a7d6fa86bdb3f8830&txTime=191b5f5b230,2.468,其它 SD（412条）
广州综合720p,https://tencentplay.gztv.com/live/zonghes.m3u8?txSecret=9e5008d4b91944fa76a957a93ae54870&txTime=1903e5f1cfd,2.113,其它 SD（412条）
广州综合|澜露直播,https://tencentplay.gztv.com/live/zonghes.m3u8?txSecret=e381ab098841a0badbf7e11f24143cf7&txTime=18e6ff43701,2.229,其它
广州综合|澜露直播,https://tencentplay.gztv.com/live/zonghes.m3u8?txSecret=f0147ae6453a80f5989f382368b72aad&txTime=18d00acf487,3.114,其它
广州综合频道,http://tencentplaygzrb01.gztv.com/live/zonghes.m3u8,2.057,其它
广德新闻综合,https://live.gdtv.ah.cn/live/newsTV.m3u8,4.972,其它
广德生活频道,https://live.gdtv.ah.cn/live/shenghuoTV.m3u8,2.209,其它
广西卫视,http://223.95.198.3:8000/hls/39/index.m3u8,8.264,卫视 SD（632条）
广西卫视,http://124.93.18.239:9003/hls/37/index.m3u8,6.063,卫视 SD（632条）
广西卫视,http://111.56.90.5/000000000000/5000000006000040014/index.m3u8,2.882,卫视 SD（632条）
广西卫视,http://114.241.111.4:85/tsfile/live/46/1046_1.m3u8?key=txiptv,2.028,卫视 SD（632条）
广西卫视,https://hlscdn.liangtv.cn/live/0c4ef3a44b934cacb8b47121dfada66c/d7e04258157b480dae53883cc6f8123b.m3u8,12.730,其它
广西卫视,https://live.264788.xyz/channel/guangxiweishi?streamid=1679dfafa1bee407947d8c782276ba91&livekey=01WgOR41rriMmMkzNsd0UoaxJRwetZdxIvtVk,4.575,其它
广西卫视,https://live.264788.xyz/channel/guangxiweishi?streamid=038a343487c52ef4d7c8f202064b4b24&livekey=01WgOR41rriMmMkzNsd0UoaxJRwetZdxIvtVk,9.313,其它
广西卫视,https://live.264788.xyz/channel/guangxiweishi?streamid=a81b4873dad06cc9b37747c2fc479284&livekey=01WgOR41rriMmMkzNsd0UoaxJRwetZdxIvtVk,7.321,其它
广西卫视,http://111.56.90.5/000000000000/5000000011000031118/1.m3u8,2.147,其它
广西卫视,https://live.264788.xyz/channel/guangxiweishi?streamid=c8e847a8745033edc0153656ddc62c47&livekey=01WgOR41rriMmMkzNsd0UoaxJRwetZdxIvtVk,9.915,其它
广西卫视,http://111.56.90.5/000000000000/5000000006000040014/1.m3u8,2.841,其它
广西卫视,https://hlscdn.liangtv.cn/live/de0f97348eb84f62aa6b7d8cf0430770/dd505d87880c478f901f38560ca4d4e6.m3u8,8.059,其它
广西卫视,https://live.264788.xyz/channel/guangxiweishi?streamid=b8d44e8c47f0c0688b1e68b8e2c00b91&livekey=01WgOR41rriMmMkzNsd0UoaxJRwetZdxIvtVk,8.855,其它
广西国际,http://hlscdn.liangtv.cn/live/0234c48e0bc24fe1b41b9999a253e581/1075ee38e04f490690f6a36a16e09c79.m3u8?fbl=,2.005,其它
广西国际,https://hlscdn.liangtv.cn/live/0234c48e0bc24fe1b41b9999a253e581/1075ee38e04f490690f6a36a16e09c79.m3u8,2.100,其它
广饶新闻|澜露直播,http://1.94.31.214/php/qilu.php?id=dygrzh,11.844,其它 SD（412条）
广饶科教文艺,http://1.94.31.214/php/qilu.php?id=dygrkj,14.479,其它
广饶综合|澜露直播,http://43.138.196.212/q0l.php?id=dygrxw,12.400,其它
庄心妍精选44首(2小时),https://txmov2.a.kwimgs.com/upic/2023/09/29/09/BMjAyMzA5MjkwOTEzMDVfMjE0OTExOTI2N18xMTM3OTU3ODM3NzFfMF8z_b_B1909889bf55e6af6f994b05596fb589f.mp4,10.452,其它
庄浪综合|澜露直播,https://play.kankanlive.com/live/1687654127961989.m3u8,3.034,其它
庆云生活|澜露直播,http://1.94.31.214/php/qilu.php?id=dzqysh,4.503,其它
庆元新闻综合,http://l.cztvcloud.com/channels/lantian/SXqingyuan1/720p.m3u8?fbl=,14.341,其它 SD（412条）
庆元综合,http://l.cztvcloud.com/channels/lantian/SXqingyuan1/720p.m3u8?zzhed?,7.976,其它
庆元综合,http://l.cztvcloud.com/channels/lantian/SXqingyuan1/720p.m3u8?%E5%85%B3%E6%B3%A8%E5%BE%AE%E4%BF%A1%E5%85%AC%E4%BC%97%E5%8F%B7[%E6%99%B4%E5%9B%AD],8.324,其它
庆元综合频道,http://l.cztvcloud.com/channels/lantian/SXqingyuan1/720p.m3u8?zzhed,2.246,其它
庆阳西峰综合|澜露直播,https://play.kankanlive.com/live/1683944827526991.m3u8,5.055,其它
康亚蝉,http://gcw.bdcdn.shoujiduoduo.com/v/210211/005278db46b6f82dadd3fe7428220210.mp4,13.619,其它
康巴卫视,http://111.56.90.5/000000000000/5000000003000001598/index.m3u8,2.733,卫视 SD（632条）
康巴卫视,http://111.56.90.5/000000000000/1000000005000266002/1.m3u8,2.947,其它
延津综合频道,http://tvpull.dxhmt.cn:9081/tv/10726-1.m3u8,5.354,其它
延边卫视,http://111.56.90.5/000000000000/1000000005000266008/1.m3u8,2.932,其它
延边卫视,http://l.cztvcloud.com/channels/lantian/SXxinchang2/720p.m3u8#,4.596,卫视 SD（632条）
延边卫视,https://srs.iyb983.cn:443/video/CYS/index.m3u8,6.163,卫视 SD（632条）
延边卫视,https://srs.iyb983.cn/video/CYS/index.m3u8,7.186,其它
延边卫视,https://live.264788.xyz/channel/yanbianweishi?streamid=5bef9ef3217ab33bd448f25dce2f2aa6&livekey=01WgOR41rriMmMkzNsd0UoaxJRwetZdxIvtVk,8.485,其它
延边卫视,http://124.93.18.239:9003/hls/60/index.m3u8,2.556,卫视 SD（632条）
延边卫视,https://live.264788.xyz/channel/yanbianweishi?streamid=2af361ac8ba5e870d104cc59390cf845&livekey=01WgOR41rriMmMkzNsd0UoaxJRwetZdxIvtVk,10.168,其它
开化国家公园,http://l.cztvcloud.com/channels/lantian/SXkaihua2/720p.m3u8zzhed,2.201,其它
开化新闻综合,http://l.cztvcloud.com/channels/lantian/SXkaihua1/720p.m3u8?zzhed,6.973,其它
开场低音串烧,https://sns-video-default.xhscdn.com/stream/79/110/258/01e8c02519bc71ce4f037001992e93a479_258.mp4,7.072,其它
张信哲《2016年 还爱光年演唱会 完整版》经典之作！,https://vd2.bdstatic.com/mda-nmh7q2cm8dwjnum3/576p/h264/1671341864394610629/mda-nmh7q2cm8dwjnum3.mp4,2.243,其它
张国荣-沉默是金,https://www.iesdouyin.com/aweme/v1/playwm/?video_id=v0d00fg10000cgjuqvbc77uc1cnf47ag&ratio=720p&line=0,44.077,其它
张国荣-沉默是金,https://www.iesdouyin.com/aweme/v1/play/?video_id=v0d00fg10000cgjuqvbc77uc1cnf47ag&ratio=720p&line=0,50.031,其它
张学友-饿狼传说,https://www.iesdouyin.com/aweme/v1/play/?video_id=v0300fg10000cfapr43c77u621266pjg&ratio=720p&line=0,8.065,其它
张学友《2007年 光年巡回 演唱会 完整版》,https://vd4.bdstatic.com/mda-nmek3yr26v0mmia8/360p/h264/1671114180615380093/mda-nmek3yr26v0mmia8.mp4,2.411,其它
张学友演唱会,https://alimov2.a.kwimgs.com/upic/2020/05/11/04/BMjAyMDA1MTEwNDE3NTRfMTA4ODgyMjg1OF8yODM1OTM2NTkxMl8yXzM=_b_Bf2cbd177f1349dcfc12d89443cf374af.mp4,18.493,其它
张宁,http://gcw.bdcdn.shoujiduoduo.com/v/190514/10003147.mp4,10.350,其它
张店图文|澜露直播,http://1.94.31.214/php/qilu.php?id=zbzd2,7.624,其它
张店综合|澜露直播,http://43.138.196.212/q0l.php?id=zbzd1,11.146,其它
张店综合|澜露直播,http://1.94.31.214/php/qilu.php?id=zbzd1,11.030,其它
张惠妹精选10首(1小时),https://www.iesdouyin.com/aweme/v1/playwm/?video_id=v0200fg10000cpfe9nfog65hhstjqpn0&ratio=720p&line=0,92.064,其它
张惠妹精选63首(4小时),https://k0ub7yffy10y9zw2409x875ex5088x330xx9z.djvod.ndcimgs.com/upic/2023/02/23/19/BMjAyMzAyMjMxOTU2MzRfMTg1NzcxNTYxOF85Njg2MDMwMDE1N18yXzM=_b_Bf54be4dff6265ad447bf289ec395ad97.mp4,6.306,其它
张掖农旅|澜露直播,http://play.kankanlive.com/live/1720583009200246.m3u8,6.105,其它
张敬轩-酷爱,https://www.iesdouyin.com/aweme/v1/play/?video_id=v0200fg10000ck1q5v3c77ucqtq44b4g&ratio=720p&line=0,13.018,其它
张敬轩-酷爱,https://www.iesdouyin.com/aweme/v1/playwm/?video_id=v0200fg10000ck1q5v3c77ucqtq44b4g&ratio=720p&line=0,8.609,其它
张新芳——曲剧《陈三两》：陈三两迈步上公庭,http://gcw.bdcdn.shoujiduoduo.com/v/210118/6c7200369ec769f15448231b47e8bab3.mp4,11.265,其它
张杰精选40首(2小时),https://txmov2.a.kwimgs.com/upic/2023/08/06/13/BMjAyMzA4MDYxMzIxNDZfODM0NDUzMTQ2XzEwOTgxMDY1NjE0MF8wXzM=_b_Bd5fedc48db11e5ccd52e4c2de1d8213a.mp4,7.261,其它
张武宏(西北名丑146.56.144.225:50001,http://gcw.bdcdn.shoujiduoduo.com/v/190818/9f90b4718102660ee28c3a1801cdec65.mp4,11.062,其它
张芸京-偏爱,https://www.iesdouyin.com/aweme/v1/play/?video_id=v1e00fgi0000csmuo9fog65j08392110&ratio=720p&line=0,7.912,其它
张芸京-偏爱,https://www.iesdouyin.com/aweme/v1/playwm/?video_id=v1e00fgi0000csmuo9fog65j08392110&ratio=720p&line=0,7.732,其它
张靓颖《2011 我的模样演唱会 高清完整版》,https://vd4.bdstatic.com/mda-pa6drcydexjxs77s/576p/h264/1673085018757516458/mda-pa6drcydexjxs77s.mp4,2.008,其它 高清/HD（158条）
张韶涵-12首合集,https://www.iesdouyin.com/aweme/v1/play/?video_id=v0d00fg10000ct7cdovog65o09j282vg&ratio=720p&line=0,3.473,其它
张韶涵-12首合集,https://www.iesdouyin.com/aweme/v1/playwm/?video_id=v0d00fg10000ct7cdovog65o09j282vg&ratio=720p&line=0,5.666,其它
张韶涵-无名的人,https://www.iesdouyin.com/aweme/v1/play/?video_id=v0200fg10000ctari87og65ksgs0rnpg&ratio=720p&line=0,7.710,其它
张韶涵-无名的人,https://www.iesdouyin.com/aweme/v1/playwm/?video_id=v0200fg10000ctari87og65ksgs0rnpg&ratio=720p&line=0,4.473,其它
张韶涵精选96首(6小时),https://txmov2.a.kwimgs.com/upic/2023/04/24/02/BMjAyMzA0MjQwMjA4MDlfMjE0OTExOTI2N18xMDEzNTM2NjA5OTFfMF8z_b_Baa658d527c452cd09e6dc0e9684c1bed.mp4,17.230,其它
当我取过她,https://txmov2.a.kwimgs.com/upic/2023/12/21/19/BMjAyMzEyMjExOTQ3MzBfMzM5Njk4MTMyNl8xMjAxOTI1MTU2NThfMF8z_b_B8f68734d0b6d210bd24b20e1eb0a374a.mp4,6.145,其它
当我孤独的时候还可以抱着你郑源,https://vd4.bdstatic.com/mda-kgaerksrx80jgdu0/v1-cae/1080p/mda-kgaerksrx80jgdu0.mp4,2.990,其它
彩虹,https://cfss.cc/api/kg/355.mp4,58.632,其它
彩蛇之舞,http://newcntv.qcloudcdn.com/asp/hls/1200/0303000a/3/default/002334474c7c4b8b98bad237a7bdeb7b/1200.m3u8,3.101,其它
彭州电视台,http://115.29.208.41:34567/sccd.php?id=pz&kl=www.9kds.com,10.010,其它
影视娱乐,http://ali-m-l.cztv.com/channels/lantian/channel005/1080p.m3u8,2.686,其它
往日少年家驹,https://sns-video-default.xhscdn.com/stream/1/110/258/01e927e7581658b7010370019ac3e18182_258.mp4,20.055,其它
徐小凤-风的季节,https://www.iesdouyin.com/aweme/v1/play/?video_id=v0d00fg10000c9v0f3bc77u2pia8a8vg&ratio=720p&line=0,50.752,其它
徐小凤-风的季节,https://www.iesdouyin.com/aweme/v1/playwm/?video_id=v0d00fg10000c9v0f3bc77u2pia8a8vg&ratio=720p&line=0,2.207,其它
徐水|澜露直播,https://jwcdnqx.hebyun.com.cn/live/jiyunxushui123/1500k/tzwj_video.m3u8,2.294,其它
徐良精选30首(1小时),https://txmov2.a.kwimgs.com/upic/2024/05/08/20/BMjAyNDA1MDgyMDAyMjFfMTg1NzcxNTYxOF8xMzE5MDIyNTY0NzNfMl8z_b_B62cb1e50d6a0dea4efc3e6da93662aa4.mp4?tag=1-1754626109-std-1-9zwa2xbfok-40061606b10eb007&clientCacheKey=3xfdxxsd94byium_b.mp4&tt=b&di=739f67b1&bp=12681&ali_redirect_ex_hot=66666800&ali_redirect_ex_beacon=1,10.623,其它
徐良精选30首(1小时),https://alimov2.a.kwimgs.com/upic/2024/05/08/20/BMjAyNDA1MDgyMDAyMjFfMTg1NzcxNTYxOF8xMzE5MDIyNTY0NzNfMl8z_b_B62cb1e50d6a0dea4efc3e6da93662aa4.mp4,17.615,其它
德州图文,http://1.94.31.214/php/qilu.php?id=dztw,10.856,其它
德州新闻综合,http://1.94.31.214/php/qilu.php?id=dzxwzh,7.838,其它
德州经济生活,http://1.94.31.214/php/qilu.php?id=dzjjsh,13.310,其它
心病-赵本山,http://uptt.gcwduoduo.com/v/190528/ad11d8507454d002d52cf31e5515bde2.mp4,18.116,其它
心雨,https://cfss.cc/api/kg/596313.mp4,12.888,其它
忘川彼岸,https://txmov2.a.kwimgs.com/upic/2023/07/12/20/BMjAyMzA3MTIyMDEyNTlfMzM5Njk4MTMyNl8xMDc3OTI5ODAyMDVfMF8z_b_Ba7edcee8d69c709d5e6eccdb5333d13b.mp4,11.199,其它
忘记你需要多久(DJ小鱼儿版),https://vd2.bdstatic.com/mda-mc1sm1r5s9azchjv/v1-cae/1080p/mda-mc1sm1r5s9azchjv.mp4,3.295,其它
快乐垂钓,https://live.264788.xyz/channel/kuailechuidiao?streamid=ee769acd8c2e8a0e474b1f3e8a1c0ca8&livekey=01WgOR41rriMmMkzNsd0UoaxJRwetZdxIvtVk,10.159,其它
快乐垂钓,https://phoneal.qing.mgtv.com/nn_live/nn_x64/Y2RuZXhfaWQ9YWxfaGxzX2xkdnQmZT02OTE0NjA0JnY9MSZpZD1ITldTWkdTVCZzPTcwN2RiYTc2YzJjNmJmMTQ4MmUyZGYzOWU2NWM3YWFi/KLCDMPP360.m3u8,5.700,其它
快乐垂钓,https://live.264788.xyz/channel/kuailechuidiao?streamid=6a60d1c6862ba21566324b885fedcccb&livekey=01WgOR41rriMmMkzNsd0UoaxJRwetZdxIvtVk,10.787,其它
快乐每一天,https://alimov2.a.kwimgs.com/upic/2022/06/02/07/BMjAyMjA2MDIwNzI1MjVfOTU2MzA3MDg4Xzc1NzkzODYzOTk1XzJfMw==_b_Bfe5369610488c6327536cd2246ff1024.mp4,15.418,其它
快摇越南鼓点播,https://txmov2.a.kwimgs.com/bs3/video-hls/5246130739648463544_hlsb.m3u8,10.980,其它
忻州侯奇峰演艺传媒二人台《走西口》杨美萍~刘文进,http://gcw.bdcdn.shoujiduoduo.com/v/191211/01b716a5bf14e2f8e7b7ba9048098d8d.mp4,19.366,其它
怀仁综合,http://1yp7hc5p.live.sxmty.com/live/hls/bff8529922344209985b6e49baa9555a/efa2543628fc4a7ea93d3d6c975f77dc.m3u8?zshanxd,,5.379,其它
怀仁综合,https://1yp7hc5p.live.sxmty.com/live/hls/bff8529922344209985b6e49baa9555a/efa2543628fc4a7ea93d3d6c975f77dc-1.m3u8,3.573,其它
怀仁综合,http://1yp7hc5p.live.sxmty.com/live/hls/bff8529922344209985b6e49baa9555a/efa2543628fc4a7ea93d3d6c975f77dc.m3u8?zshanxd,3.861,其它
怀仁综合频道,http://1yp7hc5p.live.sxmty.com/live/hls/bff8529922344209985b6e49baa9555a/efa2543628fc4a7ea93d3d6c975f77dc.m3u8,4.226,其它
怀旧剧场,https://live.264788.xyz/channel/huaijiujuchang?streamid=7f368c23f1a4403746cbcbb75e4b9ac3&livekey=01WgOR41rriMmMkzNsd0UoaxJRwetZdxIvtVk,6.994,其它
怀旧剧场,https://live.264788.xyz/channel/huaijiujuchang?streamid=7e5d1abdddde08f588234f3f640f75ff&livekey=01WgOR41rriMmMkzNsd0UoaxJRwetZdxIvtVk,8.417,其它
怀旧电影《三滴血》,http://gcw.bdcdn.shoujiduoduo.com/201805/1772-690.mp4,85.834,其它 SD（412条）
怒江|澜露直播,https://hwapi.yntv.net/s5xpv2/9r4ei4.m3u8,3.923,其它
思念情歌《我是真的好爱你》《永远放你在心底》百听不厌,https://vd3.bdstatic.com/mda-ndea5au6knwizprv/1080p/cae_h264_delogo/1650064725615866173/mda-ndea5au6knwizprv.mp4,3.670,其它
思念情歌民谣《等你等了那么久》《想让雨滴问问你》,https://vd4.bdstatic.com/mda-nda3uu9cm73hfc9q/1080p/cae_h264_delogo/1649646197104551642/mda-nda3uu9cm73hfc9q.mp4,3.159,其它
思念指甲绕,https://alimov2.a.kwimgs.com/upic/2023/07/03/14/BMjAyMzA3MDMxNDQ3MzFfMzM5Njk4MTMyNl8xMDcwMzkxMjk4MjlfMF8z_b_B662f5e109deb14476a3c73a57cc6b6c9.mp4,20.145,其它
情哥哥DJ,https://vd3.bdstatic.com/mda-kjs8ewqz9tidsdjk/v1-cae/hd/mda-kjs8ewqz9tidsdjk.mp4,2.951,其它
情歌DJ《拈花一笑》《对面的小姐姐》《酒醉的蝴蝶》FHD,https://vdse.bdstatic.com//4eece717c6cc2fb9086a59a13ce30623.mp4,2.722,其它
情歌DJ合集,https://vd4.bdstatic.com/mda-mkp3tpu9ghk2ufev/sc/cae_h264/1637733480141753790/mda-mkp3tpu9ghk2ufev.mp4,2.163,其它
情歌DJ红尘没有错,https://vd3.bdstatic.com/mda-nadfng7qz0sr3ff3/sc/bd265_cae_delogo/1643480883586586354/mda-nadfng7qz0sr3ff3.mp4,2.367,其它
情歌DJ舞曲,https://vd2.bdstatic.com/mda-nag6y4ryfy5a0hjb/720p/h264_delogo/1642396108696963578/mda-nag6y4ryfy5a0hjb.mp4,2.826,其它
情满大草原1,http://newcntv.qcloudcdn.com/asp/hls/1200/0303000a/3/default/222ec6157bf34d8c9abd0e62ddae6ee1/1200.m3u8,2.135,其它
情满大草原2,http://newcntv.qcloudcdn.com/asp/hls/1200/0303000a/3/default/8200031edc9f434583d9b3f738ac4448/1200.m3u8,2.945,其它
情满大草原3,http://newcntv.qcloudcdn.com/asp/hls/1200/0303000a/3/default/0ab9b80f79884e22b6390b2deefdc571/1200.m3u8,2.407,其它
惊悚悬疑,http://111.56.90.5/000000000000/1000000004000024282/index.m3u8,3.014,其它
惠民综合|澜露直播,http://43.138.196.212/q0l.php?id=bzhmzh,2.598,其它
惠民综合|澜露直播,http://1.94.31.214/php/qilu.php?id=bzhmzh,2.575,其它
慢摇dj舞曲,https://vd2.bdstatic.com/mda-mkpi5r0xe92ja446/sc/cae_h264/1637775035132431598/mda-mkpi5r0xe92ja446.mp4,2.416,其它
戏曲精选,http://111.56.90.5/000000000000/5000000011000288012/index.m3u8,3.111,其它
成都少儿频道,http://115.29.208.41:34567/sccd.php?id=cdtv6&kl=www.9kds.com,6.002,其它
成都影视频道,http://115.29.208.41:34567/sccd.php?id=cdtv4&kl=www.9kds.com,3.035,其它
成都新闻频道,http://115.29.208.41:34567/sccd.php?id=cdtv1&kl=www.9kds.com,7.837,其它
成都生活频道,http://115.29.208.41:34567/sccd.php?id=cdtv3&kl=www.9kds.com,6.208,其它
成都简阳新闻综合,http://jypull.jianyangrongmei.cn/live/fb9eea7d019310009e23a40200000000/playlist.m3u8?wsSecret=27502e2ade19ed4f0c73f2d43a9547b3&wsTime=2019657600,9.938,其它 SD（412条）
成都经济频道,http://115.29.208.41:34567/sccd.php?id=cdtv2&kl=www.9kds.com,5.476,其它
成都蓉城先锋,http://115.29.208.41:34567/sccd.php?id=cdrcxf&kl=www.9kds.com,3.293,其它
成都高新|澜露直播,https://livepgc.chinamcache.com/pgc/d849e3b837e34409b46124c267a8a1cf.m3u8?auth_key=1719565624-0-0-c80453df5f2edc88776ce766e497b52b,2.252,其它 SD（412条）
我不配,https://cfss.cc/api/kg/596434.mp4,13.010,其它
我愿为你守候,https://alimov2.a.kwimgs.com/upic/2022/05/16/08/BMjAyMjA1MTYwODMxNTlfOTU2MzA3MDg4Xzc0NTM1OTg4MzQzXzJfMw==_b_Bed1d42b1dc0deb3990857b9b53fa15ff.mp4,14.507,其它
我是如此相信,https://cfss.cc/api/kg/1643256.mp4,5.611,其它
我用自己的方式爱你,http://vdown.kuwo.cn:80/resource/t1/46/26af4a23c9e04725bd1dc491b662f386.mp4,17.767,其它
我的地盘,https://cfss.cc/api/kg/1261.mp4,13.443,其它
我的心太乱,https://alimov2.a.kwimgs.com/upic/2023/10/14/10/BMjAyMzEwMTQxMDI4MDhfMzM5Njk4MTMyNl8xMTQ5NDYwNjk3OTFfMF8z_b_B403e1520b39d90b4446cfee21732e058.mp4,15.598,其它
我落泪情绪零碎,https://cfss.cc/api/kg/91188.mp4,10.306,其它
我要夏天,https://cfss.cc/api/kg/181124.mp4,2.945,其它
戳心民谣《草原情哥哥》《一壶老酒》动人旋律听醉人,https://vd4.bdstatic.com/mda-ndd3dfth86fye3tv/1080p/cae_h264_delogo/1649903743828562113/mda-ndd3dfth86fye3tv.mp4,2.652,其它
手写的从前,https://cfss.cc/api/kg/165667.mp4,8.715,其它
打造一只超级猫,http://newcntv.qcloudcdn.com/asp/hls/1200/0303000a/3/default/ba966901198844d09399a354e203e6cb/1200.m3u8,3.508,其它
扬州2套城市,http://cm-wshls.homecdn.com/8bd.m3u8,3.338,其它
扶不扶-沈腾,https://vd3.bdstatic.com/mda-jaqyuyv3cx5wag5t/sc/mda-jaqyuyv3cx5wag5t.mp4,2.189,其它
扶沟综合,http://tvpull.dxhmt.cn:9081/tv/11621-1.m3u8?%E5%85%B3%E6%B3%A8%E5%BE%AE%E4%BF%A1%E5%85%AC%E4%BC%97%E5%8F%B7[%E6%99%B4%E5%9B%AD],8.257,其它
承德公共生活,https://jwcdnqx.hebyun.com.cn/live/cdsggshtv/1500k/tzwj_video.m3u8,2.534,其它
承德新闻综合,https://jwcdnqx.hebyun.com.cn/live/cdsxwzhtv/1500k/tzwj_video.m3u8,2.718,其它
抖音流行DJ串烧,https://www.iesdouyin.com/aweme/v1/playwm/?video_id=v0300fg10000cppi1hvog65mc9vujp30&ratio=720p&line=0,14.011,其它
抢滩勇士(下),http://newcntv.qcloudcdn.com/asp/hls/1200/0303000a/3/default/0d4351715b27425d87a926b964b6cdaf/1200.m3u8,2.093,其它
抱娇儿止不住悲声大放!,http://gcw.bdcdn.shoujiduoduo.com/v/190608/194edc031eeaed2d7f7ca2589e6768ec.mp4,7.887,其它
招远综合|澜露直播,http://43.138.196.212/q0l.php?id=ytzyzh,2.038,其它
捕猎刹那间1,http://newcntv.qcloudcdn.com/asp/hls/1200/0303000a/3/default/6b222a92e2b9484f86121a558915ddb5/1200.m3u8,2.176,其它
捕猎刹那间2,http://newcntv.qcloudcdn.com/asp/hls/1200/0303000a/3/default/eb2cf087eae64ff9a40258bbbc1a92ba/1200.m3u8,2.291,其它
捕猎刹那间3,http://newcntv.qcloudcdn.com/asp/hls/1200/0303000a/3/default/799ea1ddb3db403484fe2421d4831287/1200.m3u8,2.086,其它
捕食一瞬间(下),http://newcntv.qcloudcdn.com/asp/hls/1200/0303000a/3/default/b66704d4d4aa4ea7bab6e6ef673568b3/1200.m3u8,2.363,其它
捕食奇谋(上),http://newcntv.qcloudcdn.com/asp/hls/1200/0303000a/3/default/543fa61893394cc48d2802207c8a51e8/1200.m3u8,2.670,其它
捕食奇谋(下),http://newcntv.qcloudcdn.com/asp/hls/1200/0303000a/3/default/05ba8dcc7a224442a58f6d6f86885d25/1200.m3u8,2.259,其它
捕食者大观,http://newcntv.qcloudcdn.com/asp/hls/1200/0303000a/3/default/d19e46abe2754e2985715a147e653626/1200.m3u8,2.090,其它
捕食者身体构造,http://newcntv.qcloudcdn.com/asp/hls/1200/0303000a/3/default/83901acd0fed408f904a9b554c8e16ef/1200.m3u8,3.393,其它
捕食者追猎现场(上),http://newcntv.qcloudcdn.com/asp/hls/1200/0303000a/3/default/853b68324c2e4718ad08298aaed459b7/1200.m3u8,2.250,其它
捕食者追猎现场(下),http://newcntv.qcloudcdn.com/asp/hls/1200/0303000a/3/default/6016b09920a7447eb798f3f891f52bad/1200.m3u8,2.268,其它
探秘冰上的北极熊(上),http://newcntv.qcloudcdn.com/asp/hls/1200/0303000a/3/default/6a74d01391d849849c7391b2466f3752/1200.m3u8,2.648,其它
探秘冰上的北极熊(下),http://newcntv.qcloudcdn.com/asp/hls/1200/0303000a/3/default/509e924ad47e422984af226b26236bf6/1200.m3u8,3.038,其它
探秘雨林利爪族(下),http://newcntv.qcloudcdn.com/asp/hls/1200/0303000a/3/default/5a8fd3e4e8ba4ca5b62f1b90ae9c3640/1200.m3u8,3.066,其它
推荐9首DJ舞曲_首首甜美醉人,https://vd2.bdstatic.com/mda-mhig1c3sw223mx8p/1080p/cae_h264/1629380139191731149/mda-mhig1c3sw223mx8p.mp4,2.740,其它
搁浅,https://cfss.cc/api/kg/756760.mp4,8.664,其它
搞笑剧场频道,http://lvbaiducdnct.inter.ptqy.gitv.tv/tslive/c58_fast_953_1080P_t10/c58_fast_953_1080P_t10.m3u8?d,3.565,其它
摩登兄弟探清水河,http://vd2.bdstatic.com/mda-jg6dffnbt92877h0/sc/mda-jg6dffnbt92877h0.mp4,2.435,其它
故乡,http://vdown.kuwo.cn:80/resource/t4/23/63/hQYKyFEiljU.mp4,23.711,其它
教闺女,http://gcw.bdcdn.shoujiduoduo.com/v/210127/870fd252bad1a37fbbc7f19196b2e9cf.mp4,10.883,其它
数码时代,http://ali-m-l.cztv.com/channels/lantian/channel012/1080p.m3u8,2.247,其它
文成|澜露直播,http://nplay-qukan.cztv.com/live/1757486581311330.m3u8,5.620,其它
文成二套,http://l.cztvcloud.com/channels/lantian/SXwencheng2/720p.m3u8?zzhed,4.223,其它
文成新闻综合,http://l.cztvcloud.com/channels/lantian/SXwencheng1/720p.m3u8?fbl=,2.659,其它
文成新闻综合,http://l.cztvcloud.com/channels/lantian/SXwencheng1/720p.m3u8,6.749,其它
文成综合,http://l.cztvcloud.com/channels/lantian/SXwencheng1/720p.m3u8?zzhed?,7.907,其它
文登2|澜露直播,http://1.94.31.214/php/qilu.php?id=whwd2,12.387,其它
断了的弦,https://cfss.cc/api/kg/756412.mp4,8.424,其它
新上海滩,https://txmov2.a.kwimgs.com/upic/2021/12/28/15/BMjAyMTEyMjgxNTAwMjZfNDAzMDAxOTlfNjM2NzkwMDAxMTNfMF8z_b_Bcc430667a27fbeb6e41a7c69291fab1f.mp4,26.990,其它 SD（412条）
新乡县电视台,http://tvpull.dxhmt.cn:9081/tv/10721-1.m3u8?%E5%85%B3%E6%B3%A8%E5%BE%AE%E4%BF%A1%E5%85%AC%E4%BC%97%E5%8F%B7[%E6%99%B4%E5%9B%AD],13.480,其它
新乡县综合,http://tvpull.dxhmt.cn:9081/tv/10721-1.m3u8,11.579,其它
新加坡国际,https://d2e1asnsl7br7b.cloudfront.net/7782e205e72f43aeb4a48ec97f66ebbe/index_4.m3u8,2.656,其它
新县综合,http://tvpull.dxhmt.cn:9081/tv/11523-1.m3u8?%E5%85%B3%E6%B3%A8%E5%BE%AE%E4%BF%A1%E5%85%AC%E4%BC%97%E5%8F%B7[%E6%99%B4%E5%9B%AD],11.832,其它
新娘举刀吓坏李豁子,http://gcw.bdcdn.shoujiduoduo.com/v/201105/3e869cb57c096666978b871997e1781e.mp4,11.868,其它
新婚夜红灯亮鼓乐齐鸣-张晓红,http://gcw.bdcdn.shoujiduoduo.com/v/201113/680de1c6c1d7fdeac9c8f24a966cf008.mp4,15.215,其它
新安新闻综合,http://tvpull.dxhmt.cn:9081/tv/10323-1.m3u8,7.769,其它 SD（412条）
新安新闻综合,http://tvpull.dxhmt.cn:9081/tv/10323-1.m3u8?%E5%85%B3%E6%B3%A8%E5%BE%AE%E4%BF%A1%E5%85%AC%E4%BC%97%E5%8F%B7[%E6%99%B4%E5%9B%AD],17.933,其它 SD（412条）
新密新闻频道,http://tvpull.dxhmt.cn:9081/tv/10183-2.m3u8,12.983,其它 SD（412条）
新情歌DJ,https://vd3.bdstatic.com/mda-mkm49f32vcaf16y0/sc/cae_h264/1637551531193286304/mda-mkm49f32vcaf16y0.mp4,2.132,其它
新昌休闲影视 (1080p) [Not 24/7],https://l.cztvcloud.com/channels/lantian/SXxinchang2/720p.m3u8,2.871,其它 高清/HD（158条）
新昌新聞綜合 (1080p),http://l.cztvcloud.com/channels/lantian/SXxinchang1/720p.m3u8,11.091,其它 高清/HD（158条）
新昌新聞綜合 (1080p) [Not 24/7],https://l.cztvcloud.com/channels/lantian/SXxinchang1/720p.m3u8,2.694,其它 高清/HD（158条）
新歌DJ想你的心好苦,https://vd3.bdstatic.com/mda-nbh82mz7pqwck9kb/sc/bd265_cae_delogo/1645209735259425049/mda-nbh82mz7pqwck9kb.mp4,2.967,其它
新歌上线7首,https://vd2.bdstatic.com/mda-nc4fkdejg6k892tp/720p/h264_delogo/1646478313883739193/mda-nc4fkdejg6k892tp.mp4,2.639,其它
新歌推荐《今生的唯一》《今夜的雨是谁的眼泪》相当好听,https://vd2.bdstatic.com/mda-ndg6psg9zd12ihzs/1080p/cae_h264_delogo/1650236539803095703/mda-ndg6psg9zd12ihzs.mp4,2.483,其它
新歌推荐《梦中想着你》《惜别的海岸》好听醉人,https://vd2.bdstatic.com/mda-ndg53jbq7si8hftd/1080p/cae_h264_delogo/1650167662040039831/mda-ndg53jbq7si8hftd.mp4,2.266,其它
新歌来了《点燃一根烟》《雪花寄相思》优美歌声值得珍藏,https://vd4.bdstatic.com/mda-ndh6iph1cjnpbx5v/1080p/cae_h264_delogo/1650258726083919516/mda-ndh6iph1cjnpbx5v.mp4,2.277,其它
新泰乡村,http://1.94.31.214/php/qilu.php?id=taxtxc,8.492,其它
新狮王诞生记,http://newcntv.qcloudcdn.com/asp/hls/1200/0303000a/3/default/5e156f1734234e17ab0f6f87f2e7491b/1200.m3u8,3.546,其它
新疆TV1,http://110.153.180.106:55555/out_4/index.m3u8?zxinjd,10.822,其它
新疆卫视,http://124.93.18.239:9003/hls/50/index.m3u8,6.958,卫视 SD（632条）
新疆卫视,http://111.56.90.5/000000000000/1000000002000029441/index.m3u8,2.940,卫视 SD（632条）
新疆卫视,https://live.264788.xyz/channel/xinjiangweishi?streamid=bc5373f189ebbc7620c2a4aba9bdc2ec&livekey=01WgOR41rriMmMkzNsd0UoaxJRwetZdxIvtVk,10.593,其它
新疆卫视,http://111.56.90.5/000000000000/1000000002000029441/1.m3u8,3.051,其它
新疆卫视,http://111.56.90.5/000000000000/5802765535081445534/1.m3u8,2.579,其它
新疆卫视,http://111.56.90.5/000000000000/6986657152785429375/1.m3u8,2.689,其它
新疆卫视,https://live.264788.xyz/channel/xinjiangweishi?streamid=570125986bb42033088f88339c1bf28d&livekey=01WgOR41rriMmMkzNsd0UoaxJRwetZdxIvtVk,5.722,其它
新疆卫视,https://live.264788.xyz/channel/xinjiangweishi?streamid=4f481f56ae39ce5d24203471de9df635&livekey=01WgOR41rriMmMkzNsd0UoaxJRwetZdxIvtVk,6.947,其它
新疆卫视-3,http://120.70.60.179:9901/tsfile/live/1006_1.m3u8?key=txiptv&playlive=1&authid=0,5.390,卫视 SD（632条）
新疆卫视-5,http://120.70.60.179:9901/tsfile/live/1002_1.m3u8?key=txiptv&playlive=1&authid=0,3.790,卫视 SD（632条）
新疆可克达拉综合|澜露直播,http://test5.btzx.com.cn/live/kkdl.stream/playlist.m3u8,2.019,其它
新蔡综合,http://tvpull.dxhmt.cn:9081/tv/11729-1.m3u8?%E5%85%B3%E6%B3%A8%E5%BE%AE%E4%BF%A1%E5%85%AC%E4%BC%97%E5%8F%B7[%E6%99%B4%E5%9B%AD],13.829,其它
新蔡综合,http://tvpull.dxhmt.cn:9081/tv/11729-1.m3u8?zhend,9.741,其它
新郑综合频道,http://tvpull.dxhmt.cn:9081/tv/10184-1.m3u8,18.372,其它
新都电视台,http://115.29.208.41:34567/sccd.php?id=xd&kl=www.9kds.com,7.647,其它
新野综合,http://tvpull.dxhmt.cn:9081/tv/11329-1.m3u8?zhend?,9.617,其它
新野综合,http://tvpull.dxhmt.cn:9081/tv/11329-1.m3u8?zhend,17.973,其它
新野综合,http://tvpull.dxhmt.cn:9081/tv/11329-1.m3u8,11.882,其它
新闻综合,http://p2.vzan.com/slowlive/596867413819827251/live.m3u8,11.021,其它 SD（412条）
新闻频道移动,http://39.165.39.49:85/tsfile/live/1112_1.m3u8?key=txiptv&playlive=0&authid=0,2.067,其它 SD（412条）
方城|澜露直播,http://tvpull.dxhmt.cn:9081/tv/11322-1.m3u8,14.560,其它
方城一套,http://tvpull.dxhmt.cn:9081/tv/11322-1.m3u8?zhend,18.402,其它
方大同精选33首(1小时),https://www.iesdouyin.com/aweme/v1/playwm/?line=0&logo_name=aweme_diversion_search&ratio=720p&video_id=v0300fg10000cv2nd2nog65v744ae6i0,35.305,其它
方清平倪萍,http://uptt.gcwduoduo.com/v/191017/e72c99b584c26337138c62db14ca22f8.mp4,17.895,其它
无棣综合|澜露直播,http://43.138.196.212/q0l.php?id=bzwdzh,10.519,其它
无棣综合|澜露直播,http://1.94.31.214/php/qilu.php?id=bzwdzh,11.445,其它
无棣综艺|澜露直播,http://43.138.196.212/q0l.php?id=bzwdzy,12.520,其它
无棣综艺|澜露直播,http://1.94.31.214/php/qilu.php?id=bzwdzy,11.606,其它
无言感激DJ,https://www.iesdouyin.com/aweme/v1/playwm/?video_id=v0200fg10000ctqjasfog65pch7akso0&ratio=720p&line=0,42.884,其它
日韩舞曲DJ,https://vd4.bdstatic.com/mda-mknatf58h2evy18i/sc/cae_h264/1637653930525484478/mda-mknatf58h2evy18i.mp4,2.195,其它
旧日的足迹版,https://sns-video-default.xhscdn.com/stream/79/110/258/01e8c76cfbbc17c14f037001994b03cd07_258.mp4,16.972,其它
旧梦一场,https://alimov2.a.kwimgs.com/upic/2024/01/08/11/BMjAyNDAxMDgxMTA4MzRfMzM5Njk4MTMyNl8xMjE2MTA4MzA1NzVfMF8z_b_Bc4838009184d86069bda9e4bdb946dd5.mp4,17.590,其它
早期教育,https://live.264788.xyz/channel/cetvcece?streamid=6c11a112236acfa38832be78da543294&livekey=01WgOR41rriMmMkzNsd0UoaxJRwetZdxIvtVk,10.706,其它
早期教育,https://live.264788.xyz/channel/cetvcece?streamid=2c224135515a11c735f7351c17434a62&livekey=01WgOR41rriMmMkzNsd0UoaxJRwetZdxIvtVk,10.549,其它
旱季冒险故事,http://newcntv.qcloudcdn.com/asp/hls/1200/0303000a/3/default/ac505ca5d2d5469eb21448c300a8c16c/1200.m3u8,2.941,其它
旱季极限生存战,http://newcntv.qcloudcdn.com/asp/hls/1200/0303000a/3/default/1b750e952abb452c9f77d44f8d8bae17/1200.m3u8,2.824,其它
旺苍新闻综合,http://live.spccmc.com:90/live/spxwzh.m3u8?%E5%85%B3%E6%B3%A8%E5%BE%AE%E4%BF%A1%E5%85%AC%E4%BC%97%E5%8F%B7[%E6%99%B4%E5%9B%AD],3.190,其它
旺苍新闻综合|澜露直播,http://channel.wcrmt.cn:80/nmip-media/channellive/channel105268/playlist.m3u8,2.484,其它 SD（412条）
昌乐综合|澜露直播,http://43.138.196.212/q0l.php?id=wfclxw,9.902,其它
昌乐综合|澜露直播,http://1.94.31.214/php/qilu.php?id=wfclzh,10.606,其它
昌邑经济|澜露直播,http://1.94.31.214/php/qilu.php?id=wfcyjj,9.853,其它
昌黎综合频道,https://jwcdnqx.hebyun.com.cn/live/clzhpd/1500k/tzwj_video.m3u8,5.044,其它
明明就,https://cfss.cc/api/kg/596504.mp4,11.315,其它
明星大片,http://111.56.90.5/000000000000/1000000004000019008/index.m3u8,3.029,其它
易门综合,https://zb-live.ynurl.com/yimen/3b75a2f9-7941-46b7-992d-a9796fbca5fe.m3u8,2.328,其它
星光影院,http://111.56.90.5/000000000000/5000000011000288013/index.m3u8,3.173,其它
星城上街电视台,http://tvpull.dxhmt.cn:9081/tv/10106-1.m3u8,13.064,其它
星弟精选9首(半小时),https://www.iesdouyin.com/aweme/v1/playwm/?video_id=v0200fg10000c83jq9bc77ud2ru6t4n0&ratio=720p&line=0,3.874,其它
星晴,https://cfss.cc/api/kg/756472.mp4,8.360,其它
春晚2025,https://res.cctvnews.cctv.com/video/3005/record/cctv/merge1/133396667284143308839013005/8fbd6180bdef4da19f6155cf6b4652e1-4.m3u8,18.621,其它
昭通1|澜露直播,https://hwapi.yntv.net/ew265l/5fkqnm.m3u8,2.706,其它
昭通3|澜露直播,https://hwapi.yntv.net/9nwc4s/y7445b.m3u8,5.379,其它
晋剧大全-生宫,http://gcw.bdcdn.shoujiduoduo.com/v/190716/9f9632997c1ec3491b5b83b803256242.mp4,34.402,其它
晋剧打金枝-冀萍,http://gcw.bdcdn.shoujiduoduo.com/v/190904/84a445bcf317af09f66bf582065f2708.mp4,20.899,其它
晋剧打金枝-王爱爱,http://gcw.bdcdn.shoujiduoduo.com/v/190817/5c39eb0931ccee10c5f031c4a6395263.mp4,24.196,其它
晋剧折子戏武松打店,https://vdse.bdstatic.com//0855a1e48e701a11f89817dbd13b5762.mp4,2.535,其它
晋剧梵王宫选段-王爱爱刘雪梅,http://gcw.bdcdn.shoujiduoduo.com/v/190617/d81b7b3adaf01691f82d395275e2ae69.mp4,43.500,其它
普洱TV|澜露直播,https://zhibo.puerw.cn/puer/c752b300-602c-4083-8c5e-f6bb97b58f2d.m3u8,2.213,其它
普陀新闻综合,http://l.cztvcloud.com/channels/lantian/SXputuo1/720p.m3u8,8.887,其它
普陀电视台,https://l.cztvcloud.com/channels/lantian/SXputuo1/720p.m3u8,5.476,其它
晴天,https://cfss.cc/api/kg/117613.mp4,18.510,其它
晴彩广场舞,http://111.56.90.5/000000000000/3000000020000011524/index.m3u8,2.090,其它
晴彩竞技,http://111.56.90.5/000000000000/3000000020000011528/index.m3u8,2.069,其它
晴彩篮球,http://111.56.90.5/000000000000/3000000020000011529/index.m3u8,2.073,其它
晴彩青少,http://111.56.90.5/000000000000/3000000020000031315/index.m3u8,2.007,其它
暗号,https://cfss.cc/api/kg/60749.mp4,14.114,其它
曲剧-海连池《卷席筒》大老爷你稳坐在察院,http://gcw.bdcdn.shoujiduoduo.com/v/190511/4951d7d9e0b1a93c4fa696f45d5ac664.mp4,14.009,其它
曲剧_陈三两(孔素红146.56.144.225:50001陈三两漫步上公庭,http://gcw.bdcdn.shoujiduoduo.com/v/190710/916c9cf23da02dfea6e1bc13dd328bf6.mp4,6.856,其它
曲剧《五福临门》【全场】,http://gcw.bdcdn.shoujiduoduo.com/v/200302/3b18c2c8f578035387fc737d88dd8f9e.mp4,8.397,其它
曲剧《刘全进瓜》,http://gcw.bdcdn.shoujiduoduo.com/v/190920/bd1f1d3a930f50f5ffbed6792da7865a.mp4,12.384,其它
曲剧《刘公案》,http://gcw.bdcdn.shoujiduoduo.com/v/190429/2ef6445a1215cf06049cac61d72f201e.mp4,23.229,其它
曲剧《刘公案》选段,http://gcw.bdcdn.shoujiduoduo.com/v/201026/22e51c748600e5e42bc5a138c62c5160.mp4,6.753,其它
曲剧《包公辞朝》怒打王强-马遂合演唱,http://gcw.bdcdn.shoujiduoduo.com/v/191207/e3686f25f7c417454dbd2be4d0fbc87b.mp4,14.019,其它
曲剧《卷席筒》海连池、刘兰玉、马二章(79年舞台版146.56.144.225:50001,http://gcw.bdcdn.shoujiduoduo.com/v/190501/effda381decab3a9da4e1d8090de384a.mp4,7.710,其它
曲剧《哑女告状》完整版,http://gcw.bdcdn.shoujiduoduo.com/v/200608/7fcc1b27a03acfbf1b7b8379370387fa.mp4,8.948,其它
曲剧《四郎探母》,http://gcw.bdcdn.shoujiduoduo.com/v/190218/c981286b5772c5c5351b202973680264.mp4,12.665,其它
曲剧《四郎探母》,http://gcw.bdcdn.shoujiduoduo.com/v/191208/1aef74e8889ab9199f60927ac66b0885.mp4,13.820,其它
曲剧《李豁子做梦》,http://gcw.bdcdn.shoujiduoduo.com/v/191208/d1a3c9f90719f7eebdafd964b7bcb8f8.mp4,12.180,其它
曲剧《李豁子说媒》-_超清,http://gcw.bdcdn.shoujiduoduo.com/v/190325/3635fa4901fb8f63a26cf623a9c3c549.mp4,16.095,其它
曲剧《柜中缘》,http://gcw.bdcdn.shoujiduoduo.com/v/190224/a43970035d5ea22b1d9e0e7b60415bd4.mp4,10.081,其它
曲剧《楚山宝》,http://gcw.bdcdn.shoujiduoduo.com/v/191122/1ade9113a8bcc9385cc6e9df9871a27e.mp4,15.162,其它
曲剧《武家坡》全场,http://gcw.bdcdn.shoujiduoduo.com/v/191207/d25810bf3aa56d64dcfa0722c0682570.mp4,12.271,其它
曲剧《王华买爹》,http://gcw.bdcdn.shoujiduoduo.com/v/190902/19ce2ae8133857ae7ffc2dbe0c674a3b.mp4,19.679,其它
曲剧《秦香莲》方素珍、侯庆祥、李春景-河南省曲剧团,http://gcw.bdcdn.shoujiduoduo.com/v/190907/9de92127ec2567101234d761b31c1a66.mp4,15.256,其它
曲剧《红娘》曲剧名家刘青演唱,http://gcw.bdcdn.shoujiduoduo.com/v/201226/d0513575077086a2c479c2b06220e361.mp4,17.125,其它
曲剧《背靴访帅》,http://gcw.bdcdn.shoujiduoduo.com/v/200831/2d7d5874b132f83b8f6d7c2e24ee3cdf.mp4,13.374,其它
曲剧《荆钗记》,http://gcw.bdcdn.shoujiduoduo.com/v/190706/f24473d42d884882617f29ab1157b8ab.mp4,17.072,其它
曲剧《铡赵王》,http://gcw.bdcdn.shoujiduoduo.com/v/190924/93b9d37f2c7420477a1b082c77a06220.mp4,15.050,其它
曲剧《风雪配》选段,http://gcw.bdcdn.shoujiduoduo.com/v/190404/59e91848a56166a30a275089daf59b9a.mp4,8.397,其它
曲剧《风雪配》选段,http://gcw.bdcdn.shoujiduoduo.com/v/190315/5d17a97a41c3debe8551adc2928b1ed8.mp4,9.990,其它
曲剧《龙情》,http://gcw.bdcdn.shoujiduoduo.com/v/190213/83b5aee6b0ae5ea6e0951c9169838997.mp4,5.944,其它
曲剧【借簪子】全场,http://gcw.bdcdn.shoujiduoduo.com/v/190428/002d8daebc70bfbe6e809d28b55084af.mp4,10.667,其它
曲剧【赵氏孤儿】全场,http://gcw.bdcdn.shoujiduoduo.com/v/190325/870b319c7c76d1454305c961de3193d7.mp4,16.688,其它
曲剧下朝来一边走一边长叹李天方,http://gcw.bdcdn.shoujiduoduo.com/v/190718/664cfdec0eb7ae39b7ff5c3daab7729c.mp4,15.512,其它
曲剧全场戏【下陈州】上集★,http://gcw.bdcdn.shoujiduoduo.com/v/191207/33327eea240ea54022d0024e4c8c8454.mp4,14.132,其它
曲剧全集《惊蛰》-上集,http://gcw.bdcdn.shoujiduoduo.com/v/201105/8fb403bfce72a9ae63ec389b5c756092.mp4,7.959,其它
曲剧前日里咱的娘把药煎,http://gcw.bdcdn.shoujiduoduo.com/v/200618/f72a7218b1eded2f2b7bf043176f92a7.mp4,11.667,其它
曲剧十八哭-李天方,http://gcw.bdcdn.shoujiduoduo.com/v/190304/7dc7811188639217fb8299804021325f.mp4,10.280,其它
曲剧卷席筒海连池,http://gcw.bdcdn.shoujiduoduo.com/v/190527/315a044c2b9cf3a17e2b37ef09e21cd5.mp4,10.897,其它
曲剧卷席筒选段,http://gcw.bdcdn.shoujiduoduo.com/v/190203/578c5362ec8840f354a99196387f11d5.mp4,17.649,其它
曲剧名家李亚军、刘艳丽曲剧《寇准背靴》小花园送饭选段！,http://gcw.bdcdn.shoujiduoduo.com/v/200331/c24282ad8c68477224055f19d324b30e.mp4,9.443,其它
曲剧名家胡希华曲剧《李豁子我遭了啥罪》,http://gcw.bdcdn.shoujiduoduo.com/v/190711/123d9450d12ba8ac814e5842c1463256.mp4,15.399,其它
曲剧大全1,http://gcw.bdcdn.shoujiduoduo.com/v/191009/7d5524c35adc0763d87868a140b051be.mp4,8.849,其它
曲剧小折子《孤男寡女》李天方,http://gcw.bdcdn.shoujiduoduo.com/v/190706/3676c145c6f733a449f10d5bf1c6f500.mp4,8.603,其它
曲剧小段,http://gcw.bdcdn.shoujiduoduo.com/v/190513/4a77c50ae75a653dfbf5396f45c592e3.mp4,34.896,其它
曲剧李豁子离婚选段-李天方,http://gcw.bdcdn.shoujiduoduo.com/v/201115/66568433507300287649a7579cfe59d0.mp4,14.637,其它
曲剧李豁子说媒-李天方,http://gcw.bdcdn.shoujiduoduo.com/v/190218/94ace5d3a1f02e68621b32b0b3477b9f.mp4,11.704,其它
曲剧李豁子说媒-李天方毕松萍,http://gcw.bdcdn.shoujiduoduo.com/v/190404/fe8abd72959145ed7ca5b56342849b89.mp4,9.929,其它
曲剧桑林收子-张晓英,http://gcw.bdcdn.shoujiduoduo.com/v/190617/2282c7e70fc99fe1e7e065e32b1ab2b9.mp4,15.576,其它
曲剧海连池曲剧团《郭威反朝》03,http://gcw.bdcdn.shoujiduoduo.com/v/190225/9fbb0cb5e5338b29f6d9946fd7051adb.mp4,8.421,其它
曲剧秦香莲挂帅-上,http://gcw.bdcdn.shoujiduoduo.com/v/191122/98131f0938de177cb3ffbe7aa49f6632.mp4,8.703,其它
曲剧陈三两选段-鑫儿,http://gcw.bdcdn.shoujiduoduo.com/v/200304/aa62b08f4acc8ddb492fdc3f5b60bb06.mp4,13.091,其它
曲剧风雪配-刘艳丽演唱,http://gcw.bdcdn.shoujiduoduo.com/v/190702/3e371e8c94d2e1070319298ce2f9c2b7.mp4,19.374,其它
曲剧风雪配装箱-秦芳欣,http://gcw.bdcdn.shoujiduoduo.com/v/190613/1b015c533e065640f025f440158384ae.mp4,18.386,其它
曲剧：刘垒、郭晓晓、郭艺芳《吴汉杀妻》内录音（洛阳市新安县曲剧团）,http://gcw.bdcdn.shoujiduoduo.com/v/190213/bccccb0837a838d9996b9fae89e4d493.mp4,16.571,其它
曲阜新闻|澜露直播,http://1.94.31.214/php/qilu.php?id=jiqfxw,9.775,其它 SD（412条）
更新日期,https://gitlab.com/lr77/IPTV/-/raw/main/%E4%B8%BB%E8%A7%92.mp4,12.939,其它
更新时间2026.4.1,https://k0u3cydy43y9zw2408x8760xfx5xx9z.djvod.ndcimgs.com/upic/2026/03/07/21/BMjAyNjAzMDcyMTIyMzlfNDI0MDI5NTBfMTg5Nzk0ODUxNjg5XzFfMw==_b_Bc33d39ac3524c256f9ddabce4588794b.mp4,4.482,其它
曹县综合|澜露直播,http://43.138.196.212/q0l.php?id=hzcxxw,7.745,其它
曹县综合|澜露直播,http://1.94.31.214/php/qilu.php?id=hzcxzh,6.614,其它
最伟大的作品,https://cfss.cc/api/kg/6725099.mp4,8.606,其它
最新dj,https://vd2.bdstatic.com/mda-mm4dszarfc74t9mx/sc/cae_h264/1638819159347843097/mda-mm4dszarfc74t9mx.mp4,2.334,其它
最长的电影,https://cfss.cc/api/kg/756444.mp4,24.228,其它 SD（412条）
月下情缘,https://alimov2.a.kwimgs.com/upic/2022/05/30/05/BMjAyMjA1MzAwNTAzNTlfOTU2MzA3MDg4Xzc1NTcxNjI4NjcyXzJfMw==_b_Bd55404d325f7b6b4bdc799a6562adc7a.mp4,13.168,其它
月光瞑-蔡秋凤,http://txmov2.a.yximgs.com/upic/2020/11/25/15/BMjAyMDExMjUxNTQxMjRfMTU0MDc1NjUwOF8zOTc3MDYxOTQzOF8yXzM=_b_B5ef50d6b7967ca637b709b0bbd215806.mp4,28.416,其它
月老掉线,https://vd3.bdstatic.com/mda-nc348dse2t71m6az/1080p/cae_h264_delogo/1646365337334502921/mda-nc348dse2t71m6az.mp4,2.418,其它
本草纲目,https://cfss.cc/api/kg/756630.mp4,10.152,其它
朱建军,http://gcw.bdcdn.shoujiduoduo.com/v/190919/da08a93b8ec15e3054aab32464f849ee.mp4,16.866,其它
朴彩英/APT,https://www.iesdouyin.com/aweme/v1/playwm/?video_id=v02f52g10003css23uiljht5d6b6mnq0&ratio=720p&line=0,15.115,其它
权志龙精选19首(1小时),https://k0u6fy1dy17yc7z.djvod.ndcimgs.com/upic/2024/01/06/03/BMjAyNDAxMDYwMzM5NTZfNDQzMTI2Mjg0XzEyMTQzNzg5NTQzNl8yXzM=_b_Ba6909c68ab1c5217276621ad0a94c3ab.mp4,6.789,其它
李克勤-红日,https://www.iesdouyin.com/aweme/v1/playwm/?video_id=v0d00fg10000co87rbjc77ueeb2bpbbg&ratio=720p&line=0,2.275,其它
李克勤《2011香港小交响乐团演奏厅演唱会 完整版》,https://vd4.bdstatic.com/mda-pae4mwxatd5nz24c/576p/h264/1673753222612308469/mda-pae4mwxatd5nz24c.mp4,2.177,其它
李圣杰-痴心绝对,http://vodcdn.video.taobao.com/oss/ali-video/f2b27944f9960f3dbb2c6dd6c4679747/video.m3u8,2.817,其它
李天方夫妇演唱曲剧《苍娃找爹》就,http://gcw.bdcdn.shoujiduoduo.com/v/190624/0a20f9fccd7449afab722eed0ef0eedf.mp4,7.256,其它
李天方毕松萍夫妇演唱,http://gcw.bdcdn.shoujiduoduo.com/v/190419/9e086a2c7ef700f51bb480e522a947ae.mp4,17.346,其它
李天方演唱,http://gcw.bdcdn.shoujiduoduo.com/v/190609/6690ac91bca405dca8cada0ced8b054d.mp4,35.457,其它
李宇春《2018年 “流行”演唱会 北京站 完整版》,https://vd4.bdstatic.com/mda-pa6ai2q6tnihvw1a/576p/h264/1673076887061763198/mda-pa6ai2q6tnihvw1a.mp4,2.131,其它
李宗盛《2006理性与感性演唱会 完整版》,https://vd4.bdstatic.com/mda-pb24ivm6mtvf47cw/hd/cae_h264/1675401338311630042/mda-pb24ivm6mtvf47cw.mp4,2.239,其它
李沧|澜露直播,http://43.138.196.212/q0l.php?id=qdlc,5.283,其它
李沧|澜露直播,http://1.94.31.214/php/qilu.php?id=qdlc,5.547,其它
李玖哲-夏天,https://www.iesdouyin.com/aweme/v1/play/?video_id=v0200fg10000cjhde3fog65upiashhr0&ratio=720p&line=0,7.284,其它
李玖哲-夏天,https://www.iesdouyin.com/aweme/v1/playwm/?video_id=v0200fg10000cjhde3fog65upiashhr0&ratio=720p&line=0,7.183,其它
杜德伟-情人,http://vdown.kuwo.cn:80/resource/t4/59/86/iXqIb2KOC3M.mp4,18.129,其它
杞县新闻综合,http://tvpull.dxhmt.cn:9081/tv/10221-1.m3u8,13.599,其它
来到这个美丽的世界(上),http://newcntv.qcloudcdn.com/asp/hls/1200/0303000a/3/default/003d910853de498299eb47d7d8a2eedf/1200.m3u8,3.945,其它
来到这个美丽的世界(下),http://newcntv.qcloudcdn.com/asp/hls/1200/0303000a/3/default/9323ea96cf6a47afaf798fca6d9411e6/1200.m3u8,3.577,其它
杨丞琳-暧昧,https://www.iesdouyin.com/aweme/v1/play/?video_id=v0200fg10000cncatmbc77ufr0d46jsg&ratio=720p&line=0,2.897,其它
杨丞琳-暧昧,https://www.iesdouyin.com/aweme/v1/playwm/?video_id=v0200fg10000cncatmbc77ufr0d46jsg&ratio=720p&line=0,4.392,其它
杨丞琳-雨爱,https://www.iesdouyin.com/aweme/v1/play/?video_id=v0300fg10000c25llp3c77uemntbq6o0&ratio=720p&line=0,2.646,其它
杨丞琳-雨爱,https://www.iesdouyin.com/aweme/v1/playwm/?video_id=v0300fg10000c25llp3c77uemntbq6o0&ratio=720p&line=0,16.681,其它
杨丞琳精选30首(2小时),https://txmov2.a.kwimgs.com/upic/2020/09/20/20/BMjAyMDA5MjAyMDAyMDdfODI4NTk1NTQ0XzM2MzcyMzIwMzYzXzJfMw==_b_B8aa481540d89fe5ec2b3507f8209c663.mp4?tag=1-1750931214-std-1-wz3snqjkat-8298da1fe959ffc7&clientCacheKey=3x8t5k75nb5mzyc_b.mp4&tt=b&di=739f67b1&bp=12681&ali_redirect_ex_hot=66666800&ali_redirect_ex_beacon=1,12.776,其它
杨千嬅-可惜我是水瓶座,https://www.iesdouyin.com/aweme/v1/play/?video_id=v0300fg10000ce88qmbc77uem4d0e4bg&ratio=720p&line=0,4.692,其它
杨千嬅-可惜我是水瓶座,https://www.iesdouyin.com/aweme/v1/playwm/?video_id=v0300fg10000ce88qmbc77uem4d0e4bg&ratio=720p&line=0,5.552,其它
杨千嬅-处处吻,https://www.iesdouyin.com/aweme/v1/play/?video_id=v0300fg10000crdghifog65nm151qkh0&ratio=720p&line=0,6.428,其它
杨千嬅-处处吻,https://www.iesdouyin.com/aweme/v1/playwm/?video_id=v0300fg10000crdghifog65nm151qkh0&ratio=720p&line=0,6.212,其它
杨千嬅-少年的祈祷,https://www.iesdouyin.com/aweme/v1/play/?video_id=v0200fg10000c5ju2krc77u41p3mgv50&ratio=720p&line=0,4.131,其它
杨千嬅-少年的祈祷,https://www.iesdouyin.com/aweme/v1/playwm/?video_id=v0200fg10000c5ju2krc77u41p3mgv50&ratio=720p&line=0,3.327,其它
杨千嬅-野孩子,https://www.iesdouyin.com/aweme/v1/play/?video_id=v0200fg10000co0lujbc77ub5fefi6p0&ratio=720p&line=0,38.769,其它
杨千嬅-野孩子,https://www.iesdouyin.com/aweme/v1/playwm/?video_id=v0200fg10000co0lujbc77ub5fefi6p0&ratio=720p&line=0,22.552,其它
杨红梅嗓音太棒了,http://gcw.bdcdn.shoujiduoduo.com/v/200320/4f229afb544e1b90383d1ee58069a816.mp4,11.170,其它
松潘新闻综合,http://live.spccmc.com:90/live/spxwzh.m3u8,5.226,其它
松阳综合,http://l.cztvcloud.com/channels/lantian/SXsongyang1/720p.m3u8?zzhed?,15.573,其它
松阳综合,http://l.cztvcloud.com/channels/lantian/SXsongyang1/720p.m3u8?%E5%85%B3%E6%B3%A8%E5%BE%AE%E4%BF%A1%E5%85%AC%E4%BC%97%E5%8F%B7[%E6%99%B4%E5%9B%AD],2.890,其它
松阳综合频道,http://l.cztvcloud.com/channels/lantian/SXsongyang1/720p.m3u8?zzhed,3.025,其它
林俊杰-Always Online,https://www.iesdouyin.com/aweme/v1/playwm/?video_id=v0300fg10000ck65c1rc77ucdedd9tpg&ratio=720p&line=0,25.406,其它
林俊杰-修炼爱情,https://www.iesdouyin.com/aweme/v1/playwm/?video_id=v0200fg10000chdi71rc77u1eim5a4t0&ratio=720p&line=0,28.544,其它
林俊杰-她说,https://www.iesdouyin.com/aweme/v1/playwm/?video_id=v0200fg10000c7kn4r3c77u8dq4r1vo0&ratio=720p&line=0,11.962,其它
林俊杰-江南,https://www.iesdouyin.com/aweme/v1/playwm/?video_id=v0300fg10000c8t5ac3c77u822ppftmg&ratio=720p&line=0,45.710,其它
林俊杰精选81首(5小时),https://txmov2.a.kwimgs.com/upic/2024/01/09/12/BMjAyNDAxMDkxMjA2MDdfMzQ4MzI0MjA1OF8xMjE2Nzg4Mjk4NTZfMF8z_b_Bc9f7d3b0c4b69136e61d8328a8538bd2.mp4?clientCacheKey=3xajh8b4u5j6uva_b.mp4,9.876,其它
林奕匡-高山低谷,https://www.iesdouyin.com/aweme/v1/play/?video_id=v0200fg10000cms7f7nog65tv408a84g&ratio=720p&line=0,8.713,其它
林子祥-男儿当自强,https://www.iesdouyin.com/aweme/v1/play/?video_id=v0300f4a0000bt4chkq5lp9jpvrs4u0g&ratio=720p&line=0,2.202,其它
林子祥-男儿当自强,https://www.iesdouyin.com/aweme/v1/playwm/?video_id=v0300f4a0000bt4chkq5lp9jpvrs4u0g&ratio=720p&line=0,2.079,其它
林峯-爱不疚,https://www.iesdouyin.com/aweme/v1/play/?video_id=v0200fg10000cbi9p5rc77u8fordilm0&ratio=720p&line=0,19.012,其它
林峯-爱不疚,https://www.iesdouyin.com/aweme/v1/playwm/?video_id=v0200fg10000cbi9p5rc77u8fordilm0&ratio=720p&line=0,15.920,其它
林峯-爱在记忆中找你,https://www.iesdouyin.com/aweme/v1/play/?video_id=v0200fg10000cbidlubc77u4luk3uth0&ratio=720p&line=0,11.072,其它
林峯-爱在记忆中找你,https://www.iesdouyin.com/aweme/v1/playwm/?video_id=v0200fg10000cbidlubc77u4luk3uth0&ratio=720p&line=0,14.004,其它
林峯/泳儿-明天以后,https://www.iesdouyin.com/aweme/v1/play/?video_id=v0200fg10000clg15bnog65otdhtama0&ratio=720p&line=0,20.946,其它
林峯/泳儿-明天以后,https://www.iesdouyin.com/aweme/v1/playwm/?video_id=v0200fg10000clg15bnog65otdhtama0&ratio=720p&line=0,5.572,其它
林州综合,http://tvpull.dxhmt.cn:9081/tv/10581-1.m3u8,11.204,其它
林忆莲-假如让你吻下去,https://www.iesdouyin.com/aweme/v1/play/?video_id=v0300fg10000cm13h63c77u825g1pq90&ratio=720p&line=0,18.142,其它
林忆莲-假如让你吻下去,https://www.iesdouyin.com/aweme/v1/playwm/?video_id=v0300fg10000cm13h63c77u825g1pq90&ratio=720p&line=0,20.439,其它
林忆莲精选57首(4小时),https://k0ub7yffy10yez.djvod.ndcimgs.com/upic/2024/01/16/07/BMjAyNDAxMTYwNzEzNTNfODI4NTk1NTQ0XzEyMjIyODI2OTMyM18yXzM=_b_B358e6b1dbf7db9a80ffc4f82cee98a4e.mp4,4.495,其它
林翠萍經典情歌《相思豆》F,https://vdse.bdstatic.com//986498bb0ccd2114ba1274df22fae332.mp4,2.952,其它
林间潜伏,http://newcntv.qcloudcdn.com/asp/hls/1200/0303000a/3/default/922b142fef9443218be5eaf44df0b397/1200.m3u8,2.370,其它
林韵乔/叶梓晴-机场北,https://www.iesdouyin.com/aweme/v1/play/?video_id=v0200fg10000cp32qpjc77uf5eu3igtg&ratio=720p&line=0,37.683,其它
林韵乔/叶梓晴-机场北,https://www.iesdouyin.com/aweme/v1/playwm/?video_id=v0200fg10000cp32qpjc77uf5eu3igtg&ratio=720p&line=0,17.943,其它
枫,https://cfss.cc/api/kg/2808.mp4,8.205,其它
栖霞综合|澜露直播,http://43.138.196.212/q0l.php?id=ytqxzh,5.573,其它
栖霞综合|澜露直播,http://1.94.31.214/php/qilu.php?id=ytqxzh,6.875,其它
栖霞苹果|澜露直播,http://1.94.31.214/php/qilu.php?id=ytqxpg,4.773,其它
栖霞苹果|澜露直播,http://43.138.196.212/q0l.php?id=ytqxpg,4.935,其它
栾川新闻频道,http://tvpull.dxhmt.cn:9081/tv/10324-1.m3u8,10.023,其它
桓台影视|澜露直播,http://1.94.31.214/php/qilu.php?id=zbht2,4.840,其它
桓台影视|澜露直播,http://43.138.196.212/q0l.php?id=zbht2,4.549,其它
桓台综合|澜露直播,http://1.94.31.214/php/qilu.php?id=zbht1,5.063,其它
桓台综合|澜露直播,http://43.138.196.212/q0l.php?id=zbht1,5.403,其它
梁咏琪-灰姑娘,https://www.iesdouyin.com/aweme/v1/play/?video_id=v0300fg10000c3r9krjc77u4v5e0hcig&ratio=720p&line=0,7.004,其它
梁咏琪-灰姑娘,https://www.iesdouyin.com/aweme/v1/playwm/?video_id=v0300fg10000c3r9krjc77u4v5e0hcig&ratio=720p&line=0,31.188,其它
梁咏琪/李荣浩-紫荆花盛开,https://www.iesdouyin.com/aweme/v1/play/?video_id=v0d00fg10000cs9se97og65n0tue68vg&ratio=720p&line=0,10.223,其它
梁咏琪/李荣浩-紫荆花盛开,https://www.iesdouyin.com/aweme/v1/playwm/?video_id=v0d00fg10000cs9se97og65n0tue68vg&ratio=720p&line=0,9.935,其它
梁山综合|澜露直播,http://43.138.196.212/q0l.php?id=jilszh,8.414,其它
梁山综合|澜露直播,http://1.94.31.214/php/qilu.php?id=jilszh,8.381,其它
梁静茹-没有如果,https://www.iesdouyin.com/aweme/v1/play/?video_id=v0300fg10000crofuu7og65j64cj0thg&ratio=720p&line=0,25.901,其它
梁静茹-没有如果,https://www.iesdouyin.com/aweme/v1/playwm/?video_id=v0300fg10000crofuu7og65j64cj0thg&ratio=720p&line=0,8.077,其它
梁静茹精选40首(2小时),https://txmov2.a.kwimgs.com/upic/2023/08/06/13/BMjAyMzA4MDYxMzA3MTVfODM0NDUzMTQ2XzEwOTgwOTYwMjQ1OV8wXzM=_b_Bd9c215cb7ac961de3d5db54cb7bffed6.mp4,7.126,其它
梦中情人-林乔安,http://txmov2.a.yximgs.com/upic/2020/11/08/21/BMjAyMDExMDgyMTAwMTNfMTU0MDc1NjUwOF8zODk0OTg4ODcxN18yXzM=_b_B5faf49255e0be7fc042ea521c28a458e.mp4,34.518,其它
梨园,https://dxtx.hntv.tv/live/lypd.m3u8?txSecret=10c771842a0be59e8b575d765173ec96&txTime=7B923E0A&wsSecret=41543190cdf375f1c73207222bb96542&wsTime=1769313549,5.064,其它
梨园春版方素珍,http://gcw.bdcdn.shoujiduoduo.com/v/190822/5668e504ad82c60607d315479d821990.mp4,37.328,其它
棋逢对手,http://newcntv.qcloudcdn.com/asp/hls/1200/0303000a/3/default/3d515f3011c64797ae15bf36c639cb49/1200.m3u8,3.232,其它
棕熊把守的水上要塞(上),http://newcntv.qcloudcdn.com/asp/hls/1200/0303000a/3/default/50590d053a2245428391323902e07d0e/1200.m3u8,2.313,其它
棕熊把守的水上要塞(下),http://newcntv.qcloudcdn.com/asp/hls/1200/0303000a/3/default/bb2341e42865439eaed4502fcc736ea5/1200.m3u8,3.643,其它
棕熊捕鱼季(上),http://newcntv.qcloudcdn.com/asp/hls/1200/0303000a/3/default/1ef91cb6079d46ccb9a62f046739d5c8/1200.m3u8,2.864,其它
棕熊的捕鱼生活(上),http://newcntv.qcloudcdn.com/asp/hls/1200/0303000a/3/default/388d46918ea34570a3fed5f5ceb393ee/1200.m3u8,2.185,其它
棕熊的捕鱼生活(下),http://newcntv.qcloudcdn.com/asp/hls/1200/0303000a/3/default/09def25492254217aba438e7403741e2/1200.m3u8,2.009,其它
森林是我家1,http://newcntv.qcloudcdn.com/asp/hls/1200/0303000a/3/default/c105c056c3f744baa49ce0b8b39c1f3b/1200.m3u8,3.149,其它
森林是我家2,http://newcntv.qcloudcdn.com/asp/hls/1200/0303000a/3/default/63bb582977074c57a127eaca9d954154/1200.m3u8,2.815,其它
森林是我家3,http://newcntv.qcloudcdn.com/asp/hls/1200/0303000a/3/default/14b683f0668f404a9bb8ea74d14c5c8e/1200.m3u8,2.561,其它
植物王国漫游记,http://newcntv.qcloudcdn.com/asp/hls/1200/0303000a/3/default/508b9a0c8be74d89a431b24114c91faa/1200.m3u8,3.187,其它
植物王国漫游记,http://newcntv.qcloudcdn.com/asp/hls/1200/0303000a/3/default/fa3ad43978014ff4b64b4bff8914116c/1200.m3u8,3.111,其它
楚雄综合|澜露直播,https://hwapi.yntv.net/ew265l/848y54.m3u8,3.325,其它
模特DJ,http://gcw.bdcdn.shoujiduoduo.com/201805/0247-477.mp4,120.367,其它
欢乐剧场,http://111.56.90.5/000000000000/1000000005000266012/index.m3u8,2.997,其它
欢笑剧场4K,https://live.264788.xyz/channel/huanxiaojuchang4k?streamid=c74f322efa6c238fc535a83f14f86677&livekey=01WgOR41rriMmMkzNsd0UoaxJRwetZdxIvtVk,10.408,其它
欢笑剧场4K,https://live.264788.xyz/channel/huanxiaojuchang4k?streamid=3f4d4c40dbf41fd4a37dfa73878e39e1&livekey=01WgOR41rriMmMkzNsd0UoaxJRwetZdxIvtVk,7.274,其它
欢笑剧场4K,https://live.264788.xyz/channel/huanxiaojuchang4k?streamid=cbedb39bb41035264ac140fba7a43073&livekey=01WgOR41rriMmMkzNsd0UoaxJRwetZdxIvtVk,6.644,其它
欢笑剧场4K,https://live.264788.xyz/channel/huanxiaojuchang4k?streamid=9ca725ba158e786e5bc6f2bbdcc209bf&livekey=01WgOR41rriMmMkzNsd0UoaxJRwetZdxIvtVk,4.120,其它
歌MV,http://vd4.bdstatic.com/mda-ickhjq8gkcxz55i1/sc/mda-ickhjq8gkcxz55i1.mp4,2.155,其它
歌MV2,http://vd4.bdstatic.com/mda-ihkwerpgqm1v3ehy/sc/mda-ihkwerpgqm1v3ehy.mp4,2.191,其它
歌MV3,http://vd4.bdstatic.com/mda-jhid37v9u4vny09j/sc/mda-jhid37v9u4vny09j.mp4,2.039,其它
歌曲《等风等雨不如等你》《人生匆匆有几何》《想你时候问月亮》,https://vd2.bdstatic.com/mda-ndc5crm9gba2yph5/1080p/cae_h264_delogo/1649823066739772202/mda-ndc5crm9gba2yph5.mp4,3.203,其它
歙县综合,https://ahlive.ahwanyun.cn/live/09c5ad9fdb8a44fbaf152b03f8402589/hls.m3u8,3.335,其它
歡喜就好,http://vdown.kuwo.cn:80/resource//t4/33/65/I4Vpjif2dxY.mp4,9.679,其它
此生过半,https://alimov2.a.kwimgs.com/upic/2023/12/15/15/BMjAyMzEyMTUxNTE5MjRfMzM5Njk4MTMyNl8xMTk2OTMxMDI2NDJfMF8z_b_B0799a12d42e3cfae45d5d8de022528b3.mp4,11.798,其它
武义新闻综合,http://l.cztvcloud.com/channels/lantian/SXwuyi1/720p.m3u8?zzhed\r\n,6.014,其它
武乡新闻综合,http://uzoiczhh.live.sxmty.com/live/hls/0d41f1480c4042d49927858f01fde707/53130407737b417b9a6259b57246bae3.m3u8?zshanxd,5.359,其它
武乡新闻综合1,http://60.220.198.84:81/0.m3u8,3.238,其它 SD（412条）
武乡新闻综合2,http://uzoiczhh.live.sxmty.com/live/hls/0d41f1480c4042d49927858f01fde707/53130407737b417b9a6259b57246bae3.m3u8,5.700,其它 SD（412条）
武侯电视台,http://115.29.208.41:34567/sccd.php?id=wh&kl=www.9kds.com,12.466,其它
武城综合|澜露直播,http://1.94.31.214/php/qilu.php?id=dzwczh,3.000,其它
武城综合|澜露直播,http://43.138.196.212/q0l.php?id=dzwcxw,3.824,其它
武城综艺|澜露直播,http://1.94.31.214/php/qilu.php?id=dzwczy,5.360,其它
武城综艺影视|澜露直播,http://43.138.196.212/q0l.php?id=dzwczy,6.109,其它
武搏世界,http://111.56.90.5/000000000000/bokesen/index.m3u8,2.965,其它
武林外传,https://lvbdcdncmn.inter.71edge.com/tslive/l1/c52_lb_553_300_t10/I67sb6wvoWaxfjPEdSuB8xyBShFln4Poub7LGIzPt5oGLcKaLXD21aR_t20nEIxJFmaf_i6EYQ77gA-gLJ3xOTtq6K7hpgCREwLfbuNMXruJdFta9-ai9bYk4cTMbhQgRh9SCkE3yt46X4E0qOVADDdga3TMRSLnFscFYr-_s4Sd2sgykmnFa4-hdgX9599FiW_RX5VYGH9B1jyj748_CAu4VgqqTDwxUx8w556tCWY7mlb1r84RWuip72e4H8-HkUuBUoFeD4aw9m1HOUfgwx7ixDqJUFOmq9F-LeKLTZ2Ap6fobRuaUiaSqHsCWvuy9XWe5KWBiZv6bUJ8oAuqkA/1a6758d872929c8d41a7629db52a831f7/c52_lb_553_300_t10.m3u8?key=0baa5db205ac0d29618a2e8d7964b7e4e&dis_t=1752408084&uuid=6f1d53dc-6873a014-459&qdpv=3&qd_bid=1&qd_sft=0&pv=0.1&cpt=0,2.085,其它
武陟新闻综合,http://tvpull.dxhmt.cn:9081/tv/10823-1.m3u8,10.007,其它
母爱之路,http://newcntv.qcloudcdn.com/asp/hls/1200/0303000a/3/default/115d481467e04333be047fcebf482b3e/1200.m3u8,2.704,其它
母爱的呵护,http://newcntv.qcloudcdn.com/asp/hls/1200/0303000a/3/default/a6ec4d0475e1453e8ede023e346c2350/1200.m3u8,2.916,其它
毛县令办案-潘长江,http://uptt.gcwduoduo.com/v/190528/c0e9a77c5162d1143e596943f25bf04a.mp4,20.512,其它
毛宁《涛声依旧》《晚秋》《心雨》《春风吻上我的脸》《大中国》,https://vdse.bdstatic.com//21736d388636d7648510b2a36fc7cbfd.mp4,3.071,其它
水牛与狮子的争战,http://newcntv.qcloudcdn.com/asp/hls/1200/0303000a/3/default/d1e0dc98b1374b43b157bf82eebc6d09/1200.m3u8,2.651,其它
水牛向前冲(下),http://newcntv.qcloudcdn.com/asp/hls/1200/0303000a/3/default/bda4b441c07e40cb8a418381d0506c80/1200.m3u8,2.523,其它
水獭奇缘,http://newcntv.qcloudcdn.com/asp/hls/1200/0303000a/3/default/da2d147b25404552b118111dd52d7a25/1200.m3u8,3.358,其它
水豚爱湿地,http://newcntv.qcloudcdn.com/asp/hls/1200/0303000a/3/default/c7488fc3bed341ad827c054d3ec7e62d/1200.m3u8,2.297,其它
永嘉新闻综合,http://l.cztvcloud.com/channels/lantian/SXyongjia1/720p.m3u8,12.121,其它
永嘉新闻综合,http://l.cztvcloud.com/channels/lantian/SXyongjia1/720p.m3u8?zzhed&quot;,5.892,其它 SD（412条）
永城综合,http://tvpull.dxhmt.cn:9081/tv/11481-1.m3u8,9.111,其它
汉源|澜露直播,https://m3u8channel-hy.yunxya.com/nmip-media/channellive/channel104355/playlist.m3u8,6.271,其它
汕头1电信,http://gdczdx.sohu.blog:202/tsfile/live/1000_1.m3u8?key=txiptv&playlive=1&down=1,2.639,其它
汕头2,http://gdczdx.sohu.blog:202/tsfile/live/1001_1.m3u8?key=txiptv&playlive=1&down=1,2.052,其它
汕头2电信,http://129.211.14.102:25000/gdst.php?id=st2&token=www.9kds.com,28.870,其它
汕头金平区小公园亭,https://media9.vgmcc.com:5161/HLS/live/MT_20241202094012286lr7GJHYcdI4p/index.m3u8?encrypt=tPNUT0JhkzI7vlNBYoVtcA&expires=1739424841,2.315,其它
汝阳新闻综合,http://tvpull.dxhmt.cn:9081/tv/10326-1.m3u8,9.385,其它
江川|澜露直播,https://zb-live.ynurl.com/jiangchuan/ad8dc86f-f35a-4203-85f0-dfd0eef52d18.m3u8,4.354,其它
江苏|句容党建频道,http://jrlive.jrntv.com/live/_definst_/dangjians/playlist.m3u8,2.036,其它 SD（412条）
江苏|句容生活,http://jrlive.jrntv.com/live/_definst_/shenghuos/playlist.m3u8,3.060,其它 SD（412条）
江苏|宜兴新闻综合,http://yixing-tv-ori-hls.jstv.com/yixing-tv-ori/yixing_xw.m3u8,7.459,其它 SD（412条）
江苏|常州金坛,http://jintan-tv-ori-hls.jstv.com/jintan-tv-ori/jintan_xw.m3u8,5.068,其它 SD（412条）
江苏|睢宁三农,http://suining-tv-hls.cm.jstv.com/suining-tv/suiningsn.m3u8,2.340,其它 SD（412条）
江苏|睢宁综合频道,http://suining-tv-hls.cm.jstv.com/suining-tv/suiningzh.m3u8,4.076,其它 SD（412条）
江苏卫视,http://223.95.198.3:8000/hls/28/index.m3u8,7.374,卫视 SD（632条）
江苏卫视,http://124.93.18.239:9003/hls/30/index.m3u8,6.659,卫视 SD（632条）
江苏卫视,http://61.178.227.57:9901/tsfile/live/0127_1.m3u8?key=txiptv&playlive=1&authid=0,6.269,卫视 SD（632条）
江苏卫视,http://183.223.157.33:9901/tsfile/live/0127_1.m3u8?key=txiptv&playlive=1&authid=0,4.536,卫视 SD（632条）
江苏卫视,http://61.178.227.57:9901/tsfile/live/0127_1.m3u8?key=txiptv&amp;playlive=1&amp;authid=0,5.896,卫视 SD（632条）
江苏卫视,http://114.241.111.4:85/tsfile/live/32/1032_1.m3u8?key=txiptv,4.965,卫视 SD（632条）
江苏卫视,http://111.56.90.5/000000000000/5000000004000019351/index.m3u8,2.225,卫视 SD（632条）
江苏卫视,http://27.129.145.110:4433/hls/25/index.m3u8,7.048,其它
江苏卫视,http://nn.7x9d.cn/mk.php?ip=118.212.78.74:8014&id=jsws,6.859,其它
江苏卫视,https://live.264788.xyz/channel/jiangsuweishi?streamid=2e3c19907f83ee49962e7a3b1db2c093&livekey=01WgOR41rriMmMkzNsd0UoaxJRwetZdxIvtVk,9.408,其它
江苏卫视,https://live.264788.xyz/channel/jiangsuweishi?streamid=01b71cbe218e3ae09ceb25b64aec1f33&livekey=01WgOR41rriMmMkzNsd0UoaxJRwetZdxIvtVk,7.978,其它
江苏卫视,http://111.56.90.5/000000000000/6000000001000014861/1.m3u8,3.154,其它
江苏卫视,http://111.56.90.5/000000000000/1000000005000265030/1.m3u8,3.031,其它
江苏卫视,http://111.56.90.5/000000000000/1000000001000001828/1.m3u8,3.102,其它
江苏卫视,https://live.264788.xyz/channel/jiangsuweishi?streamid=430ccd55b3374b7e3ccc7388e90566c8&livekey=01WgOR41rriMmMkzNsd0UoaxJRwetZdxIvtVk,7.637,其它
江苏卫视,https://live.264788.xyz/channel/jiangsuweishi?streamid=a94278eea34cd01c27cbaca9f3c6e967&livekey=01WgOR41rriMmMkzNsd0UoaxJRwetZdxIvtVk,11.150,其它
江苏卫视,https://live.264788.xyz/channel/jiangsuweishi?streamid=1f708c4111f88ab499c8ef73b9f30902&livekey=01WgOR41rriMmMkzNsd0UoaxJRwetZdxIvtVk,10.801,其它
江苏卫视 超清,http://114.241.111.4:85/tsfile/live/27/1027_1.m3u8?key=txiptv,2.790,卫视 SD（632条）
江苏卫视-高清,http://114.241.111.4:85/tsfile/live/28/1028_1.m3u8?key=txiptv,3.887,卫视 高清/HD（33条）
江苏卫视4K,https://live.264788.xyz/channel/jiangsuweishi4k?streamid=375dbc290331f86f70689c85cd16e1eb&livekey=01WgOR41rriMmMkzNsd0UoaxJRwetZdxIvtVk,8.100,其它
江苏卫视4K,https://live.264788.xyz/channel/jiangsuweishi4k?streamid=306fa7c5a3bb1b091331de3a638c01b0&livekey=01WgOR41rriMmMkzNsd0UoaxJRwetZdxIvtVk,10.478,其它
江西卫视,http://223.95.198.3:8000/hls/40/index.m3u8,7.137,卫视 SD（632条）
江西卫视,http://114.241.111.4:85/tsfile/live/37/1037_1.m3u8?key=txiptv,4.247,卫视 SD（632条）
江西卫视,http://124.93.18.239:9003/hls/39/index.m3u8,6.510,卫视 SD（632条）
江西卫视,http://111.56.90.5/000000000000/5000000001000032154/index.m3u8,2.861,卫视 SD（632条）
江西卫视,http://61.178.227.57:9901/tsfile/live/0138_1.m3u8?key=txiptv&amp;playlive=1&amp;authid=0,5.404,卫视 SD（632条）
江西卫视,http://61.178.227.57:9901/tsfile/live/0138_1.m3u8?key=txiptv&playlive=1&authid=0,5.142,卫视 SD（632条）
江西卫视,http://112.27.235.94:8000/hls/44/index.m3u8,4.558,卫视 SD（632条）
江西卫视,http://27.129.145.110:4433/hls/36/index.m3u8,7.322,其它
江西卫视,http://nn.7x9d.cn/mk.php?ip=118.212.78.74:8014&id=jxws,8.374,其它
江西卫视,https://live.264788.xyz/channel/jiangxiweishi?streamid=555198f31caa33506ac6abb70d788959&livekey=01WgOR41rriMmMkzNsd0UoaxJRwetZdxIvtVk,8.385,其它
江西卫视,http://111.56.90.5/000000000000/1000000005000265032/1.m3u8,2.995,其它
江西卫视,http://111.56.90.5/000000000000/1000000001000013731/1.m3u8,3.004,其它
江西卫视,http://111.56.90.5/000000000000/1000000006000268001/1.m3u8,3.133,其它
江西卫视,https://live.264788.xyz/channel/jiangxiweishi?streamid=65a917f4459d3103a6965af98b2a6272&livekey=01WgOR41rriMmMkzNsd0UoaxJRwetZdxIvtVk,4.917,其它
江西卫视,http://111.56.90.5/000000000000/5000000004000011210/1.m3u8,2.221,其它
江西卫视,https://live.264788.xyz/channel/jiangxiweishi?streamid=d954813b7f590cc97b38a2835158d960&livekey=01WgOR41rriMmMkzNsd0UoaxJRwetZdxIvtVk,8.044,其它
江西卫视,https://live.264788.xyz/channel/jiangxiweishi?streamid=2edc93d44f6405ce3dc9d315ba6b4e5b&livekey=01WgOR41rriMmMkzNsd0UoaxJRwetZdxIvtVk,6.487,其它
江西卫视,https://live.264788.xyz/channel/jiangxiweishi?streamid=4a6eec625aac2ea37719b063f81d43b8&livekey=01WgOR41rriMmMkzNsd0UoaxJRwetZdxIvtVk,9.646,其它
江语晨-最后一页,https://www.iesdouyin.com/aweme/v1/play/?video_id=v0300fg10000cn5q3rbc77ubqm4m4jsg&ratio=720p&line=0,29.771,其它
江语晨-浪漫爱,https://www.iesdouyin.com/aweme/v1/play/?video_id=v0300fd80000bqt2lkroe0ndof6sf6d0&ratio=720p&line=0,11.363,其它
江语晨-浪漫爱,https://www.iesdouyin.com/aweme/v1/playwm/?video_id=v0300fd80000bqt2lkroe0ndof6sf6d0&ratio=720p&line=0,11.766,其它
汤阴综合,http://tvpull.dxhmt.cn:9081/tv/10523-1.m3u8,5.982,其它
汪苏泷精选20首(1小时),https://txmov2.a.kwimgs.com/upic/2020/09/30/22/BMjAyMDA5MzAyMjA3NDNfODI4NTk1NTQ0XzM2ODY2MzQxNzg4XzJfMw==_b_Bb726df27e24fda5e4d31b724d84ab8d4.mp4,14.600,其它
汶上综合,http://1.94.31.214/php/qilu.php?id=jiwszh,14.965,其它
沁阳新闻综合,http://tvpull.dxhmt.cn:9081/tv/10882-1.m3u8,14.427,其它 SD（412条）
沂南红色影视|澜露直播,http://1.94.31.214/php/qilu.php?id=lyynys,5.169,其它
沂南综合|澜露直播,http://1.94.31.214/php/qilu.php?id=lyynzh,7.514,其它
沂水生活|澜露直播,http://43.138.196.212/q0l.php?id=lyys2,9.757,其它
沂水生活|澜露直播,http://1.94.31.214/php/qilu.php?id=lyys2,10.765,其它
沂水综合|澜露直播,http://43.138.196.212/q0l.php?id=lyys1,10.092,其它
沂水综合|澜露直播,http://1.94.31.214/php/qilu.php?id=lyys1,11.274,其它
沂源生活|澜露直播,http://43.138.196.212/q0l.php?id=zbyysh,10.131,其它
沂源生活|澜露直播,http://1.94.31.214/php/qilu.php?id=zbyysh,10.453,其它
沂源综合|澜露直播,http://1.94.31.214/php/qilu.php?id=zbyyzh,12.045,其它
沈丘新闻综合,http://tvpull.dxhmt.cn:9081/tv/11624-1.m3u8,16.430,其它
沐川综合频道,http://tvfile.mcrm.org.cn/nmip-media/channellive/channel103064/playlist.m3u8,10.492,其它
沙滩上的盛宴,http://newcntv.qcloudcdn.com/asp/hls/1200/0303000a/3/default/31e38a0232734780842a9031072c2073/1200.m3u8,2.547,其它
沛县新闻综合频道,http://peixian-tv-hls.cm.jstv.com/peixian-tv/pxzh.m3u8,2.249,其它 SD（412条）
河东影视|澜露直播,http://43.138.196.212/q0l.php?id=lyhdys,5.940,其它
河东综合,http://1.94.31.214/php/qilu.php?id=lyhdzh,5.124,其它
河东综合|澜露直播,http://1.94.31.214/php/qilu.php?id=lyhdys,6.439,其它
河北4k频道超,https://event.pull.hebtv.com:443/live/live101.m3u8,8.934,其它 4D/超高清（23条）
河北农民,https://jwcdnqx.hebyun.com.cn/live/clzhpd/1500k/tzwj_video.m3u8?zhebd,3.464,其它
河北卫视,http://223.95.198.3:8000/hls/27/index.m3u8,7.620,卫视 SD（632条）
河北卫视,http://124.93.18.239:9003/hls/40/index.m3u8,7.548,卫视 SD（632条）
河北卫视,http://221.7.49.226:50085/tsfile/live/0117_1.m3u8?key=txiptv&playlive=1&authid=0,3.674,卫视 SD（632条）
河北卫视,http://27.129.145.110:4433/hls/18/index.m3u8,5.801,卫视 SD（632条）
河北卫视,http://61.178.227.57:9901/tsfile/live/0117_1.m3u8?key=txiptv&playlive=1&authid=0,8.260,卫视 SD（632条）
河北卫视,http://event.pull.hebtv.com/jishi/weishi_tingyun.m3u8,3.215,卫视 SD（632条）
河北卫视,http://111.56.90.5/000000000000/5000000006000040016/index.m3u8,2.191,卫视 SD（632条）
河北卫视,http://61.178.227.57:9901/tsfile/live/0117_1.m3u8?key=txiptv&amp;playlive=1&amp;authid=0,7.832,卫视 SD（632条）
河北卫视,http://nn.7x9d.cn/mk.php?ip=118.212.78.74:8014&id=hebeiws,8.534,其它
河北卫视,https://live.264788.xyz/channel/hebeiweishi?streamid=1eb62af518d01fe1f33bd5f61613e9cd&livekey=01WgOR41rriMmMkzNsd0UoaxJRwetZdxIvtVk,4.971,其它
河北卫视,https://live.264788.xyz/channel/hebeiweishi?streamid=0b408d6040c2d5efd93390d3e7780e5c&livekey=01WgOR41rriMmMkzNsd0UoaxJRwetZdxIvtVk,8.435,其它
河北卫视,http://183.237.71.182:40000/hls/37/index.m3u8,2.059,其它
河北卫视,http://61.184.46.85:85/tsfile/live/1013_1.m3u8?key=txiptv&playlive=1&authid=0,2.069,其它
河北卫视,https://live.264788.xyz/channel/hebeiweishi?streamid=9337cb38b5291768b18dd57e6fb5a748&livekey=01WgOR41rriMmMkzNsd0UoaxJRwetZdxIvtVk,9.100,其它
河北卫视,http://111.56.90.5/000000000000/1000000002000017118/1.m3u8,2.972,其它
河北卫视,https://live.264788.xyz/channel/hebeiweishi?streamid=c623903495968308e1bd87ec273e46d2&livekey=01WgOR41rriMmMkzNsd0UoaxJRwetZdxIvtVk,4.253,其它
河北卫视,http://111.56.90.5/000000000000/7314569012827301115/1.m3u8,2.683,其它
河北卫视,http://111.56.90.5/000000000000/5000000006000040016/1.m3u8,2.150,其它
河北卫视,https://live.264788.xyz/channel/hebeiweishi?streamid=dc05a5197d73d3781c8d021d081f03ac&livekey=01WgOR41rriMmMkzNsd0UoaxJRwetZdxIvtVk,4.079,其它
河北卫视-高清,http://114.241.111.4:85/tsfile/live/44/1044_1.m3u8?key=txiptv,2.950,卫视 高清/HD（33条）
河北｜任丘综合,https://jwcdnqx.hebyun.com.cn/live/rqtv1/1500k/tzwj_video.m3u8,3.520,其它
河北｜兴隆综合,https://jwcdnqx.hebyun.com.cn/live/xlzh/1500k/tzwj_video.m3u8,4.708,其它
河南|临颍综合,http://tvpull.dxhmt.cn:9081/tv/11122-1.m3u8,14.840,其它
河南|义马新闻综合,http://tvpull.dxhmt.cn:9081/tv/11281-1.m3u8,10.224,其它 SD（412条）
河南|泌阳新闻综合,http://tvpull.dxhmt.cn:9081/tv/11726-1.m3u8,10.592,其它 SD（412条）
河南|淅川综合,http://tvpull.dxhmt.cn:9081/tv/11326-1.m3u8,7.704,其它
河南|淮滨综合,http://tvpull.dxhmt.cn:9081/tv/11527-1.m3u8,9.773,其它
河南|渑池新闻综合,http://tvpull.dxhmt.cn:9081/tv/11221-1.m3u8,7.311,其它 SD（412条）
河南|禹州综合,http://tvpull.dxhmt.cn:9081/tv/11081-1.m3u8,10.981,其它
河南|遂平一套,http://tvpull.dxhmt.cn:9081/tv/11728-1.m3u8,11.989,其它
河南|项城新闻,http://tvpull.dxhmt.cn:9081/tv/11681-1.m3u8,8.634,其它
河南乡村|澜露直播,http://1.94.31.214/php/hntv.php?id=hnxc,3.036,其它
河南光山综合,http://tvpull.dxhmt.cn:9081/tv/11522-1.m3u8,10.428,其它
河南公共|澜露直播,http://1.94.31.214/php/hntv.php?id=hngg,18.392,其它
河南公共|澜露直播,http://47.108.20.161:8866/henan/henan.php?id=hngg,16.930,其它
河南兰考新闻,http://tvpull.dxhmt.cn:9081/tv/10225-1.m3u8,7.776,其它
河南卫视,http://tvpull.dxhmt.cn:9081/tv/11425-1.m3u8,10.046,卫视 SD（632条）
河南卫视,http://124.93.18.239:9003/hls/41/index.m3u8,7.130,卫视 SD（632条）
河南卫视,http://114.241.111.4:85/tsfile/live/34/1034_1.m3u8?key=txiptv,4.902,卫视 SD（632条）
河南卫视,http://221.7.49.226:50085/tsfile/live/0139_1.m3u8?key=txiptv&playlive=1&authid=0,4.600,卫视 SD（632条）
河南卫视,http://111.56.90.5/000000000000/5000000005000017925/index.m3u8,2.880,卫视 SD（632条）
河南卫视,http://183.62.8.58:50085/tsfile/live/0139_1.m3u8?key=txiptv&playlive=1&authid=0,2.453,卫视 SD（632条）
河南卫视,http://27.129.145.110:4433/hls/33/index.m3u8,7.269,卫视 SD（632条）
河南卫视,http://112.27.235.94:8000/hls/37/index.m3u8,7.846,卫视 SD（632条）
河南卫视,http://61.178.227.57:9901/tsfile/live/0139_1.m3u8?key=txiptv&amp;playlive=1&amp;authid=0,5.916,卫视 SD（632条）
河南卫视,http://1.94.31.214/php/hntv.php?id=hnws,14.069,其它
河南卫视,http://183.237.71.182:40000/hls/34/index.m3u8,2.083,其它
河南卫视,http://120.211.62.180:8000/hls/40/index.m3u8,5.957,其它
河南卫视,http://111.56.90.5/000000000000/1000000002000027731/1.m3u8,2.395,其它
河南卫视,http://223.95.198.3:8000/hls/31/index.m3u8,5.289,其它
河南卫视,http://nn.7x9d.cn/mk.php?ip=118.212.78.74:8014&id=hnws,8.478,其它
河南卫视,https://live.264788.xyz/channel/henanweishi?streamid=e6115275e3e4065441b2b9117937c8b2&livekey=01WgOR41rriMmMkzNsd0UoaxJRwetZdxIvtVk,9.253,其它
河南卫视,https://live.264788.xyz/channel/henanweishi?streamid=b839e612c7ab3a6dad2ff1103173b0c1&livekey=01WgOR41rriMmMkzNsd0UoaxJRwetZdxIvtVk,9.893,其它
河南卫视,http://111.56.90.5/000000000000/5000000011000031119/1.m3u8,2.183,其它
河南卫视,https://live.264788.xyz/channel/henanweishi?streamid=f7e5ccdb8224cba29c8c4b459e3d7d5e&livekey=01WgOR41rriMmMkzNsd0UoaxJRwetZdxIvtVk,10.200,其它
河南卫视,http://111.56.90.5/000000000000/5000000005000017925/1.m3u8,2.803,其它
河南卫视,https://live.264788.xyz/channel/henanweishi?streamid=dcdac731c38e259d3931e4f3127849c4&livekey=01WgOR41rriMmMkzNsd0UoaxJRwetZdxIvtVk,9.806,其它
河南卫视,https://live.264788.xyz/channel/henanweishi?streamid=b08cc070cd8613ccaf17654f60883da8&livekey=01WgOR41rriMmMkzNsd0UoaxJRwetZdxIvtVk,9.541,其它
河南卫视,https://live.264788.xyz/channel/henanweishi?streamid=ffc9cbdd1791aa15a6321452d620baff&livekey=01WgOR41rriMmMkzNsd0UoaxJRwetZdxIvtVk,11.041,其它
河南卫视移动,http://39.165.39.49:85/tsfile/live/1105_1.m3u8?key=txiptv&playlive=0&authid=0,2.326,卫视 SD（632条）
河南扶沟综合,http://tvpull.dxhmt.cn:9081/tv/11621-1.m3u8,11.105,其它
河南扶沟综合,http://tvpull.dxhmt.cn:9081/tv/11621-1.m3u8?zhend,17.858,其它
河南新县综合,http://tvpull.dxhmt.cn:9081/tv/11523-1.m3u8,11.119,其它
河南新蔡综合,http://tvpull.dxhmt.cn:9081/tv/11729-1.m3u8,7.507,其它
河南新闻|澜露直播,http://zmgd.zyrnet.com:8888/hls/25/index.m3u8,2.228,其它 SD（412条）
河南新闻|澜露直播,http://1.94.31.214/php/hntv.php?id=hnxw,14.990,其它
河南曲剧《四郎探母》【探母一折】,http://gcw.bdcdn.shoujiduoduo.com/v/190505/a7900e9cbc6b71e46d7a1a895b103033.mp4,13.227,其它
河南民生|澜露直播,http://1.94.31.214/php/hntv.php?id=hnms,12.287,其它
河南法治,http://1.94.31.214/php/hntv.php?id=hmfz,3.483,其它
河南温县综合,http://tvpull.dxhmt.cn:9081/tv/10825-1.m3u8?zhend,13.547,其它
河南潢川综合,http://tvpull.dxhmt.cn:9081/tv/11526-1.m3u8,9.185,其它
河南电视剧|澜露直播,http://1.94.31.214/php/hntv.php?id=hndsj,7.893,其它
河南电视剧|澜露直播,http://zmgd.zyrnet.com:8888/hls/24/index.m3u8,2.043,其它
河南登封综合,http://tvpull.dxhmt.cn:9081/tv/10185-1.m3u8,10.878,其它
河南省曲剧团,http://gcw.bdcdn.shoujiduoduo.com/v/190130/f825d70cb7e1820a4e75a050793dc241.mp4,13.187,其它
河南西华综合,http://tvpull.dxhmt.cn:9081/tv/11622-1.m3u8?zhend,8.604,其它
河南郏县综合,http://tvpull.dxhmt.cn:9081/tv/10425-1.m3u8?zhend,10.497,其它
河南都市,http://1.94.31.214/php/hntv.php?id=hnds,14.986,其它
河南鄢陵综合,http://tvpull.dxhmt.cn:9081/tv/11024-1.m3u8,13.079,其它
河曲二人台牌子曲《西江月》,http://gcw.bdcdn.shoujiduoduo.com/v/200201/c386dae48f7df5949df61261b070fdd0.mp4,18.073,其它
河里的捕食大师(上),http://newcntv.qcloudcdn.com/asp/hls/1200/0303000a/3/default/bf70f8033ec049f5be4698c3497d3868/1200.m3u8,3.153,其它
河里的捕食大师(下),http://newcntv.qcloudcdn.com/asp/hls/1200/0303000a/3/default/040c050908a340238dacd1ac86694543/1200.m3u8,2.236,其它
沾化综艺|澜露直播,http://1.94.31.214/php/qilu.php?id=bzzhzy,12.793,其它
泌阳新闻综合,http://tvpull.dxhmt.cn:9081/tv/11726-1.m3u8?%E5%85%B3%E6%B3%A8%E5%BE%AE%E4%BF%A1%E5%85%AC%E4%BC%97%E5%8F%B7[%E6%99%B4%E5%9B%AD],15.107,其它 SD（412条）
法治天地,https://live.264788.xyz/channel/fazhitiandi?streamid=f97ae69ae237e5fed46fc31c7f75ac14&livekey=01WgOR41rriMmMkzNsd0UoaxJRwetZdxIvtVk,4.599,其它
法治天地,https://live.264788.xyz/channel/fazhitiandi?streamid=48bdb4889e76ecd8fec232fa135a2403&livekey=01WgOR41rriMmMkzNsd0UoaxJRwetZdxIvtVk,4.574,其它
法治天地,https://live.264788.xyz/channel/fazhitiandi?streamid=fe165cb56510151228c7f1f898f9cc2d&livekey=01WgOR41rriMmMkzNsd0UoaxJRwetZdxIvtVk,6.974,其它
法治天地,https://live.264788.xyz/channel/fazhitiandi?streamid=0039922a529780d5b2709e5ccd146683&livekey=01WgOR41rriMmMkzNsd0UoaxJRwetZdxIvtVk,7.910,其它
泗水文化|澜露直播,http://1.94.31.214/php/qilu.php?id=jisswh,4.569,其它
泗水文化生活|澜露直播,http://43.138.196.212/q0l.php?id=jisswh,4.122,其它
泗水新闻|澜露直播,http://1.94.31.214/php/qilu.php?id=jissxw,3.825,其它
泗水新闻综合|澜露直播,http://43.138.196.212/q0l.php?id=jissxw,4.467,其它
泗洪新闻综合频道,http://sihong-tv-hls.cm.jstv.com/sihong-tv/sihongxinwenzonghe.m3u8,2.194,其它 SD（412条）
泗阳综合频道,http://siyang-tv-hls.cm.jstv.com/siyang-tv/siyangzh.m3u8,2.123,其它
泡沫,https://txmov2.a.kwimgs.com/upic/2023/08/19/20/BMjAyMzA4MTkyMDE2MzZfMzM5Njk4MTMyNl8xMTA5MDEwNzA2NDJfMF8z_b_Bdc4b6f3b05140acd82a8c7c5cfbad250.mp4,7.497,其它
泰山|澜露直播,http://1.94.31.214/php/qilu.php?id=tats,13.154,其它
泳儿-24首合集,https://www.iesdouyin.com/aweme/v1/play/?video_id=v0200fg10000celom73c77u7maj81qo0&ratio=720p&line=0,12.181,其它
泳儿-24首合集,https://www.iesdouyin.com/aweme/v1/playwm/?video_id=v0200fg10000celom73c77u7maj81qo0&ratio=720p&line=0,24.831,其它
泳儿-无心恋唱,https://www.iesdouyin.com/aweme/v1/play/?video_id=v0200fg10000cd72dobc77u85rlotlp0&ratio=720p&line=0,6.097,其它
泳儿-无心恋唱,https://www.iesdouyin.com/aweme/v1/playwm/?video_id=v0200fg10000cd72dobc77u85rlotlp0&ratio=720p&line=0,4.930,其它
泸县新闻综合,https://m3u8channel.ganzitv.com/nmip-media/channellive/channel1/playlist.m3u8,3.377,其它
泸县新闻综合|澜露直播,http://lxfile.lxxcb.cn/nmip-media/channellive/channel103799/playlist.m3u8,2.530,其它 SD（412条）
泸县新闻综合|澜露直播,http://lxfile.lxxcb.cn:80/nmip-media/channellive/channel103799/playlist.m3u8,2.481,其它 SD（412条）
泸县新闻综合|澜露直播,http://lxfile.lxxcb.cn/nmip-media/channellive/channel103799/playlist.m3u8?zsicd,4.873,其它 SD（412条）
泸州公共|澜露直播,http://m3u8.channel.luzhoubs.com/nmip-media/channellive/channel102221/playlist.m3u8,2.291,其它
泸州新闻综合,http://m3u8.channel.luzhoubs.com/nmip-media/channellive/channel106011/playlist.m3u8?zsicd,4.300,其它 SD（412条）
泸州新闻综合|澜露直播,http://m3u8.channel.luzhoubs.com/nmip-media/channellive/channel106011/playlist.m3u8,4.053,其它 SD（412条）
泸州科教,http://m3u8.channel.luzhoubs.com/nmip-media/channellive/channel103074/playlist.m3u8?zsicd,4.577,其它
泸州科教,http://file.luzhoubs.com/nmip-media/channellive/channel103074/playlist.m3u8,4.446,其它
泸州科教生活|澜露直播,http://m3u8.channel.luzhoubs.com/nmip-media/channellive/channel103074/playlist.m3u8,4.150,其它
泾县新闻|澜露直播,https://apisave.jxnn.cn/hls/xwzonhe/playlist.m3u8,2.093,其它 SD（412条）
洛阳文旅频道|澜露直播,https://wshlslive.migucloud.com/live/Q081CD54_C0/playlist.m3u8,20.989,其它
洛阳科教频道|澜露直播,https://wshlslive.migucloud.com/live/A2HVH5BQ_C0/playlist.m3u8,21.736,其它
洛阳综合频道|澜露直播,https://wshlslive.migucloud.com/live/08QAZLG6_C0/playlist.m3u8,20.636,其它
洞头综合,http://l.cztvcloud.com/channels/lantian/SXdongtou1/720p.m3u8,7.899,其它
洞头综合,http://l.cztvcloud.com/channels/lantian/SXdongtou1/720p.m3u8?%E5%85%B3%E6%B3%A8%E5%BE%AE%E4%BF%A1%E5%85%AC%E4%BC%97%E5%8F%B7[%E6%99%B4%E5%9B%AD],10.537,其它
洞头综合,http://l.cztvcloud.com/channels/lantian/SXdongtou1/720p.m3u8?zzhed?,9.728,其它
洞头综合频道,http://l.cztvcloud.com/channels/lantian/SXdongtou1/720p.m3u8?zzhed,2.063,其它
测试视频 7.1.4 12声道,https://mos-vod-drcn.dbankcdn.cn/P_VT/video_injection/3282D63676C3EAC291CFD5D891CB5D3A8C52A5B9AA8EBEF72D0BEF0A34EAEFC0134D9B0/v3/M2040549141360156160/chunjianghuayueyevivid.mp4,13.219,其它
济宁公共|澜露直播,https://srs.jnnews.tv/video/JTV-3/index.m3u8,11.241,其它
济宁生活|澜露直播,https://srs.jnnews.tv/video/JTV-2/index.m3u8,3.820,其它
济宁综合|澜露直播,https://srs.jnnews.tv/video/JTV-1/index.m3u8,6.063,其它
济源电视一套,http://tvpull.dxhmt.cn:9081/tv/19001-1.m3u8?zhend,12.903,其它
济铁电视台,http://1.94.31.214/php/qilu.php?id=jnjrtv,6.230,其它
济铁电视台|澜露直播,http://43.138.196.212/q0l.php?id=jnjrtv,5.760,其它
济阳影视|澜露直播,http://43.138.196.212/q0l.php?id=jnjyys,3.857,其它
济阳影视|澜露直播,http://1.94.31.214/php/qilu.php?id=jnjyys,4.615,其它
济阳综合|澜露直播,http://43.138.196.212/q0l.php?id=jnjyzh,4.322,其它
济阳综合|澜露直播,http://1.94.31.214/php/qilu.php?id=jnjyzh,3.594,其它
浙江|诸暨新闻综合,http://l.cztvcloud.com/channels/lantian/SXzhuji3/720p.m3u8,11.870,其它 SD（412条）
浙江|龙游新闻综合,http://l.cztvcloud.com/channels/lantian/SXlongyou1/720p.m3u8,6.280,其它 SD（412条）
浙江休闲台,http://ali-m-l.cztv.com/channels/lantian/channel006/720p.m3u8,6.124,其它
浙江公共新闻,http://ali-m-l.cztv.com/channels/lantian/channel07/1080p.m3u8,9.586,其它 SD（412条）
浙江公共新闻|澜露直播,https://ali-m-l.cztv.com/channels/lantian/channel007/1080p.m3u8,3.168,其它 SD（412条）
浙江卫视,http://ali-m-l.cztv.com/channels/lantian/channel001/1080p.m3u8,4.018,卫视 SD（632条）
浙江卫视,http://ali-m-l.cztv.com:80/channels/lantian/channel001/1080p.m3u8,11.138,卫视 SD（632条）
浙江卫视,http://223.95.198.3:8000/hls/24/index.m3u8,9.667,卫视 SD（632条）
浙江卫视,http://124.93.18.239:9003/hls/29/index.m3u8,7.507,卫视 SD（632条）
浙江卫视,http://ali-m-l.cztv.com/channels/lantian/channel01/1080p.m3u8,3.575,卫视 SD（632条）
浙江卫视,http://61.178.227.57:9901/tsfile/live/0124_1.m3u8?key=txiptv&amp;playlive=1&amp;authid=0,3.096,卫视 SD（632条）
浙江卫视,https://play-qukan.cztv.com/live/1746687519046362.m3u8,13.866,卫视 SD（632条）
浙江卫视,http://111.56.90.5/000000000000/5000000010000017320/index.m3u8,2.811,卫视 SD（632条）
浙江卫视,https://ali-m-l.cztv.com/channels/lantian/channel001/1080p.m3u8,2.798,卫视 SD（632条）
浙江卫视,http://27.129.145.110:4433/hls/24/index.m3u8,5.893,其它
浙江卫视,https://live.264788.xyz/channel/zhejiangweishi?streamid=59c87a5e81a0f7a4fb49e7efc361e6ed&livekey=01WgOR41rriMmMkzNsd0UoaxJRwetZdxIvtVk,8.327,其它
浙江卫视,http://nn.7x9d.cn/mk.php?ip=118.212.78.74:8014&id=zjws,8.168,其它
浙江卫视,https://live.264788.xyz/channel/zhejiangweishi?streamid=71f2f18b70580fb254c80c2189bf274d&livekey=01WgOR41rriMmMkzNsd0UoaxJRwetZdxIvtVk,9.128,其它
浙江卫视,http://111.56.90.5/000000000000/1000000005000265031/1.m3u8,3.038,其它
浙江卫视,http://111.56.90.5/000000000000/5000000004000007275/1.m3u8,2.108,其它
浙江卫视,https://live.264788.xyz/channel/zhejiangweishi?streamid=25b7c6480cc4c9facb82d1cdf13693ec&livekey=01WgOR41rriMmMkzNsd0UoaxJRwetZdxIvtVk,7.505,其它
浙江卫视,https://live.264788.xyz/channel/zhejiangweishi?streamid=f5e7e8c75bba6951ba709e8a46ff2772&livekey=01WgOR41rriMmMkzNsd0UoaxJRwetZdxIvtVk,9.919,其它
浙江卫视,http://l.cztvcloud.com/channels/lantian/SXpinghu3/720p.m3u8,2.400,其它
浙江卫视4K,http://ali-xwl.cztv.com/live/channel4k2160p.m3u8,4.962,卫视 4D/超高清（7条）
浙江卫视4K,https://bd-xwl.cztv.com/live/channel4k2160p.m3u8,2.850,卫视 4D/超高清（7条）
浙江卫视4K,https://live.264788.xyz/channel/zhejiangweishi4k?streamid=664bb2d3ef43cf06ccb52c01a226593d&livekey=01WgOR41rriMmMkzNsd0UoaxJRwetZdxIvtVk,7.633,其它
浙江卫视超清,http://ali-xwl.cztv.com/live/channel011080Plxw.m3u8,9.362,卫视 SD（632条）
浙江卫视超清,http://ali-xwl.cztv.com/live/channel01720Plxw.m3u8,3.381,卫视 SD（632条）
浙江国际,http://ali-m-l.cztv.com/channels/lantian/channel010/1080p.m3u8,2.468,其它
浙江国际,http://ali-m-l.cztv.com/channels/lantian/channel010/1080p.m3u8?zzhed,12.968,其它
浙江国际,http://ali-xwl.cztv.com/live/channel101080Plxw.m3u8,10.069,其它
浙江国际,https://ali-m-l.cztv.com/channels/lantian/channel010/1080p.m3u8?,9.675,其它
浙江国际|澜露直播,https://ali-m-l.cztv.com/channels/lantian/channel010/1080p.m3u8,4.614,其它
浙江国际|澜露直播,https://stream1.freetv.fun/352b71137b4f026c65b26c34be3a0f8d48f845b620a6bc472a630aed2fa0e2b7.m3u8,11.796,其它
浙江少儿,http://ali-xwl.cztv.com/live/channel081080Plxw.m3u8,8.530,其它
浙江少儿,http://ali-m-l.cztv.com/channels/lantian/channel008/1080p.m3u8,6.253,其它 SD（412条）
浙江少儿,https://ali-m-l.cztv.com/channels/lantian/channel008/1080p.m3u8?,5.352,其它
浙江少儿,http://ali-xwl.cztv.com/live/channel08720Plxw.m3u8,3.464,其它
浙江少儿,http://223.95.198.3:8000/hls/52/index.m3u8,6.381,其它
浙江少儿,https://stream1.freetv.fun/zhe-jiang-shao-er-1.m3u8,9.039,其它
浙江影视,https://ali-m-l.cztv.com/channels/lantian/channel005/1080p.m3u8,2.490,其它
浙江影视,https://ali-m-l.cztv.com/channels/lantian/channel005/1080p.m3u8?,3.076,其它
浙江教科影视,http://ali-m-l.cztv.com/channels/lantian/channel04/1080p.m3u8,11.257,其它
浙江教科影视,http://ali-xwl.cztv.com/live/channel041080Plxw.m3u8,2.494,其它
浙江教科影院,http://ali-m-l.cztv.com/channels/lantian/channel004/1080p.m3u8?zzhed,11.828,其它
浙江教育,http://ali-m-l.cztv.com/channels/lantian/channel04/720p.m3u8,5.461,其它
浙江数码时代,https://ali-m-l.cztv.com/channels/lantian/channel012/1080p.m3u8\r\n,8.553,其它
浙江数码时代,http://ali-m-l.cztv.com/channels/lantian/channel12/720p.m3u8?zzhed,12.085,其它
浙江数码时代,http://ali-m-l.cztv.com/channels/lantian/channel12/720p.m3u8,3.840,其它
浙江新闻,http://ali-m-l.cztv.com/channels/lantian/channel007/1080p.m3u8?zzhed,9.284,其它 SD（412条）
浙江新闻,https://ali-m-l.cztv.com/channels/lantian/channel07/1080p.m3u8,3.408,其它 SD（412条）
浙江新闻,http://ali-xwl.cztv.com/live/channel07720Plxw.m3u8,2.371,其它 SD（412条）
浙江新闻,https://ali-m-l.cztv.com/channels/lantian/channel007/1080p.m3u8?,5.445,其它 SD（412条）
浙江新闻,http://ali-xwl.cztv.com/live/channel071080Plxw.m3u8,2.377,其它 SD（412条）
浙江民生,http://ali-m-l.cztv.com/channels/lantian/channel06/720p.m3u8,5.975,其它
浙江民生,https://ali-m-l.cztv.com/channels/lantian/channel006/1080p.m3u8?,5.010,其它
浙江民生休闲,http://ali-m-l.cztv.com/channels/lantian/channel06/1080p.m3u8,8.781,其它
浙江民生休闲,http://ali-m-l.cztv.com/channels/lantian/channel006/1080p.m3u8,4.824,其它
浙江民生休闲,http://ali-xwl.cztv.com/live/channel061080Plxw.m3u8,9.310,其它
浙江民生休闲,http://ali-xwl.cztv.com/live/channel06720Plxw.m3u8,2.998,其它
浙江民生休闲,https://stream1.freetv.fun/zhe-jiang-min-sheng-xiu-xian-1.m3u8,2.858,其它
浙江民生休闲|澜露直播,https://ali-m-l.cztv.com/channels/lantian/channel006/1080p.m3u8,8.775,其它
浙江生活,http://ali-m-l.cztv.com/channels/lantian/channel03/1080p.m3u8,8.537,其它
浙江生活,https://ali-m-l.cztv.com/channels/lantian/channel003/1080p.m3u8\r\n,3.772,其它
浙江留学,https://ali-m-l.cztv.com/channels/lantian/channel009/1080p.m3u8,2.373,其它
浙江经济,https://ali-m-l.cztv.com/channels/lantian/channel003/1080p.m3u8?,5.527,其它
浙江经济,http://ali-m-l.cztv.com/channels/lantian/channel03/720p.m3u8,5.018,其它
浙江经济生活,http://ali-m-l.cztv.com/channels/lantian/channel003/1080p.m3u8,9.375,其它
浙江经济生活,http://ali-xwl.cztv.com/live/channel031080Plxw.m3u8,2.463,其它
浙江经视,http://ali-m-l.cztv.com/channels/lantian/channel003/720p.m3u8,2.591,其它
浙江遂昌,http://play-sh13.quklive.com/live/1708426592499070.m3u8?auth_key=2028414342-e92bda8423ad478c987a8b7ae82abe0e-0-c616f7fabb9675e1ed1d84d9edae7e07,3.521,其它
浙江钱江,https://ali-m-l.cztv.com/channels/lantian/channel002/1080p.m3u8\r\n,2.129,其它
浙江钱江,http://l.cztvcloud.com/channels/lantian/SXyuyao2/720p.m3u8,2.970,其它
浙江钱江都市,http://ali-m-l.cztv.com/channels/lantian/channel002/1080p.m3u8,2.570,其它
浙江钱江都市,http://ali-xwl.cztv.com/live/channel021080Plxw.m3u8,25.083,其它
浙江钱江都市,http://ali-xwl.cztv.com/live/channel02720Plxw.m3u8,16.466,其它
浙江钱江都市|澜露直播,https://ali-m-l.cztv.com/channels/lantian/channel002/1080p.m3u8,5.047,其它
浙江钱江频道,http://ali-m-l.cztv.com/channels/lantian/channel02/1080p.m3u8,7.958,其它
浚县|澜露直播,http://tvpull.dxhmt.cn:9081/tv/10621-1.m3u8,13.253,其它
浪子的心情,http://vdown.kuwo.cn:80/resource/t4/53/44/3Rve23J-sy8.mp4,21.574,其它
浪子闲话-笑纳-赤伶,https://vd3.bdstatic.com/mda-mi0jir5caqx8xtmh/1080p/cae_h264/1630505223203305128/mda-mi0jir5caqx8xtmh.mp4,2.139,其它
浪漫手机,https://cfss.cc/api/kg/756738.mp4,17.894,其它
海先生B001Dj串烧,https://www.iesdouyin.com/aweme/v1/playwm/?video_id=v0200fg10000cvg46evog65uaon0vs10&ratio=720p&line=0,42.912,其它
海南卫视,http://124.93.18.239:9003/hls/43/index.m3u8,7.136,卫视 SD（632条）
海南卫视,http://223.95.198.3:8000/hls/41/index.m3u8,8.682,卫视 SD（632条）
海南卫视,http://111.56.90.5/000000000000/5000000004000006211/index.m3u8,2.137,卫视 SD（632条）
海南卫视,http://111.56.90.5/000000000000/4676690988340017823/1.m3u8,2.778,其它
海南卫视,http://39.152.103.17:8089/tsfile/live/1046_1.m3u8,2.057,其它
海南卫视,https://live.264788.xyz/channel/hainanweishi?streamid=138a77a2a88f0a2df6d0af493cf4d5bc&livekey=01WgOR41rriMmMkzNsd0UoaxJRwetZdxIvtVk,7.040,其它
海南卫视,https://live.264788.xyz/channel/hainanweishi?streamid=e2f5fd351d358cfa4c8b8d5bcb6725a8&livekey=01WgOR41rriMmMkzNsd0UoaxJRwetZdxIvtVk,4.699,其它
海南卫视,http://111.56.90.5/000000000000/1000000002000023773/1.m3u8,2.910,其它
海南卫视,http://111.56.90.5/000000000000/5000000004000006211/1.m3u8,2.129,其它
海南卫视,https://live.264788.xyz/channel/hainanweishi?streamid=c6d5b63dbc2e2cee41663d959a984eab&livekey=01WgOR41rriMmMkzNsd0UoaxJRwetZdxIvtVk,8.359,其它
海南卫视,https://live.264788.xyz/channel/hainanweishi?streamid=22a384055e4a94909e17012c852ac26d&livekey=01WgOR41rriMmMkzNsd0UoaxJRwetZdxIvtVk,6.215,其它
海南卫视,https://live.264788.xyz/channel/hainanweishi?streamid=ca8d591103c2814acc3d0a2fb10bdbd6&livekey=01WgOR41rriMmMkzNsd0UoaxJRwetZdxIvtVk,7.475,其它
海峡卫视,https://live.264788.xyz/channel/haixiaweishi?streamid=be23d18302e75af7b2388988938fa934&livekey=01WgOR41rriMmMkzNsd0UoaxJRwetZdxIvtVk,6.540,其它
海底生存战,http://newcntv.qcloudcdn.com/asp/hls/1200/0303000a/3/default/20225ac33ef7408e8c7040cb39d6a595/1200.m3u8,2.918,其它
海洋猎手,http://newcntv.qcloudcdn.com/asp/hls/1200/0303000a/3/default/f98ebc30517647839c09fb17e0dbea04/1200.m3u8,3.090,其它
海洋里的神奇家族(上),http://newcntv.qcloudcdn.com/asp/hls/1200/0303000a/3/default/ef8e561920694e4a81cd1933314610cb/1200.m3u8,2.825,其它
海洋里的神奇家族(下),http://newcntv.qcloudcdn.com/asp/hls/1200/0303000a/3/default/5775e1919dca48169eb22986804455b3/1200.m3u8,3.585,其它
海洋里的神奇家族(下),http://newcntv.qcloudcdn.com/asp/hls/1200/0303000a/3/default/a68ae907dc7e4783af8d9547a1926435/1200.m3u8,2.837,其它
海的呼唤,http://newcntv.qcloudcdn.com/asp/hls/1200/0303000a/3/default/ee6a46541b624388a01ba2fc14c34079/1200.m3u8,3.315,其它
海豚的奇妙生活(上),http://newcntv.qcloudcdn.com/asp/hls/1200/0303000a/3/default/30385b1caa214c9a8c6c53ef69ce7e18/1200.m3u8,2.159,其它
海连池曲剧《卷席筒》经典选段：小仓娃跪大堂诉冤枉,http://gcw.bdcdn.shoujiduoduo.com/v/190223/09e4765a1fdf115854f683e7fa863377.mp4,11.111,其它
海阔天空绝版,https://sns-video-default.xhscdn.com/stream/1/110/258/01e8bda53107d42b010370019924cf1f9a_258.mp4,6.886,其它
海鸥飞-龙梅子,https://vd2.bdstatic.com/mda-kgrx6ftzptj5x4i9/v1-cae/1080p/mda-kgrx6ftzptj5x4i9.mp4,3.073,其它
涉县新闻综合,https://jwcdnqx.hebyun.com.cn/live/SXTV1/1500k/tzwj_video.m3u8,3.594,其它
涪陵电视台,http://183.64.215.48:1002/1.m3u8,3.742,其它
淄川新闻|澜露直播,http://43.138.196.212/q0l.php?id=zbzcxw,4.474,其它
淄川新闻|澜露直播,http://1.94.31.214/php/qilu.php?id=zbzcxw,4.889,其它
淄川生活|澜露直播,http://43.138.196.212/q0l.php?id=zbzcsh,13.350,其它
淄川生活|澜露直播,http://1.94.31.214/php/qilu.php?id=zbzcsh,12.257,其它
淇县|澜露直播,http://tvpull.dxhmt.cn:9081/tv/10622-1.m3u8,19.954,其它
淘金小镇,https://cfss.cc/api/kg/14853269.mp4,16.319,其它
淮阴综合,https://huaiyin-tv-replay.cm.jstv.com/huaiyin-tv/huaiyinf.m3u8,4.336,其它
深圳卫视,http://114.241.111.4:85/tsfile/live/39/1039_1.m3u8?key=txiptv,5.124,卫视 SD（632条）
深圳卫视,http://223.95.198.3:8000/hls/23/index.m3u8,7.387,卫视 SD（632条）
深圳卫视,http://61.178.227.57:9901/tsfile/live/0126_1.m3u8?key=txiptv&amp;playlive=1&amp;authid=0,7.812,卫视 SD（632条）
深圳卫视,http://yncbn.ks-cdn.gitv.tv/gitv_live/G_SHENZHEN-HQ/G_SHENZHEN-HQ.m3u8,3.205,卫视 SD（632条）
深圳卫视,http://111.56.90.5/000000000000/5000000004000007410/index.m3u8,2.161,卫视 SD（632条）
深圳卫视,http://61.178.227.57:9901/tsfile/live/0126_1.m3u8?key=txiptv&playlive=1&authid=0,10.140,卫视 SD（632条）
深圳卫视,http://27.129.145.110:4433/hls/38/index.m3u8,5.096,卫视 SD（632条）
深圳卫视,https://live.264788.xyz/channel/shenzhenweishi?streamid=f12235d6d3e35c15aa302f9ab171b29a&livekey=01WgOR41rriMmMkzNsd0UoaxJRwetZdxIvtVk,11.155,其它
深圳卫视,https://live.264788.xyz/channel/shenzhenweishi?streamid=072918b734a19db666c1e3cd5aa2598c&livekey=01WgOR41rriMmMkzNsd0UoaxJRwetZdxIvtVk,3.576,其它
深圳卫视,http://111.56.90.5/000000000000/1000000005000265028/1.m3u8,3.106,其它
深圳卫视,http://111.56.90.5/000000000000/6000000001000002116/1.m3u8,3.141,其它
深圳卫视,https://live.264788.xyz/channel/shenzhenweishi?streamid=1371e3dfea2fb75cd0fb6e0b1fb6a33a&livekey=01WgOR41rriMmMkzNsd0UoaxJRwetZdxIvtVk,10.214,其它
深圳卫视,http://111.56.90.5/000000000000/5000000004000007410/1.m3u8,2.265,其它
深圳卫视,https://live.264788.xyz/channel/shenzhenweishi?streamid=85961b14ea610e8adbef8769bea8b26e&livekey=01WgOR41rriMmMkzNsd0UoaxJRwetZdxIvtVk,5.855,其它
深圳卫视,https://live.264788.xyz/channel/shenzhenweishi?streamid=9f19de691697b902376432567c77cece&livekey=01WgOR41rriMmMkzNsd0UoaxJRwetZdxIvtVk,11.122,其它
深圳卫视,https://live.264788.xyz/channel/shenzhenweishi?streamid=2715678e4b53f93415f1b63d802c342c&livekey=01WgOR41rriMmMkzNsd0UoaxJRwetZdxIvtVk,4.512,其它
深圳卫视4K,https://live.264788.xyz/channel/shenzhenweishi4k?streamid=9ab6d3b3de9ba337e79eaf9d0722fbef&livekey=01WgOR41rriMmMkzNsd0UoaxJRwetZdxIvtVk,7.845,其它
深圳卫视4K,https://live.264788.xyz/channel/shenzhenweishi4k?streamid=bd2b8b72c89dd9fff893c0f3bcab3a6d&livekey=01WgOR41rriMmMkzNsd0UoaxJRwetZdxIvtVk,10.304,其它
深圳卫视4K,https://live.264788.xyz/channel/shenzhenweishi4k?streamid=2af9bbae55f64f373a94440b8bb0a0bd&livekey=01WgOR41rriMmMkzNsd0UoaxJRwetZdxIvtVk,5.266,其它
深圳卫视4K,https://live.264788.xyz/channel/shenzhenweishi4k?streamid=9358bae96a5b72f372b4f3c502acaf2d&livekey=01WgOR41rriMmMkzNsd0UoaxJRwetZdxIvtVk,5.154,其它
清河经济综艺,https://jwcdnqx.hebyun.com.cn/live/qinghe1/1500k/tzwj_video.m3u8,4.630,其它
渑池新闻综合,http://tvpull.dxhmt.cn:9081/tv/11221-1.m3u8?%E5%85%B3%E6%B3%A8%E5%BE%AE%E4%BF%A1%E5%85%AC%E4%BC%97%E5%8F%B7[%E6%99%B4%E5%9B%AD],15.665,其它 SD（412条）
温县综合,http://tvpull.dxhmt.cn:9081/tv/10825-1.m3u8?zhend?,10.396,其它
温县综合,http://tvpull.dxhmt.cn:9081/tv/10825-1.m3u8,15.956,其它
温州|澜露直播,https://l.cztvcloud.com/channels/lantian/sxchannel03/1080p.m3u8,4.058,其它
渭源新闻,http://play.kankanlive.com/live/1720408280309109.m3u8,6.334,其它
游京DJ,https://www.iesdouyin.com/aweme/v1/playwm/?video_id=v0d00fg10000cu2h3qvog65irkuioh50&ratio=720p&line=0,37.720,其它
游京女版DJ,https://www.iesdouyin.com/aweme/v1/playwm/?line=0&logo_name=aweme_diversion_search&ratio=720p&video_id=v2700fgi0000d4l0kifog65jh64e9670,3.441,其它
游戏风云,http://111.56.90.5/000000000000/5000000011000031114/index.m3u8,2.096,其它
游戏风云,https://live.264788.xyz/channel/youxifengyun?streamid=07e90ddeb9e01a72addf4dd310ebe1cf&livekey=01WgOR41rriMmMkzNsd0UoaxJRwetZdxIvtVk,8.940,其它
游戏风云,https://live.264788.xyz/channel/youxifengyun?streamid=49dcecc843de685ba1f6337febacc78e&livekey=01WgOR41rriMmMkzNsd0UoaxJRwetZdxIvtVk,10.441,其它
游戏风云,https://live.264788.xyz/channel/youxifengyun?streamid=6e817b754189d2c8f7b32e7bff61ac7b&livekey=01WgOR41rriMmMkzNsd0UoaxJRwetZdxIvtVk,10.218,其它
游戏风云,https://live.264788.xyz/channel/youxifengyun?streamid=9d151740f57f6bd412bb6f101204b7bd&livekey=01WgOR41rriMmMkzNsd0UoaxJRwetZdxIvtVk,9.883,其它
湖北卫视,http://223.95.198.3:8000/hls/32/index.m3u8,8.351,卫视 SD（632条）
湖北卫视,http://124.93.18.239:9003/hls/38/index.m3u8,6.811,卫视 SD（632条）
湖北卫视,http://61.178.227.57:9901/tsfile/live/0132_1.m3u8?key=txiptv&amp;playlive=1&amp;authid=0,7.211,卫视 SD（632条）
湖北卫视,http://183.62.8.58:50085/tsfile/live/0132_1.m3u8?key=txiptv&playlive=1&authid=0,4.434,卫视 SD（632条）
湖北卫视,http://221.7.49.226:50085/tsfile/live/0132_1.m3u8?key=txiptv&playlive=1&authid=0,5.502,卫视 SD（632条）
湖北卫视,http://111.56.90.5/000000000000/5000000010000022140/index.m3u8,2.876,卫视 SD（632条）
湖北卫视,http://61.178.227.57:9901/tsfile/live/0132_1.m3u8?key=txiptv&playlive=1&authid=0,6.694,卫视 SD（632条）
湖北卫视,http://27.129.145.110:4433/hls/39/index.m3u8,7.125,卫视 SD（632条）
湖北卫视,http://nn.7x9d.cn/mk.php?ip=118.212.78.74:8014&id=hbws,7.896,其它
湖北卫视,https://live.264788.xyz/channel/hubeiweishi?streamid=6b2a1b3ca23668e002fb2a6ff0f3a928&livekey=01WgOR41rriMmMkzNsd0UoaxJRwetZdxIvtVk,9.855,其它
湖北卫视,http://111.56.90.5/000000000000/1000000005000265023/1.m3u8,3.106,其它
湖北卫视,http://111.56.90.5/000000000000/6000000001000015436/1.m3u8,3.156,其它
湖北卫视,https://live.264788.xyz/channel/hubeiweishi?streamid=5f57cbadedc2a213746e3a599219e2f1&livekey=01WgOR41rriMmMkzNsd0UoaxJRwetZdxIvtVk,9.724,其它
湖北卫视,https://live.264788.xyz/channel/hubeiweishi?streamid=501fea86d3931580a92805df154b7002&livekey=01WgOR41rriMmMkzNsd0UoaxJRwetZdxIvtVk,6.322,其它
湖北卫视,http://111.56.90.5/000000000000/1000000001000024621/1.m3u8,3.147,其它
湖北卫视,https://live.264788.xyz/channel/hubeiweishi?streamid=08d72c3923d4678347468aefd5ed9877&livekey=01WgOR41rriMmMkzNsd0UoaxJRwetZdxIvtVk,9.371,其它
湖北卫视,https://live.264788.xyz/channel/hubeiweishi?streamid=3178da013d951c658209016c1fb875ad&livekey=01WgOR41rriMmMkzNsd0UoaxJRwetZdxIvtVk,9.294,其它
湖北卫视,https://live.264788.xyz/channel/hubeiweishi?streamid=e5e8827bbbb6fed082b85a0b9970586b&livekey=01WgOR41rriMmMkzNsd0UoaxJRwetZdxIvtVk,8.054,其它
湖北卫视-高清,http://114.241.111.4:85/tsfile/live/40/1040_1.m3u8?key=txiptv,5.214,卫视 高清/HD（33条）
湖北影视高清,http://61.184.46.85:85/tsfile/live/1000_1.m3u8?key=txiptv&playlive=1&authid=0,2.592,其它 高清/HD（158条）
湖南卫视,http://223.95.198.3:8000/hls/25/index.m3u8,8.869,卫视 SD（632条）
湖南卫视,http://124.93.18.239:9003/hls/32/index.m3u8,6.414,卫视 SD（632条）
湖南卫视,http://61.178.227.57:9901/tsfile/live/0128_1.m3u8?key=txiptv&amp;playlive=1&amp;authid=0,7.709,卫视 SD（632条）
湖南卫视,http://183.237.240.235:808/hls/27/index.m3u8,3.478,卫视 SD（632条）
湖南卫视,http://111.56.90.5/000000000000/5000000004000006692/index.m3u8,2.174,卫视 SD（632条）
湖南卫视,http://221.7.49.226:50085/tsfile/live/0128_1.m3u8?key=txiptv&playlive=1&authid=0,5.679,卫视 SD（632条）
湖南卫视,https://txmov2.a.kwimgs.com/bs3/video-hls/5199687338554291078_hlsb.m3u8,5.683,卫视 SD（632条）
湖南卫视,http://27.129.145.110:4433/hls/23/index.m3u8,7.753,卫视 SD（632条）
湖南卫视,http://183.223.157.33:9901/tsfile/live/0019_1.m3u8?key=txiptv&playlive=1&authid=0,2.711,卫视 SD（632条）
湖南卫视,http://183.62.8.58:50085/tsfile/live/0128_1.m3u8?key=txiptv&playlive=1&authid=0,5.755,卫视 SD（632条）
湖南卫视,http://120.211.62.180:8000/hls/30/index.m3u8,2.700,卫视 SD（632条）
湖南卫视,http://nn.7x9d.cn/mk.php?ip=118.212.78.74:8014&id=hunanws,6.899,其它
湖南卫视,https://live.264788.xyz/channel/hunanweishi?streamid=37cb5c9acb9e3f8181024abb01b76800&livekey=01WgOR41rriMmMkzNsd0UoaxJRwetZdxIvtVk,8.733,其它
湖南卫视,https://live.264788.xyz/channel/hunanweishi?streamid=e9d82e727780e80a83d0225fa0fa8dfe&livekey=01WgOR41rriMmMkzNsd0UoaxJRwetZdxIvtVk,8.566,其它
湖南卫视,http://111.56.90.5/000000000000/1000000005000265024/1.m3u8,3.099,其它
湖南卫视,https://live.264788.xyz/channel/hunanweishi?streamid=55aa70b744ce4863ca4f21755ce7821f&livekey=01WgOR41rriMmMkzNsd0UoaxJRwetZdxIvtVk,9.637,其它
湖南卫视,https://live.264788.xyz/channel/hunanweishi?streamid=763a3d2b96259ea95b79897ae6de248d&livekey=01WgOR41rriMmMkzNsd0UoaxJRwetZdxIvtVk,7.321,其它
湖南卫视,http://111.56.90.5/000000000000/6000000001000018044/1.m3u8,2.023,其它
湖南卫视,http://111.56.90.5/000000000000/5000000004000006692/1.m3u8,2.140,其它
湖南卫视,https://live.264788.xyz/channel/hunanweishi?streamid=0828c5c3517aef9c72343736b2d9d1f9&livekey=01WgOR41rriMmMkzNsd0UoaxJRwetZdxIvtVk,8.935,其它
湖南卫视 超清,http://114.241.111.4:85/tsfile/live/26/1026_1.m3u8?key=txiptv,4.045,卫视 SD（632条）
湖南卫视4K,http://hlsal-ldvt.qing.mgtv.com/nn_live/nn_x64/dWlwPTEyNy4wLjAuMSZ1aWQ9cWluZy1jbXMmbm5fdGltZXpvbmU9OCZjZG5leF9pZD1hbF9obHNfbGR2dCZ1dWlkPTliODY4NmU5ZTM2YzYwMmMmZT02OTE0NjA0JnY9MSZpZD1ITldTWkdTVCZzPTcwN2RiYTc2YzJjNmJmMTQ4MmUyZGYzOWU2NWM3YWFi/HNWSZGST.m3u8,14.521,其它 SD（412条）
湖南卫视4K,http://hlsal-ldvt.qing.mgtv.com/nn_live/nn_x64/Y2RuZXhfaWQ9YWxfaGxzX2xkdnQmZT02OTE0NjA0JnY9MSZpZD1ITldTWkdTVCZzPTcwN2RiYTc2YzJjNmJmMTQ4MmUyZGYzOWU2NWM3YWFi/HNWSZGST.m3u8,10.855,卫视 4D/超高清（7条）
湖南卫视4K,https://live.264788.xyz/channel/hunanweishi4k?streamid=e7f9a38ccce9109f57a4f4e2e2218351&livekey=01WgOR41rriMmMkzNsd0UoaxJRwetZdxIvtVk,5.433,其它
湖南卫视4K,https://live.264788.xyz/channel/hunanweishi4k?streamid=1d2cff60e497ead8198445a199d19583&livekey=01WgOR41rriMmMkzNsd0UoaxJRwetZdxIvtVk,7.081,其它
湖南卫视移动,http://39.165.39.49:85/tsfile/live/1140_1.m3u8?key=txiptv&playlive=0&authid=0,2.080,卫视 SD（632条）
湖南国际,https://phoneal.qing.mgtv.com/nn_live/nn_x64/Y2RuZXhfaWQ9YWxfaGxzX2xkdnQmZT02OTE0NjA0JnY9MSZpZD1ITldTWkdTVCZzPTcwN2RiYTc2YzJjNmJmMTQ4MmUyZGYzOWU2NWM3YWFi/HNGJMPP360.m3u8,5.379,其它
湖南娱乐,https://phoneal.qing.mgtv.com/nn_live/nn_x64/Y2RuZXhfaWQ9YWxfaGxzX2xkdnQmZT02OTE0NjA0JnY9MSZpZD1ITldTWkdTVCZzPTcwN2RiYTc2YzJjNmJmMTQ4MmUyZGYzOWU2NWM3YWFi/HNYLMPP360.m3u8,4.632,其它
湖南快乐购,https://phoneal.qing.mgtv.com/nn_live/nn_x64/Y2RuZXhfaWQ9YWxfaGxzX2xkdnQmZT02OTE0NjA0JnY9MSZpZD1ITldTWkdTVCZzPTcwN2RiYTc2YzJjNmJmMTQ4MmUyZGYzOWU2NWM3YWFi/KLGMPP360.m3u8,4.464,其它
湖南爱晚,https://phoneal.qing.mgtv.com/nn_live/nn_x64/Y2RuZXhfaWQ9YWxfaGxzX2xkdnQmZT02OTE0NjA0JnY9MSZpZD1ITldTWkdTVCZzPTcwN2RiYTc2YzJjNmJmMTQ4MmUyZGYzOWU2NWM3YWFi/HNGGMPP360.m3u8,4.526,其它
湖南电影,https://phoneal.qing.mgtv.com/nn_live/nn_x64/Y2RuZXhfaWQ9YWxfaGxzX2xkdnQmZT02OTE0NjA0JnY9MSZpZD1ITldTWkdTVCZzPTcwN2RiYTc2YzJjNmJmMTQ4MmUyZGYzOWU2NWM3YWFi/HNDYMPP360.m3u8,3.446,其它 SD（412条）
湖南电视剧,http://175.155.106.72:89/live1/live1.m3u8?zsicd,7.571,其它
湖南电视剧,https://phoneal.qing.mgtv.com/nn_live/nn_x64/Y2RuZXhfaWQ9YWxfaGxzX2xkdnQmZT02OTE0NjA0JnY9MSZpZD1ITldTWkdTVCZzPTcwN2RiYTc2YzJjNmJmMTQ4MmUyZGYzOWU2NWM3YWFi/HNDSJMPP360.m3u8,4.801,其它
湖南经视,https://phoneal.qing.mgtv.com/nn_live/nn_x64/Y2RuZXhfaWQ9YWxfaGxzX2xkdnQmZT02OTE0NjA0JnY9MSZpZD1ITldTWkdTVCZzPTcwN2RiYTc2YzJjNmJmMTQ4MmUyZGYzOWU2NWM3YWFi/HNJSMPP360.m3u8,4.752,其它
湖南都市,https://phoneal.qing.mgtv.com/nn_live/nn_x64/Y2RuZXhfaWQ9YWxfaGxzX2xkdnQmZT02OTE0NjA0JnY9MSZpZD1ITldTWkdTVCZzPTcwN2RiYTc2YzJjNmJmMTQ4MmUyZGYzOWU2NWM3YWFi/HNDSMPP360.m3u8,5.218,其它
湖州公共,http://hzcm-live.media.hugd.com/1e6b554b9ab74513958c0e1ffe664d22/9acaa7634309494cb29a85eb12136607.m3u8?auth_key=2272900830-9a2389b8bf4e49d580d4ad807423d326-0-ea78a5c7a678c436263582d368f5009e&amp;fbl=,3.942,其它
湖州公共频道|澜露直播,http://hzcm-live.media.hugd.com/1e6b554b9ab74513958c0e1ffe664d22/9acaa7634309494cb29a85eb12136607.m3u8?auth_key=2272900830-9a2389b8bf4e49d580d4ad807423d326-0-ea78a5c7a678c436263582d368f5009e,3.584,其它
湖州文化娱乐,http://hzcm-live.media.hugd.com/613c47f0ab0d4eaa98b21378d0db6ded/0051d31c9dd543a7825eea4e49675b2a.m3u8?auth_key=2277598059-0a5ebfa1c0dc4671b42a60810fc37039-0-fa625b7d1feab612062453c12e3c8887,9.321,其它
湖州文化娱乐|澜露直播,http://hzcm-live.media.hugd.com/613c47f0ab0d4eaa98b21378d0db6ded/0051d31c9dd543a7825eea4e49675b2a.m3u8?auth_key=2277598059-0a5ebfa1c0dc4671b42a60810fc37039-0-fa625b7d1feab612062453c12e3c8887&fbl=,9.216,其它
湖州新闻综合,http://hzcm-live.media.hugd.com/3f5fa7d64c7c46a38c6bd8ad35e836cc/65128273761b4731ae53729ea6dcf932.m3u8?auth_key=2277598215-9d21c15111244bea8d298c361d31a72e-0-d031198f58d44b0e91ba2e3f3b188865,2.303,其它 SD（412条）
湖州新闻综合,https://hzcm-live.media.hugd.com/3f5fa7d64c7c46a38c6bd8ad35e836cc/65128273761b4731ae53729ea6dcf932.m3u8?auth_key=2277598215-9d21c15111244bea8d298c361d31a72e-0-d031198f58d44b0e91ba2e3f3b188865,2.173,其它
湖州新闻综合|澜露直播,http://hzcm-live.media.hugd.com/3f5fa7d64c7c46a38c6bd8ad35e836cc/65128273761b4731ae53729ea6dcf932.m3u8?auth_key=2277598215-9d21c15111244bea8d298c361d31a72e-0-d031198f58d44b0e91ba2e3f3b188865&amp;fbl=,2.269,其它 SD（412条）
湘女多情,https://cfss.cc/api/kg/14853209.mp4,24.763,其它
湿地有萌兽,http://newcntv.qcloudcdn.com/asp/hls/1200/0303000a/3/default/e3c31d84ec7e4035a8501db9df1d140b/1200.m3u8,2.084,其它
溧水新闻综合,http://lishui-tv-hls.cm.jstv.com/lishui-tv/lsxwzh.m3u8,2.343,其它 SD（412条）
滕州综合|澜露直播,http://1.94.31.214/php/qilu.php?id=zztzzh,12.706,其它
滨海新闻综合,http://binhai-tv-hls.cm.jstv.com/binhai-tv/news.m3u8,5.162,其它 SD（412条）
漂移,https://cfss.cc/api/kg/3770369.mp4,10.122,其它
漫游世界,http://111.56.90.5/000000000000/6000000003000028434/index.m3u8,2.879,其它
潍坊影视综艺,http://1.94.31.214/php/qilu.php?id=wfyswy,8.447,其它
潍坊影视综艺|澜露直播,http://43.138.196.212/q0l.php?id=wfyswy,8.898,其它
潍坊新闻综合,http://1.94.31.214/php/qilu.php?id=wfxwzh,8.947,其它 SD（412条）
潍坊新闻综合|澜露直播,http://43.138.196.212/q0l.php?id=wfxwzh,8.258,其它 SD（412条）
潍坊滨海新闻|澜露直播,http://1.94.31.214/php/qilu.php?id=wfbhxw,6.909,其它 SD（412条）
潍坊生活,http://1.94.31.214/php/qilu.php?id=wfsh,8.821,其它
潍坊生活|澜露直播,http://43.138.196.212/q0l.php?id=wfsh,8.249,其它
潍坊科教文旅,http://1.94.31.214/php/qilu.php?id=wfkjwl,7.933,其它
潍坊科教文旅|澜露直播,http://43.138.196.212/q0l.php?id=wfkjwl,8.713,其它
潍坊高新区|澜露直播,http://1.94.31.214/php/qilu.php?id=wfgxq,10.646,其它
潍坊高新区|澜露直播,http://43.138.196.212/q0l.php?id=wfgxq,10.089,其它
潍城TV|澜露直播,http://43.138.196.212/q0l.php?id=wfwc,6.203,其它
潍城|澜露直播,http://1.94.31.214/php/qilu.php?id=wfwc,5.540,其它
潘玮柏/弦子-不得不爱,https://www.iesdouyin.com/aweme/v1/play/?video_id=v0d00fg10000ct4mq2vog65i8p1hflg0&ratio=720p&line=0,45.595,其它
潘玮柏/弦子-不得不爱,https://www.iesdouyin.com/aweme/v1/playwm/?video_id=v0d00fg10000ct4mq2vog65i8p1hflg0&ratio=720p&line=0,54.567,其它
潘玮柏精选28首(1小时),https://txmov2.a.kwimgs.com/upic/2021/02/18/21/BMjAyMTAyMTgyMTI0MzNfODI4NTk1NTQ0XzQ0NTk2NzM2MDU3XzJfMw==_b_B92f3c6849966ee988590af29cfd9237b.mp4?tag=1-1750435163-std-1-6qxcke5wod-82a7afd374de76aa&clientCacheKey=3xabaxhvbd3me8s_b.mp4,9.606,其它
潜水大师的岛上生活(上),http://newcntv.qcloudcdn.com/asp/hls/1200/0303000a/3/default/cd88344f084b47c593388fdf6a8c443f/1200.m3u8,2.090,其它
潢川综合,http://tvpull.dxhmt.cn:9081/tv/11526-1.m3u8?%E5%85%B3%E6%B3%A8%E5%BE%AE%E4%BF%A1%E5%85%AC%E4%BC%97%E5%8F%B7[%E6%99%B4%E5%9B%AD],10.373,其它
潮妈辣婆,http://111.56.90.5/000000000000/6516734029835465177/index.m3u8,2.832,其它
潮州民生,http://183.237.240.235:808/hls/55/index.m3u8,2.973,其它
灌篮AI黄家驹,https://sns-video-default.xhscdn.com/stream/1/110/258/01e8c0461f072ec101037001992f147f11_258.mp4,30.888,其它
灵宝新闻综合,http://tvpull.dxhmt.cn:9081/tv/11282-1.m3u8,13.691,其它 SD（412条）
炫动 3D,http://111.56.90.5/000000000000/6000000003000000558/index.m3u8,2.257,其它
炫动卡通,http://120.198.95.220:9901/tsfile/live/1034_1.m3u8?key=txiptv,2.726,其它
炫舞未来,http://111.56.90.5/000000000000/1000000001000000515/index.m3u8,2.905,其它
点掌财经,https://volcanopull.aniu.tv/live/aniu2/index.m3u8,23.864,其它
烘窑-乔慷慨徐松林马亚娟,http://gcw.bdcdn.shoujiduoduo.com/v/201022/5f685d591e2b64965945a462f8d989d8.mp4,25.622,其它
热情如火,https://alimov2.a.kwimgs.com/upic/2023/10/06/17/BMjAyMzEwMDYxNzI3MjdfMzM5Njk4MTMyNl8xMTQ0NzMyMDcyODNfMF8z_b_B3f156d567c83c0f043a134acdceb0b27.mp4,9.580,其它
热门剧场,http://111.56.90.5/000000000000/5000000011000288010/index.m3u8,3.081,其它
热门歌曲DJ点播,https://txmov2.a.kwimgs.com/bs3/video-hls/5232619944545910926_hlsb.m3u8,4.944,其它
烽烟剧场,http://111.56.90.5/000000000000/1000000004000013730/index.m3u8,3.070,其它
焦作公共频道,http://zhpull.dxhmt.cn/jiaozuo/29b65b69130c4ef1a3283cc7b913da05/playlist.m3u8?zhend,7.549,其它
焦作公共频道|澜露直播,http://zhpull.dxhmt.cn/jiaozuo/29b65b69130c4ef1a3283cc7b913da05/playlist.m3u8,11.073,其它
焦作综合频道,http://zhpull.dxhmt.cn/jiaozuo/b75a92c9503e47cf9e89f7ff247b65f2/playlist.m3u8?zhend,9.876,其它
焦作综合频道|澜露直播,http://zhpull.dxhmt.cn/jiaozuo/b75a92c9503e47cf9e89f7ff247b65f2/playlist.m3u8,8.239,其它
爱你是这样苦DJ,https://vd4.bdstatic.com/mda-nca7s910919tw2qb/720p/h264_delogo/1646976619006116412/mda-nca7s910919tw2qb.mp4?token=83cf558ec99275b40b47b1388ec236d2,2.679,其它
爱你没差,https://cfss.cc/api/kg/601548.mp4,8.251,其它
爱在西元前,https://cfss.cc/api/kg/596904.mp4,11.067,其它
爱悬疑,http://111.56.90.5/000000000000/6000000006000050630/index.m3u8,3.136,其它
爱情悬崖,https://cfss.cc/api/kg/1128.mp4,12.103,其它
爱情情歌dj网,https://vd2.bdstatic.com/mda-mkq4iax6ed1yimay/sc/cae_h264/1637837116068761026/mda-mkq4iax6ed1yimay.mp4,2.311,其它
爱情重口味播,https://sns-video-default.xhscdn.com/stream/79/110/258/01e8bfa076bc7f7f4f037001992c8c570d_258.mp4,10.518,其它
爱情鸟,http://vdown.kuwo.cn:80/resource//t4/69/75/bD9N0L_qjcM.mp4,14.495,其它
爱我别走,https://cfss.cc/api/kg/34680.mp4,6.710,其它
爱拼才会赢,http://vdown.kuwo.cn:80/resource//t4/20/1/y12_ecvVJgA.mp4,25.999,其它
爱是一场梦DJ,https://www.iesdouyin.com/aweme/v1/playwm/?video_id=v0200fg10000csppmffog65uhi36ibtg&ratio=720p&line=0,17.025,其它
爱浪漫,http://111.56.90.5/000000000000/6000000006000040630/index.m3u8,3.083,其它
爱琴海,https://cfss.cc/api/kg/14853246.mp4,32.161,其它
爱的飞行日记,https://cfss.cc/api/kg/91179.mp4,8.985,其它
爱谍战,http://111.56.90.5/000000000000/6000000006000070630/index.m3u8,3.130,其它
爱院线,http://111.56.90.5/000000000000/6000000006000030630/index.m3u8,3.083,其它
牟平新闻|澜露直播,http://43.138.196.212/q0l.php?id=ytmpxw,11.671,其它 SD（412条）
牟平综合|澜露直播,http://1.94.31.214/php/qilu.php?id=ytmpzh,12.702,其它
牟生活|澜露直播,http://zmgd.zyrnet.com:8888/hls/20/index.m3u8,2.980,其它
牡丹综艺|澜露直播,http://1.94.31.214/php/qilu.php?id=hzmdzy,12.304,其它
狂飙30,https://p26-sign.douyinpic.com/obj/tos-cn-v-0000c2367/d56a84c47e784df79acbcd72b99930cf?filename=1.mp4&x-expires=1990620000&x-signature=kiCGy9kGgybCIVahSdiVwWBsSus%3D,70.241,其它
狂飙36,https://p26-sign.douyinpic.com/obj/tos-cn-v-0000c2367/1c03129b2d624023b73ea05806923742?filename=1.mp4&x-expires=1990620000&x-signature=7TBUReFxuLYRdTWrUXcOr32AxUk%3D,71.417,其它
狮子捕猎计划,http://newcntv.qcloudcdn.com/asp/hls/1200/0303000a/3/default/6f2b58a05add4e2a9907ba370473332a/1200.m3u8,2.921,其它
狮子的荣耀回归之路3,http://newcntv.qcloudcdn.com/asp/hls/1200/0303000a/3/default/50ef8c8037da4735a9cb9288f45878b0/1200.m3u8,3.186,其它
猎手求生记,http://newcntv.qcloudcdn.com/asp/hls/1200/0303000a/3/default/5bc79939a4804f199e606cc08b1bb416/1200.m3u8,2.648,其它
猎豹妈妈育儿记(下),http://newcntv.qcloudcdn.com/asp/hls/1200/0303000a/3/default/fca702ad83284ff0a3b883a735913060/1200.m3u8,2.097,其它
玉山|澜露直播,http://play-a2.quklive.com/live/1744269699236128.m3u8,5.797,其它
玉山|澜露直播,https://play-a2.quklive.com/live/1744269699236128.m3u8,5.667,其它
王力宏精选30首(2小时),https://txmov2.a.kwimgs.com/upic/2020/09/30/21/BMjAyMDA5MzAyMTU2NTNfODI4NTk1NTQ0XzM2ODY1NDA2MDM3XzJfMw==_b_Bf61393cb3ef5f8ab4b687ae367ed1211.mp4,9.883,其它
王华买爹第1集,http://gcw.bdcdn.shoujiduoduo.com/episodes/210712/10033019/eac79457c0bbc458be19715b4bdc573f.mp4,7.298,其它
王华买爹第2集,http://gcw.bdcdn.shoujiduoduo.com/episodes/210712/10033019/060dde67d9a7e11898d2ab7d473b5509.mp4,12.917,其它
王华买爹第3集,http://gcw.bdcdn.shoujiduoduo.com/episodes/210712/10033019/55da4c403d2ea51fa5602f304d4febc3.mp4,10.243,其它
王华买爹第6集,http://gcw.bdcdn.shoujiduoduo.com/episodes/210712/10033019/27bfba291a0fb4f0bce5377b27f709f5.mp4,16.021,其它
王华买爹第7集,http://gcw.bdcdn.shoujiduoduo.com/episodes/210712/10033019/92fa5f80e4dc70d3fdea32b0c386a821.mp4,9.958,其它
王心凌-当你,https://www.iesdouyin.com/aweme/v1/playwm/?video_id=v0d00fg10000ciro1jbc77u72t4qmdpg&ratio=720p&line=0,5.773,其它
王心凌-第一次爱的人,https://www.iesdouyin.com/aweme/v1/playwm/?video_id=v0200fg10000ca7f43jc77u3aleiupe0&ratio=720p&line=0,8.658,其它
王心凌精选69首(4小时),https://txmov2.a.kwimgs.com/upic/2023/07/26/22/BMjAyMzA3MjYyMjExNTNfMzYxMjUyNDA3MV8xMDg5NTQ4NjE1ODlfMF8z_b_Bdded2693ce6f7de089cfd7030b45bef7.mp4,5.272,其它
王心凌经典合集,https://txmov2.a.kwimgs.com/bs3/video-hls/5210946351305777158_hlsb.m3u8,2.712,其它
王扁-青春修炼手册,https://www.iesdouyin.com/aweme/v1/playwm/?video_id=v0d00fg10000ct5htv7og65lsidd7i80&ratio=720p&line=0,12.312,其它
王杰-谁明浪子心,https://www.iesdouyin.com/aweme/v1/play/?video_id=v0300fg10000c5knm9rc77uboe0h3rgg&ratio=720p&line=0,35.634,其它
王杰-谁明浪子心,https://www.iesdouyin.com/aweme/v1/playwm/?video_id=v0300fg10000c5knm9rc77uboe0h3rgg&ratio=720p&line=0,24.558,其它
王杰精选30首(2小时),https://txmov2.a.kwimgs.com/upic/2020/09/06/17/BMjAyMDA5MDYxNzU1MjJfMTc4NDYxNDcyNl8zNTYyMjQ2ODIxNl8yXzM=_b_Bc35f6a28c8cf25ea947bc122c176b034.mp4,8.987,其它
王茂林,http://gcw.bdcdn.shoujiduoduo.com/v/190925/29d1d265eb98e2ceb273c8090f19c71e.mp4,18.967,其它
王茂林,http://gcw.bdcdn.shoujiduoduo.com/v/191109/4ddcbf706025b04b2a1c97e501777bb6.mp4,9.339,其它
王菲-容易受伤的女人,https://www.iesdouyin.com/aweme/v1/play/?video_id=v0200fg10000coul6kjc77u020n5vnvg&ratio=720p&line=0,57.615,其它
王菲-容易受伤的女人(国语),http://vodcdn.video.taobao.com/oss/ali-video/84722d96b62883dafdcc154afbf0bb03/video.m3u8,7.155,其它
王菲-执迷不悔,http://vodcdn.video.taobao.com/oss/ali-video/15bf7da88b44048edaabe73d6b17c00b/video.m3u8,5.419,其它
王菲精选145首(10小时),https://k0u6fy1dy17yc5zw2409x8c5ex5000x740xx5z.djvod.ndcimgs.com/bs3/video-hls/5230931130420749618_8530c04da878a1f8_4119_hlsb.m3u8,2.599,其它
王蓝茵-恶作剧,https://www.iesdouyin.com/aweme/v1/play/?video_id=v0300fg10000ciocl7jc77u2jkq998s0&ratio=720p&line=0,12.200,其它
王蓝茵-恶作剧,https://www.iesdouyin.com/aweme/v1/playwm/?video_id=v0300fg10000ciocl7jc77u2jkq998s0&ratio=720p&line=0,17.203,其它
王麟-伤不起,http://vodcdn.video.taobao.com/oss/ali-video/1e3633ff1c3a525e148968b45c18f780/video.m3u8,3.337,其它
环球电视台720p,http://utv1.hqtvzb.com:9999/hls/world.m3u8,3.187,其它 SD（412条）
现代曲剧--《慈母情和慈母心》合集。,http://gcw.bdcdn.shoujiduoduo.com/v/201112/274d53474cf5251ff953ce385c73cc67.mp4,7.960,其它
珊瑚海,https://cfss.cc/api/kg/93469.mp4,7.155,其它
珙县综合|澜露直播,http://m3u8.chuanqigongxian.cn/nmip-media/channellive/channel100449/playlist.m3u8,2.982,其它
瑞安|澜露直播,http://play-sh-21.quklive.com/live/1681269183807252.m3u8?auth_key=2033114999-67ff99bfbe1b4577b013750618ffce6b-0-454401c27452e83159ca9466ef742db2,3.798,其它
瑞金|澜露直播,http://play-a2.quklive.com/live/1760408109205119.m3u8,3.810,其它
瑞金|澜露直播,https://play-a2.quklive.com/live/1760408109205119.m3u8,3.990,其它
瓦解,https://txmov2.a.kwimgs.com/upic/2025/05/18/18/BMjAyNTA1MTgxODM3NDdfMTA1MDEwOTk4Ml8xNjQ2MDE0MjY0NjVfMl8z_b_Bbfb62e6b9d724cd45a3ed462e4c16f39.mp4,9.466,其它
甄嬛歪传-宋小宝,http://uptt.gcwduoduo.com/v/220702/6fd44b94ee6a4c6ca9bb3cf9e9a4e933.mp4,11.750,其它
甘肃卫视,http://223.95.198.3:8000/hls/42/index.m3u8,7.866,卫视 SD（632条）
甘肃卫视,http://111.56.90.5/000000000000/5000000006000040021/index.m3u8,2.798,卫视 SD（632条）
甘肃卫视,http://61.178.227.57:9901/tsfile/live/0110_1.m3u8?key=txiptv&amp;playlive=1&amp;authid=0,7.084,卫视 SD（632条）
甘肃卫视,http://124.93.18.239:9003/hls/51/index.m3u8,2.712,卫视 SD（632条）
甘肃卫视,https://live.264788.xyz/channel/gansuweishi?streamid=f60c1d3f290ed5ccba22a6ed075ce018&livekey=01WgOR41rriMmMkzNsd0UoaxJRwetZdxIvtVk,7.552,其它
甘肃卫视,https://live.264788.xyz/channel/gansuweishi?streamid=1a138e550cc9a42a93bd999c5e2e4f06&livekey=01WgOR41rriMmMkzNsd0UoaxJRwetZdxIvtVk,10.685,其它
甘肃卫视,http://111.56.90.5/000000000000/1000000002000017827/1.m3u8,3.009,其它
甘肃卫视,http://111.56.90.5/000000000000/5000000006000040021/1.m3u8,2.944,其它
甘肃卫视,http://111.56.90.5/000000000000/5000000011000031121/1.m3u8,2.173,其它
甘肃卫视,https://live.264788.xyz/channel/gansuweishi?streamid=0f9c89dc7cf036736214c8f50951fcfe&livekey=01WgOR41rriMmMkzNsd0UoaxJRwetZdxIvtVk,9.623,其它
甘肃卫视,https://live.264788.xyz/channel/gansuweishi?streamid=ea89500213860e097dbc0aee4897a35e&livekey=01WgOR41rriMmMkzNsd0UoaxJRwetZdxIvtVk,8.122,其它
甘肃卫视,https://live.264788.xyz/channel/gansuweishi?streamid=466083ee6981dccb38d23b5556b27f6e&livekey=01WgOR41rriMmMkzNsd0UoaxJRwetZdxIvtVk,8.609,其它
甘肃卫视,https://live.264788.xyz/channel/gansuweishi?streamid=7e5725bd0fd11e1838df3be9dcf1ecc9&livekey=01WgOR41rriMmMkzNsd0UoaxJRwetZdxIvtVk,7.670,其它
甜歌美人舞,https://vd2.bdstatic.com/mda-ndr6b7bxbcxhs2hn/480p/h264_delogo/1650947738307316588/mda-ndr6b7bxbcxhs2hn.mp4?token=83cf558ec99275b40b47b1388ec236d2,2.880,其它
甜甜的,https://cfss.cc/api/kg/758285.mp4,3.935,其它
甜蜜歌曲送上《来生再去拥抱你》《动了心的人无解药》就是好听,https://vd3.bdstatic.com/mda-nda6siumgkhu1m6b/1080p/cae_h264_delogo/1649653441198799736/mda-nda6siumgkhu1m6b.mp4,2.926,其它
生命脉动,http://newcntv.qcloudcdn.com/asp/hls/850/0303000a/3/default/c481b5826ffc4e99a92e01704c862dbc/850.m3u8,4.226,其它
生活时尚,https://live.264788.xyz/channel/shenghuoshishang?streamid=a68e3d707863ac829eed4aed0aff6625&livekey=01WgOR41rriMmMkzNsd0UoaxJRwetZdxIvtVk,8.559,其它
生活时尚,https://live.264788.xyz/channel/shenghuoshishang?streamid=cb8f820b65576198b4e792f919fe8a43&livekey=01WgOR41rriMmMkzNsd0UoaxJRwetZdxIvtVk,10.065,其它
生活时尚,https://live.264788.xyz/channel/shenghuoshishang?streamid=df8acfed0e19ec27634d668faa0861a6&livekey=01WgOR41rriMmMkzNsd0UoaxJRwetZdxIvtVk,7.459,其它
生活时尚,https://live.264788.xyz/channel/shenghuoshishang?streamid=b8d540e24d2545bc5082dcf7414eb836&livekey=01WgOR41rriMmMkzNsd0UoaxJRwetZdxIvtVk,9.743,其它
田威虎,http://gcw.bdcdn.shoujiduoduo.com/v/191227/bf06f5573bbab198867401145d650d5c.mp4,16.832,其它
电子琴20分钟音乐,https://vdse.bdstatic.com//aa18d91f14915e1e79eacb046ac7747e.mp4,4.030,其它
电竞天堂,http://111.56.90.5/000000000000/5000000011000288003/index.m3u8,3.111,其它
电视剧歌曲合集,https://alimov2.a.kwimgs.com/upic/2022/03/03/00/BMjAyMjAzMDMwMDA1MThfODI4NTk1NTQ0XzY4NzY0NTM0NTk3XzJfMw==_b_B657263864dc4be00e4943c7700e92685.mp4,14.891,其它
男儿当自强 林子祥,http://vdown.kuwo.cn:80/resource/t4/35/8/byLO9W5m5Y8.mp4,15.636,其它
画沙,https://cfss.cc/api/kg/1049660.mp4,10.046,其它
疯狂的爱,http://newcntv.qcloudcdn.com/asp/hls/1200/0303000a/3/default/35b481b5e27a4fa2b2c03f42596b68ba/1200.m3u8,2.134,其它
痴心是我犯的错,https://vd2.bdstatic.com/mda-ncpa1ziw0urtvsuy/720p/h264_delogo/1648105627756677310/mda-ncpa1ziw0urtvsuy.mp4,2.290,其它
登封综合,http://tvpull.dxhmt.cn:9081/tv/10185-1.m3u8?%E5%85%B3%E6%B3%A8%E5%BE%AE%E4%BF%A1%E5%85%AC%E4%BC%97%E5%8F%B7[%E6%99%B4%E5%9B%AD],10.155,其它
白日烟火,https://alimov2.a.kwimgs.com/upic/2023/10/24/11/BMjAyMzEwMjQxMTMyMzJfMjk4Mjk3ODMxOF8xMTU2NjAxOTE5MjVfMl8z_b_B2690f44d73a94ef073ca12944e22b34d.mp4?tag=1-1706079571-unknown-0-gsezwim9oj-0b2c165154512fc9&clientCacheKey=3xk9jjnavt5rxis_b.mp4&di=75b3b1ea&bp=10000&tt=b&ss=vp,18.187,其它
白色风车,https://cfss.cc/api/kg/3022748.mp4,17.319,其它
白银文教|澜露直播,https://play.kankanlive.com/live/1720408280309109.m3u8,3.136,其它
白银综合,http://play.kankanlive.com/live/1720408089419110.m3u8,7.131,其它
白银综合|澜露直播,https://play.kankanlive.com/live/1720408089419110.m3u8,2.978,其它
百变课堂,http://111.56.90.5/000000000000/5000000011000288001/index.m3u8,3.114,其它
百听不厌！,http://gcw.bdcdn.shoujiduoduo.com/v/190905/0ffb3123a3fe425d67064fab29954718.mp4,19.178,其它
相亲5-宋小宝,http://uptt.gcwduoduo.com/v/220420/f4b21b54f98cc7e4a48023442eecb9a9.mp4,17.321,其它
眉山丹棱综合,http://dlpull.2289869471.com/live/08f432a6018f10004816cbcd00000000/playlist.m3u8?wsSecret=d98e7f46e3e9a00831add9054a55cbfd&wsTime=2019657600,10.964,其它
眉飞色舞dj舞曲,https://vd2.bdstatic.com/mda-mkqi8zsh8r874xii/sc/cae_h264/1637854401020299343/mda-mkqi8zsh8r874xii.mp4,2.066,其它
看天下精选,http://111.56.90.5/000000000000/5000000011000288007/index.m3u8,3.060,其它
睢宁综合,http://suining-tv-hls.cm.jstv.com:80/suining-tv/suiningzh.m3u8,3.319,其它
睢宁综合,http://3739115311.cloudvdn.com/a.m3u8?domain=suining-tv-hls.cm.jstv.com&player=TwMAAPjPskOkJ6kX&secondToken=secondToken%3AjegfwzYXwUE9HzG7kRfhCd81WMU&streamid=suining-tv%3Asuining-tv%2Fsuiningzh&v3=1&zjiangsd=,2.275,其它
石嘴山公共|澜露直播,http://pili-live-rtmp-jrszs-tv.szsnews.com/jrszs-tv/ggpd.m3u8,3.278,其它
石嘴山综合|澜露直播,http://pili-live-rtmp-jrszs-tv.szsnews.com/jrszs-tv/zhpd.m3u8,4.186,其它
石棉综合频道|澜露直播,https://m3u8channel-sm.yunxya.com/nmip-media/channellive/channel100420/playlist.m3u8,9.011,其它
石河子教育,http://124.88.144.73:1935/live/xwzh/playlist.m3u8?%E5%85%B3%E6%B3%A8%E5%BE%AE%E4%BF%A1%E5%85%AC%E4%BC%97%E5%8F%B7[%E6%99%B4%E5%9B%AD],3.081,其它
石河子新闻综合,http://124.88.144.73:1935/live/xwzh/playlist.m3u8,2.473,其它
确山综合,http://tvpull.dxhmt.cn:9081/tv/11725-1.m3u8,11.122,其它
祁门,http://file.qmxrmt.com/nmip-media/channellive/channel108622/playlist.m3u8,3.200,其它
祁门综合,http://zbbf2.ahbztv.com/live/416.m3u8?zanhd,11.429,其它
福山综合|澜露直播,http://43.138.196.212/q0l.php?id=ytfszh,2.286,其它
福山综合|澜露直播,http://1.94.31.214/php/qilu.php?id=ytfszh,2.171,其它
福建东南卫视,http://120.211.62.180:8000/hls/34/index.m3u8,3.670,卫视 SD（632条）
福建公共,https://live.264788.xyz/channel/fujianxiangcungonggong?streamid=1cf7fc3a8f6d160c33b43c2f9507a0cc&livekey=01WgOR41rriMmMkzNsd0UoaxJRwetZdxIvtVk,9.751,其它
福建公共,https://live.264788.xyz/channel/fujianxiangcungonggong?streamid=2987cc24bada6a8c25589409a6452d9e&livekey=01WgOR41rriMmMkzNsd0UoaxJRwetZdxIvtVk,10.263,其它
福建少儿,https://live.264788.xyz/channel/fujianshaoer?streamid=e835a9456b847a72e1a0b8d64b585300&livekey=01WgOR41rriMmMkzNsd0UoaxJRwetZdxIvtVk,10.198,其它
福建教育,https://live.264788.xyz/channel/fujianjiaoyu?streamid=250b5a0e97980f68e40f3f91ab10ac74&livekey=01WgOR41rriMmMkzNsd0UoaxJRwetZdxIvtVk,11.639,其它
福建文体,https://live.264788.xyz/channel/fujianwenti?streamid=4601ea23011cea7e8814e708f2b0ada0&livekey=01WgOR41rriMmMkzNsd0UoaxJRwetZdxIvtVk,9.002,其它
福建新闻,https://live.264788.xyz/channel/fujianxinwen?streamid=1d7a4e8614e13d43791f381297047a1a&livekey=01WgOR41rriMmMkzNsd0UoaxJRwetZdxIvtVk,9.261,其它
福建新闻,https://live.264788.xyz/channel/fujianxinwen?streamid=3c0a220a2e444b45de5dbc40f99aa11b&livekey=01WgOR41rriMmMkzNsd0UoaxJRwetZdxIvtVk,4.614,其它
福建旅游,https://live.264788.xyz/channel/fujianlvyou?streamid=221239fcf3c7edb274f2f0760fe47f96&livekey=01WgOR41rriMmMkzNsd0UoaxJRwetZdxIvtVk,7.849,其它
福建生活,https://live.264788.xyz/channel/fujianjingji?streamid=ad4071bd733962e10d9f4a76600a28c0&livekey=01WgOR41rriMmMkzNsd0UoaxJRwetZdxIvtVk,9.361,其它
福建电视剧,https://live.264788.xyz/channel/fujiandianshiju?streamid=71f9763d50865c64951321e69e83c6f8&livekey=01WgOR41rriMmMkzNsd0UoaxJRwetZdxIvtVk,9.623,其它
福建电视剧,https://live.264788.xyz/channel/fujiandianshiju?streamid=c26b66c59ee4773061c78154e5877244&livekey=01WgOR41rriMmMkzNsd0UoaxJRwetZdxIvtVk,11.193,其它
福建综合,https://live.264788.xyz/channel/fujianzonghe?streamid=f614d92b7259456dde72c14924c6323a&livekey=01WgOR41rriMmMkzNsd0UoaxJRwetZdxIvtVk,10.189,其它
禹城综合|澜露直播,http://1.94.31.214/php/qilu.php?id=dzyczh,3.350,其它
禹州综合,http://tvpull.dxhmt.cn:9081/tv/11081-1.m3u8?%E5%85%B3%E6%B3%A8%E5%BE%AE%E4%BF%A1%E5%85%AC%E4%BC%97%E5%8F%B7[%E6%99%B4%E5%9B%AD],11.794,其它
禹州综合,http://tvpull.dxhmt.cn:9081/tv/11081-1.m3u8?zhend,17.955,其它
离开我的依赖DJ,https://www.iesdouyin.com/aweme/v1/playwm/?video_id=v1e00fgi0000d2hio3nog65lre771jt0&ratio=720p&line=0,3.244,其它
秘境里的动物王国,http://newcntv.qcloudcdn.com/asp/hls/1200/0303000a/3/default/bb36368ba24f47ed88d4204fd3db5483/1200.m3u8,2.285,其它
秘密花园,https://k0u3cydy43yaz.djvod.ndcimgs.com/bs2/photo-video-mz/5225864605208445410_36e3cffbcde751f5_4169_sl200hd15.mp4,3.708,其它
秦腔《别窑》全折,http://gcw.bdcdn.shoujiduoduo.com/v/191208/f2edc3e9c5200b7a3361550d4be037b5.mp4,14.338,其它
秦腔《赶坡》片段,http://gcw.bdcdn.shoujiduoduo.com/v/201029/eb7fbb8b56dade1730ec3a521a276b3c.mp4,4.385,其它
秦腔三上轿-朱海娥马一排米蓉,http://gcw.bdcdn.shoujiduoduo.com/v/200908/912b5c78edb4004719a47011cab98e8f.mp4,15.774,其它
秦腔三回头-李淑芳,http://gcw.bdcdn.shoujiduoduo.com/201805/1181-385.mp4,11.393,其它
秦腔三堂会审选段-侯红琴,http://gcw.bdcdn.shoujiduoduo.com/v/200113/fa6893077e4e9f682d765cce358cfa0a.mp4,12.324,其它
秦腔三堂会审选段-段红,http://gcw.bdcdn.shoujiduoduo.com/v/201212/79ff4a7a6bc351ad8df8efff13d6be34.mp4,13.690,其它
秦腔三滴血-韩利霞,http://gcw.bdcdn.shoujiduoduo.com/v/191004/1e032d5b6c57bdf8038024859abbf62e.mp4,9.469,其它
秦腔丑角教学-薛广民,http://gcw.bdcdn.shoujiduoduo.com/v/200509/61d5e4819b403fda0456a4f73466aa0d.mp4,5.609,其它
秦腔丑角顶灯,http://gcw.bdcdn.shoujiduoduo.com/v/190527/7be93f9f91da17aa3458efa99f4cb5f7.mp4,16.236,其它
秦腔二进宫-齐晓春,http://gcw.bdcdn.shoujiduoduo.com/v/210120/f4fb625fecd6e39818b90086e616ab19.mp4,10.716,其它
秦腔二进宫选段,http://gcw.bdcdn.shoujiduoduo.com/v/190605/9a4a9f8ea7fdebb896b9d2ae9eb42114.mp4,16.618,其它
秦腔全本《卖妙郎》银川市秦腔剧团演出,http://gcw.bdcdn.shoujiduoduo.com/v/190518/10003127.mp4,9.683,其它
秦腔全本《四进士》渭南市秦腔团,http://gcw.bdcdn.shoujiduoduo.com/v/190508/05ec40797c1591479c0cfe04e1eafa66.mp4,12.404,其它
秦腔折子戏《二进宫》,http://gcw.bdcdn.shoujiduoduo.com/v/190816/bc42f41cb749a3341bf1e7260a2413de.mp4,17.546,其它
秦腔折子戏三对面,http://gcw.bdcdn.shoujiduoduo.com/v/190508/79b13eb345c48bf9a90730a100e7fc5b.mp4,7.868,其它
秦腔放饭,http://gcw.bdcdn.shoujiduoduo.com/v/190213/af1af5231008fe001989a694411e539b.mp4,14.215,其它
秦腔背舌-陈仁义郭明霞,http://gcw.bdcdn.shoujiduoduo.com/v/201208/ff0d766225e6b49d2bd24ee8886ade39.mp4,15.064,其它
秦腔藏舟-李淑芳李东峰,http://gcw.bdcdn.shoujiduoduo.com/v/200914/d2231ef87c6bd335ecf2e5172724e746.mp4,19.722,其它
秦腔辕门斩子-刘随社,http://gcw.bdcdn.shoujiduoduo.com/v/190809/b7ced382854ce37580e52fbe424fd081.mp4,10.799,其它
秦腔连升店-杨东记,http://gcw.bdcdn.shoujiduoduo.com/v/191208/d513328096fbe5995a2be8e17241f9cc.mp4,12.164,其它
秦腔铡美案秦香莲告状-刘红梅,http://gcw.bdcdn.shoujiduoduo.com/v/201020/11058b60218df2f79fabede7d279dca2.mp4,7.803,其它
稻香,https://cfss.cc/api/kg/592103.mp4,9.335,其它
窒Suffocating,https://www.iesdouyin.com/aweme/v1/playwm/?video_id=v1e00fgi0000cugku9vog65immg30nmg&ratio=720p&line=0,18.414,其它
章丘TV-2|澜露直播,http://43.138.196.212/q0l.php?id=jnzq2,5.000,其它
章丘公共|澜露直播,http://1.94.31.214/php/qilu.php?id=jnzqgg,6.880,其它
章丘综合|澜露直播,http://43.138.196.212/q0l.php?id=jnzq1,4.676,其它
章丘综合|澜露直播,http://1.94.31.214/php/qilu.php?id=jnzqzh,5.643,其它
童话般的雨林(上),http://newcntv.qcloudcdn.com/asp/hls/1200/0303000a/3/default/a1672972c0b742239237bb1686ba0745/1200.m3u8,2.107,其它
童话般的雨林(下),http://newcntv.qcloudcdn.com/asp/hls/1200/0303000a/3/default/8e99e3c9f38340a98fb79b36ab1c863f/1200.m3u8,2.680,其它
第68集,https://vip.lz-cdn16.com/20230415/17012_63d9ea97/index.m3u8,2.073,其它
第一剧场,https://live.264788.xyz/channel/diyijuchang?streamid=e9b0fb1ca135a4aeae12944494883794&livekey=01WgOR41rriMmMkzNsd0UoaxJRwetZdxIvtVk,8.376,其它
第一剧场,https://live.264788.xyz/channel/diyijuchang?streamid=d81e188b59ece96b7e8f1ce34aea3ef8&livekey=01WgOR41rriMmMkzNsd0UoaxJRwetZdxIvtVk,7.944,其它
第一财经,https://live.264788.xyz/channel/diyicaijing?streamid=9c40de9ef5c8cdf9cc21d6ad9e6b9d76&livekey=01WgOR41rriMmMkzNsd0UoaxJRwetZdxIvtVk,7.239,其它
第一财经,https://live.264788.xyz/channel/diyicaijing?streamid=50d4da670b986b3815f3797d1ffe0c6e&livekey=01WgOR41rriMmMkzNsd0UoaxJRwetZdxIvtVk,6.770,其它
第一财经,https://live.264788.xyz/channel/diyicaijing?streamid=c8db609722f9ed252559f883cc079200&livekey=01WgOR41rriMmMkzNsd0UoaxJRwetZdxIvtVk,7.717,其它
第一财经,https://live.264788.xyz/channel/diyicaijing?streamid=3c6cb6f00aa32febab803c0b2304d5d0&livekey=01WgOR41rriMmMkzNsd0UoaxJRwetZdxIvtVk,3.959,其它
筠连综合|澜露直播,https://play.dameijunlian.cn/live/10004131.m3u8?auth_key=1783733887-0-0-a1440d3435267d785dcbbe1629a42558,7.167,其它
简单爱,https://cfss.cc/api/kg/596381.mp4,2.961,其它
算什么男人,https://cfss.cc/api/kg/163323.mp4,2.577,其它
粤国精选串烧,https://sns-video-default.xhscdn.com/stream/79/110/258/01e8c03260bd23944f037001992ec72dba_258.mp4,6.565,其它
粤国语歌串烧,https://sns-video-default.xhscdn.com/stream/79/110/258/01e8be58b8bd78eb4f03700199278e02a1_258.mp4,9.473,其它
粤语-LAK串烧,https://sns-video-default.xhscdn.com/stream/1/110/258/01e8db8745e895c80103700199998b9637_258.mp4,21.779,其它
粤语_FK迷幻1,https://sns-video-default.xhscdn.com/stream/79/110/258/01e8dd43a2346c1f4f03700199a05404d2_258.mp4,9.329,其它
粤语_PG'串烧,https://sns-video-default.xhscdn.com/stream/79/110/258/01e8d89cc31cde8c4f037001998e2818b6_258.mp4,9.080,其它
粤语dj歌串烧,https://sns-video-default.xhscdn.com/stream/1/110/258/01e8be3073073131010370019926f1b6bf_258.mp4,20.202,其它
粤语伤感情歌嗨曲串烧DJ,https://www.iesdouyin.com/aweme/v1/playwm/?video_id=v0300fg10000cph1etnog65mpr23b990&ratio=720p&line=0,7.561,其它
粤语剧场版01,https://sns-video-default.xhscdn.com/stream/79/110/258/01e8c1b8b2bc31f54f0370019934c13583_258.mp4,9.919,其它
粤语剧场版02,https://sns-video-default.xhscdn.com/stream/1/110/258/01e8c1bc1e070e9d010370019934c98cdd_258.mp4,12.973,其它
粤语剧场版03,https://sns-video-default.xhscdn.com/stream/79/110/258/01e8c1be4cbc6a644f0370019934d1da11_258.mp4,8.132,其它
粤语剧场版04,https://sns-video-default.xhscdn.com/stream/79/110/258/01e8c1bf3dbbe4014f0370019934d4f1dc_258.mp4,17.780,其它
粤语剧场版05,https://sns-video-default.xhscdn.com/stream/79/110/258/01e8c1c000bbf0574f0370019934d826ce_258.mp4,5.586,其它
粤语剧场版06,https://sns-video-default.xhscdn.com/stream/79/110/258/01e8c1c14abd062e4f0370019934dcd026_258.mp4,14.339,其它
粤语剧场版07,https://sns-video-default.xhscdn.com/stream/1/110/258/01e8c1c1f707f05c010370019934e3b48b_258.mp4,11.353,其它
粤语剧场版08,https://sns-video-default.xhscdn.com/stream/79/110/258/01e8c1c466bd699c4f0370019934e91125_258.mp4,7.225,其它
粤语剧场版09,https://sns-video-default.xhscdn.com/stream/79/110/258/01e8c28631bd9b2d4f0370019937defd18_258.mp4,16.742,其它
粤语剧场版10,https://sns-video-default.xhscdn.com/stream/1/110/258/01e8c2876207175d010370019937e386d5_258.mp4,26.545,其它
粤语剧场版11,https://sns-video-default.xhscdn.com/stream/79/110/258/01e8c28893bce2664f0370019937e82dc9_258.mp4,8.836,其它
粤语剧场版12,https://sns-video-default.xhscdn.com/stream/79/110/258/01e8c289efbcc64c4f0370019937ed07ec_258.mp4,7.477,其它
粤语剧场版13,https://sns-video-default.xhscdn.com/stream/1/110/258/01e8c30c3307c864010370019939e955ad_258.mp4,17.729,其它
粤语剧场版14,https://sns-video-default.xhscdn.com/stream/79/110/258/01e8c30d3cbc1a974f0370019939ed6305_258.mp4,20.476,其它
粤语剧场版15,https://sns-video-default.xhscdn.com/stream/79/110/258/01e8c30ddabc71264f0370019939effeca_258.mp4,10.719,其它
粤语剧场版16,https://sns-video-default.xhscdn.com/stream/1/110/258/01e8c30e71073ce6010370019939f1ec20_258.mp4,21.754,其它
粤语剧场版17,https://sns-video-default.xhscdn.com/stream/1/110/258/01e8c30f000702df010370019939f3f909_258.mp4,15.263,其它
粤语剧场版18,https://sns-video-default.xhscdn.com/stream/1/110/258/01e8c30f7307cfbe010370019939f5cbe7_258.mp4,9.292,其它
粤语剧场版19,https://sns-video-default.xhscdn.com/stream/1/110/258/01e8c30feb0716bb010370019939f79ac4_258.mp4,4.033,其它
粤语剧场版20,https://sns-video-default.xhscdn.com/stream/1/110/258/01e8c3106e07f147010370019939f94103_258.mp4,6.651,其它
粤语剧场版21,https://sns-video-default.xhscdn.com/stream/79/110/258/01e8c3112abbe56b4f0370019939fc8599_258.mp4,22.321,其它
粤语剧场版22,https://sns-video-default.xhscdn.com/stream/79/110/258/01e8c311b5bd23a54f0370019939fe903f_258.mp4,21.094,其它
粤语剧场版23,https://sns-video-default.xhscdn.com/stream/1/110/258/01e8c313dc0722ea01037001993a071f66_258.mp4,29.607,其它
粤语剧场版24,https://sns-video-default.xhscdn.com/stream/79/110/258/01e8c31aa7bbf3364f037001993a21bce4_258.mp4,10.348,其它
粤语剧场版25,https://sns-video-default.xhscdn.com/stream/1/110/258/01e8c31b6507e15a01037001993a24d964_258.mp4,10.755,其它
粤语剧场版26,https://sns-video-default.xhscdn.com/stream/79/110/258/01e8c31c12bd3aff4f037001993a271560_258.mp4,4.541,其它
粤语剧场版27,https://sns-video-default.xhscdn.com/stream/1/110/258/01e8c31c8d071f9801037001993a28db08_258.mp4,11.203,其它
粤语剧场版28,https://sns-video-default.xhscdn.com/stream/1/110/258/01e8c31d0907eb2b01037001993a2ad77c_258.mp4,10.896,其它
粤语剧场版29,https://sns-video-default.xhscdn.com/stream/1/110/258/01e8c31d8207c9d101037001993a2ccea3_258.mp4,6.863,其它
粤语剧场版30,https://sns-video-default.xhscdn.com/stream/1/110/258/01e8c31e1607feba01037001993a2f0eac_258.mp4,8.488,其它
粤语剧场版31,https://sns-video-default.xhscdn.com/stream/1/110/258/01e8c31ec2071f9801037001993a318a54_258.mp4,3.208,其它
粤语剧场版32,https://sns-video-default.xhscdn.com/stream/79/110/258/01e8c31f58bc78154f037001993a33df9b_258.mp4,8.559,其它
粤语剧场版33,https://sns-video-default.xhscdn.com/stream/1/110/258/01e8c31ff707fb7601037001993a362fa2_258.mp4,30.918,其它
粤语剧场版34,https://sns-video-default.xhscdn.com/stream/1/110/258/01e8c3208607003101037001993a38aa4c_258.mp4,9.388,其它
粤语剧场版35,https://sns-video-default.xhscdn.com/stream/1/110/258/01e8c3214007f65301037001993a3bb583_258.mp4,14.444,其它
粤语剧场版36,https://sns-video-default.xhscdn.com/stream/79/110/258/01e8c454d9bc2f934f037001993eed28cb_258.mp4,14.695,其它
粤语剧场版37,https://sns-video-default.xhscdn.com/stream/1/110/258/01e8c4554c07286601037001993eee9d41_258.mp4,5.167,其它
粤语剧场版38,https://sns-video-default.xhscdn.com/stream/79/110/258/01e8c455b3bd31574f037001993ef09774_258.mp4,24.816,其它
粤语剧场版39,https://sns-video-default.xhscdn.com/stream/1/110/258/01e8c4562e07db1601037001993ef22950_258.mp4,11.671,其它
粤语剧场版40,https://sns-video-default.xhscdn.com/stream/1/110/258/01e8c4569007d7a001037001993ef4d0b6_258.mp4,30.921,其它
粤语剧场版41,https://sns-video-default.xhscdn.com/stream/79/110/258/01e8c45731bc6f5c4f037001993ef68ecb_258.mp4,6.581,其它
粤语剧场版42,https://sns-video-default.xhscdn.com/stream/79/110/258/01e8c457a8bda9eb4f037001993ef8c5d3_258.mp4,30.565,其它
粤语剧场版43,https://sns-video-default.xhscdn.com/stream/1/110/258/01e8c45863071bf901037001993efc1c39_258.mp4,23.225,其它
粤语剧场版44,https://sns-video-default.xhscdn.com/stream/79/110/258/01e8c45925bd908b4f037001993efdfa5e_258.mp4,8.192,其它
粤语剧场版45,https://sns-video-default.xhscdn.com/stream/1/110/258/01e8c4599607107801037001993effcb0c_258.mp4,8.330,其它
粤语剧场版46,https://sns-video-default.xhscdn.com/stream/79/110/258/01e8c45c63bd9c174f037001993f0a5f1a_258.mp4,3.728,其它
粤语剧场版47,https://sns-video-default.xhscdn.com/stream/79/110/258/01e8c45cdbbbf9d44f037001993f0f4f23_258.mp4,6.299,其它
粤语剧场版48,https://sns-video-default.xhscdn.com/stream/1/110/258/01e8c45e260713a901037001993f118f1b_258.mp4,2.822,其它
粤语剧场版49,https://sns-video-default.xhscdn.com/stream/79/110/258/01e8c45f2ebd97434f037001993f1842d5_258.mp4,7.502,其它
粤语剧场版50,https://sns-video-default.xhscdn.com/stream/79/110/258/01e8c46063bcc53c4f037001993f19d33b_258.mp4,3.433,其它
粤语剧场版51,https://sns-video-default.xhscdn.com/stream/79/110/258/01e8c460cfbc0fed4f037001993f1b8b06_258.mp4,8.407,其它
粤语剧场版52,https://sns-video-default.xhscdn.com/stream/1/110/258/01e8c4612d0714da01037001993f1cf5b9_258.mp4,11.550,其它
粤语剧场版53,https://sns-video-default.xhscdn.com/stream/79/110/258/01e8c4618bbcdc1d4f037001993f1f919b_258.mp4,2.560,其它
粤语剧场版54,https://sns-video-default.xhscdn.com/stream/1/110/258/01e8c4623a07fff601037001993f217a35_258.mp4,21.540,其它
粤语剧场版55,https://sns-video-default.xhscdn.com/stream/1/110/258/01e8c462b3072dc001037001993f230c81_258.mp4,7.546,其它
粤语剧场版56,https://sns-video-default.xhscdn.com/stream/1/110/258/01e8c4651e07203401037001993f2cb7fd_258.mp4,5.935,其它
粤语剧场版57,https://sns-video-default.xhscdn.com/stream/1/110/258/01e8c465a107216501037001993f2e7374_258.mp4,8.129,其它
粤语剧场版58,https://sns-video-default.xhscdn.com/stream/1/110/258/01e8c4661207111f01037001993f313c2e_258.mp4,8.857,其它
粤语剧场版59,https://sns-video-default.xhscdn.com/stream/1/110/258/01e8c466c707d9de01037001993f33873d_258.mp4,15.712,其它
粤语剧场版60,https://sns-video-default.xhscdn.com/stream/1/110/258/01e8c4674107391101037001993f34c2c4_258.mp4,10.741,其它
粤语剧场版61,https://sns-video-default.xhscdn.com/stream/79/110/258/01e8c467a2bc44bc4f037001993f35f84f_258.mp4,5.845,其它
粤语剧场版62,https://sns-video-default.xhscdn.com/stream/1/110/258/01e8c46801072f9101037001993f3910bf_258.mp4,7.615,其它
粤语剧场版63,https://sns-video-default.xhscdn.com/stream/1/110/258/01e8c468bb071d7d01037001993f3c4e28_258.mp4,7.938,其它
粤语剧场版64,https://sns-video-default.xhscdn.com/stream/1/110/258/01e8c46955072e7101037001993f3d9f88_258.mp4,16.889,其它
粤语剧场版65,https://sns-video-default.xhscdn.com/stream/1/110/258/01e8c469d0071fab01037001993f3fffec_258.mp4,10.410,其它
粤语劲爆串烧,https://sns-video-default.xhscdn.com/stream/1/110/258/01e8ccfd682b29e5010370019960c10c99_258.mp4,14.658,其它
粤语女声串一,https://sns-video-default.xhscdn.com/stream/79/110/258/01e8be36b1bd60ee4f037001992707ce4d_258.mp4,9.463,其它
粤语女声串二,https://sns-video-default.xhscdn.com/stream/1/110/258/01e8c788c00738e201037001994b71736e_258.mp4,14.963,其它
粤语家驹串烧,https://sns-video-default.xhscdn.com/stream/1/110/258/01e8dfc99be7c5690103700199aa2ed5b3_258.mp4,10.498,其它
粤语打碟现场串烧DJ,https://www.iesdouyin.com/aweme/v1/playwm/?video_id=v0d00fg10000crom7dnog65uq525ar4g&ratio=720p&line=0,24.053,其它
粤语抖音串烧,https://sns-video-default.xhscdn.com/stream/1/110/258/01e8dfce27e8a6cd0103700199aa4081b1_258.mp4,10.855,其它
粤语旋律串烧,https://sns-video-default.xhscdn.com/stream/1/110/258/01e8be6e30070a32010370019927e26463_258.mp4,8.666,其它
粤语歌全串烧,https://sns-video-default.xhscdn.com/stream/1/110/258/01e8be4e1207f61d01037001992765d8f6_258.mp4,14.371,其它
粤语流行串烧,https://sns-video-default.xhscdn.com/stream/79/110/258/01e8be57a9bbcc944f03700199278a8589_258.mp4,23.048,其它
粤语热门串烧,https://sns-video-default.xhscdn.com/stream/1/110/258/01e8efad98e89ffa0103700199e8582d78_258.mp4,13.603,其它
粤语精选串烧,https://sns-video-default.xhscdn.com/stream/79/110/258/01e8bfe4d0bd101e4f037001992d999551_258.mp4,15.880,其它
粤语经典重温DJ,https://www.iesdouyin.com/aweme/v1/playwm/?video_id=v0d00fg10000cp06gijc77ue69pt0spg&ratio=720p&line=0,2.603,其它
粤语说唱版01,https://sns-video-default.xhscdn.com/stream/79/110/258/01e8c0e2e1bc52524f0370019931780143_258.mp4,4.754,其它
粤语说唱版02,https://sns-video-default.xhscdn.com/stream/79/110/258/01e8c0e3a6bc90554f03700199317a91d9_258.mp4,7.604,其它
粤语说唱版03,https://sns-video-default.xhscdn.com/stream/1/110/258/01e8c15bf007f51d0103700199334fdb54_258.mp4,15.573,其它
粤语说唱版04,https://sns-video-default.xhscdn.com/stream/79/110/258/01e8c16502bc27294f03700199337327e3_258.mp4,4.724,其它
粤语说唱版05,https://sns-video-default.xhscdn.com/stream/1/110/258/01e8c15f440705110103700199335d6699_258.mp4,13.060,其它
粤语说唱版06,https://sns-video-default.xhscdn.com/stream/79/110/258/01e8c1600bbcab0d4f037001993361060f_258.mp4,8.697,其它
粤语说唱版07,https://sns-video-default.xhscdn.com/stream/79/110/258/01e8c16291bd6f234f03700199336aa526_258.mp4,19.296,其它
粤语说唱版08,https://sns-video-default.xhscdn.com/stream/79/110/258/01e8c16572bc06274f0370019933759b25_258.mp4,3.755,其它
粤语说唱版09,https://sns-video-default.xhscdn.com/stream/79/110/258/01e8c16609bc4bfc4f037001993377eaf8_258.mp4,12.250,其它
粤语说唱版10,https://sns-video-default.xhscdn.com/stream/1/110/258/01e8c1669207c4f801037001993379ed55_258.mp4,3.698,其它
粤语说唱版11,https://sns-video-default.xhscdn.com/stream/1/110/258/01e8c167250724280103700199337c24a6_258.mp4,2.814,其它
粤语说唱版12,https://sns-video-default.xhscdn.com/stream/1/110/258/01e8c167a707cf370103700199337e0687_258.mp4,4.229,其它
粤语说唱版13,https://sns-video-default.xhscdn.com/stream/79/110/258/01e8c1681fbd7d534f03700199337fd3fe_258.mp4,4.505,其它
粤语说唱版14,https://sns-video-default.xhscdn.com/stream/1/110/258/01e8c168a8073a8901037001993381f523_258.mp4,6.926,其它
粤语说唱版15,https://sns-video-default.xhscdn.com/stream/1/110/258/01e8c169230728170103700199338a69d7_258.mp4,4.702,其它
精品体育,http://111.56.90.5/000000000000/1000000004000014634/index.m3u8,2.987,其它
精品综合,http://111.56.90.5/000000000000/5595720619887440144/index.m3u8,2.892,其它
精彩好看！,http://gcw.bdcdn.shoujiduoduo.com/v/200227/9d52e829ee706c3d5170d13bfac85b70.mp4,25.587,其它
精彩影视,http://111.56.90.5/000000000000/6000000006000320630/index.m3u8,3.158,其它
精选dj,https://vd3.bdstatic.com/mda-mm68drt808w1nins/720p/h264/1638861890075163680/mda-mm68drt808w1nins.mp4,2.470,其它
精选七首DJ情歌,https://vd3.bdstatic.com/mda-nc6a3qnsy1yruwa1/720p/h264_delogo/1646637449945468450/mda-nc6a3qnsy1yruwa1.mp4,2.676,其它
精选五首DJ男声串烧,https://vd2.bdstatic.com/mda-maqfk730tsig88wr/v2-hknm/1080p/mda-maqfk730tsig88wr.mp4,2.320,其它
红尘客栈,https://cfss.cc/api/kg/596097.mp4,19.260,其它
红尘毒酒,https://alimov2.a.kwimgs.com/upic/2023/12/05/20/BMjAyMzEyMDUyMDQ0MjRfMjk4Mjk3ODMxOF8xMTg5MjgwODY0MDdfMl8z_b_B66c54baba6ccf30ce64e1ba05d16a178.mp4?clientCacheKey=3xud6b4c3gkstsq_b.mp4&tt=b&di=75b3b1ea&bp=10000,16.950,其它
红河|澜露直播,https://live.hh.cn/hhtv1/index.m3u8,2.594,其它
红牛运动,http://rbmn-live.akamaized.net/hls/live/590964/BoRB-AT/master_6660.m3u8,6.707,其它
纬来体育HD,https://live12.xiazhix1.top/live/39480955.m3u8,2.144,其它
经典,https://txmov2.a.kwimgs.com/bs3/video-hls/5211790793651941963_hlsb.m3u8,2.360,其它
经典Dj嗨歌01,https://sns-video-default.xhscdn.com/stream/79/110/258/01e8c0531dbca1064f037001992f48d0cd_258.mp4,14.777,其它
经典Dj嗨歌02,https://sns-video-default.xhscdn.com/stream/79/110/258/01e8c643e2bc5a744f03700199467b4c09_258.mp4,5.525,其它
经典Dj嗨歌03,https://sns-video-default.xhscdn.com/stream/79/110/258/01e8c6443abd17df4f03700199467cffa5_258.mp4,21.607,其它
经典Dj嗨歌04,https://sns-video-default.xhscdn.com/stream/79/110/258/01e8c644c7bc5a044f03700199467f364e_258.mp4,13.784,其它
经典Dj嗨歌05,https://sns-video-default.xhscdn.com/stream/79/110/258/01e8c64536bc37604f03700199467f7a63_258.mp4,7.410,其它
经典Dj嗨歌06,https://sns-video-default.xhscdn.com/stream/1/110/258/01e8c6469e07c6590103700199468fad62_258.mp4,9.861,其它
经典Dj嗨歌07,https://sns-video-default.xhscdn.com/stream/79/110/258/01e8c64721bd88e84f037001994687eb6c_258.mp4,8.795,其它
经典Dj嗨歌08,https://sns-video-default.xhscdn.com/stream/1/110/258/01e8e215ade7dc860103700199b330ed3a_258.mp4,11.188,其它
经典Dj嗨歌09,https://sns-video-default.xhscdn.com/stream/1/110/258/01e8e884a6e896c30103700199cc4951c3_258.mp4,12.569,其它
经典歌曲《许你一世情缘》《为你一生去守候》,https://vd2.bdstatic.com/mda-ndafz4xaqsmvrcse/1080p/cae_h264_delogo/1649676821854920299/mda-ndafz4xaqsmvrcse.mp4,3.916,其它
经典粤语DJ私人订制,https://www.iesdouyin.com/aweme/v1/playwm/?video_id=v0d00fg10000crdl34vog65v7e9of17g&ratio=720p&line=0,3.212,其它
经典老歌DJ舞曲七首,https://vd2.bdstatic.com/mda-mhwbtsnrmm6v6x5r/sc/cae_h264/1630403250895754314/mda-mhwbtsnrmm6v6x5r.mp4,2.575,其它
给我一首歌的时间,https://cfss.cc/api/kg/28273.mp4,13.340,其它
绝美情歌dj,https://vd2.bdstatic.com/mda-mkp952u577gbq8uc/sc/cae_h264/1637737197319948432/mda-mkp952u577gbq8uc.mp4,2.979,其它
绥江广播电视,http://60.160.23.32:8100/media/livepkgr/sjtv/playlist.m3u8,5.996,其它
绽放的生命2,http://newcntv.qcloudcdn.com/asp/hls/1200/0303000a/3/default/7b6ed77c03224d298a72a8311fcf10a7/1200.m3u8,2.076,其它
绿春|澜露直播,https://zb-live.ynurl.com/lvchun/b02460f7-dfaf-4188-8906-4a915521bdf4.m3u8,3.165,其它
缙云新闻综合,http://l.cztvcloud.com/channels/lantian/SXjinyun1/720p.m3u8?fbl=,2.453,其它 SD（412条）
缙云新闻综合,http://l.cztvcloud.com/channels/lantian/SXjinyun1/720p.m3u8,7.736,其它
缙云综合,http://l.cztvcloud.com/channels/lantian/SXjinyun1/720p.m3u8?zzhed?,7.749,其它
缙云综合频道,http://l.cztvcloud.com/channels/lantian/SXjinyun1/720p.m3u8?zzhed,2.999,其它
网络神曲,https://alimov2.a.kwimgs.com/bs3/video-hls/5223049755640550547_hlsb.m3u8,3.592,其它
网络金曲《拈花一笑》《陪你千山万水》《对面小姐姐》,https://vdse.bdstatic.com//c2deba4d320384736569e542ac531aff.mp4,2.674,其它
罗庄影视,http://1.94.31.214/php/qilu.php?id=lylzys,4.179,其它
罗庄综合,http://1.94.31.214/php/qilu.php?id=lylzzh,5.777,其它
罗志祥-爱不单行,https://www.iesdouyin.com/aweme/v1/play/?video_id=v0d00fg10000ck0eshjc77uf7o7ivnpg&ratio=720p&line=0,5.293,其它
罗志祥-爱不单行,https://www.iesdouyin.com/aweme/v1/playwm/?video_id=v0d00fg10000ck0eshjc77uf7o7ivnpg&ratio=720p&line=0,17.213,其它
罗志祥-爱转角,https://www.iesdouyin.com/aweme/v1/play/?video_id=v0300fg10000cjn0p03c77u6rj0bkt80&ratio=720p&line=0,4.683,其它
罗志祥精选16首(1小时),https://www.iesdouyin.com/aweme/v1/playwm/?video_id=v0200fg10000d0et0mfog65hj1cq0130&ratio=720p&line=0,14.082,其它
美·红牛运动,http://rbmn-live.akamaized.net/hls/live/590964/BoRB-AT/master_1660.m3u8,2.221,其它
美丽中国自然,http://newcntv.qcloudcdn.com/asp/hls/4000/0303000a/3/default/51d937a0201f4c78a5878b4b37089f3b/4000.m3u8,3.933,其它
美丽中国说,http://newcntv.qcloudcdn.com/asp/hls/4000/0303000a/3/default/8cdd688b04e4495ba1635e218419d6f9/4000.m3u8,4.253,其它
美人热舞洗脑DJ舞曲HD,https://vdse.bdstatic.com//3700f6b78ceaf0f4a5313f4d68c95b72.mp4,2.160,其它
美酒加咖啡 龙飘飘FHD,https://vdse.bdstatic.com//816c73543ede254586a625cacc67ea0f.mp4,2.690,其它
羞答答的玫瑰,https://alimov2.a.kwimgs.com/upic/2023/07/28/11/BMjAyMzA3MjgxMTQ3MDRfMzM5Njk4MTMyNl8xMDkwNjczMTE5NDlfMF8z_b_B8423a7dac79a1e58599a94e4226e7987.mp4?clientCacheKey=3xyfhpvzhi825f4_b.mp4&tt=b&di=75b3b1ea&bp=10000,16.816,其它
老歌6首,https://vd2.bdstatic.com/mda-ncd2yz4tkhsx9x7n/sc/cae_h264_delogo/1647224948607209677/mda-ncd2yz4tkhsx9x7n.mp4,2.066,其它
老歌DJ串烧点播,https://txmov2.a.kwimgs.com/bs3/video-hls/5234027313336778127_hlsb.m3u8,10.922,其它
老歌DJ舞曲串烧,https://vd3.bdstatic.com/mda-ihps4033ktcz7mfq/sc/mda-ihps4033ktcz7mfq.mp4,2.139,其它
老歌伤感女声篇,https://vd3.bdstatic.com/mda-ig8mrb0k4jjc5ydt/sc/mda-ig8mrb0k4jjc5ydt.mp4,2.404,其它
老黄,https://live01.qujigeq.cn/live/15176501.m3u8,11.018,其它
聚鲨环球精选,http://111.56.90.5/000000000000/6000000004000014516/index.m3u8,2.687,其它
聪明的小明-贾旭明张康,https://vd3.bdstatic.com/mda-pjq9i7q9jtk1xihv/sc/cae_h264/1698297243158263907/mda-pjq9i7q9jtk1xihv.mp4,2.838,其它
肥城生活|澜露直播,http://43.138.196.212/q0l.php?id=tafcsh,7.037,其它
肥城生活|澜露直播,http://1.94.31.214/php/qilu.php?id=tafcsh,6.188,其它
肥城综合|澜露直播,http://43.138.196.212/q0l.php?id=tafczh,8.141,其它
胜利之舞Dj,https://www.iesdouyin.com/aweme/v1/playwm/?video_id=v0d00fg10000cv9rjm7og65g7nltudt0&ratio=720p&line=0,40.624,其它
胶州生活|澜露直播,http://43.138.196.212/q0l.php?id=qdjzsh,4.444,其它
胶州生活|澜露直播,http://1.94.31.214/php/qilu.php?id=qdjzsh,3.387,其它
胶州综合|澜露直播,http://43.138.196.212/q0l.php?id=qdjzxw,8.103,其它
胶州综合|澜露直播,http://1.94.31.214/php/qilu.php?id=qdjzzh,7.609,其它
至臻视界4K,http://gslbserv.itv.cmvideo.cn:80/5000000011000265001/1.m3u8?channel-id=FifastbLive&Contentid=3000000010000015686&livemode=1&stbId=toShengfen&mode=1&$24M-FifastbLive,11.920,其它 4D/超高清（23条）
至臻视界4K,http://gslbserv.itv.cmvideo.cn:80/1.m3u8?channel-id=FifastbLive&Contentid=3000000010000015686&livemode=1&stbId=yu&mode=1&$4M,13.340,其它 4D/超高清（23条）
舒适歌曲3首《舞女》《泛水荷塘》《叹这一生》就是听不够,https://vd2.bdstatic.com/mda-ndb4qj7zj31uw8kq/1080p/cae_h264_delogo/1649810230042185158/mda-ndb4qj7zj31uw8kq.mp4,3.785,其它
舞曲视频,https://vd2.bdstatic.com/mda-mm25g3080p08di8w/sc/cae_h264/1638529553032232968/mda-mm25g3080p08di8w.mp4,2.326,其它
舞曲视频2,https://vd2.bdstatic.com/mda-mkn56h2g8ux3dtxq/sc/cae_h264/1637642599802363137/mda-mkn56h2g8ux3dtxq.mp4,2.138,其它
舞钢新闻综合,http://tvpull.dxhmt.cn:9081/tv/10481-1.m3u8,9.010,其它 SD（412条）
舞阳新闻综合,http://tvpull.dxhmt.cn:9081/tv/11121-1.m3u8,12.693,其它
舟山嵊泗综合,http://l.cztvcloud.com/channels/lantian/SXshengsi1/720p.m3u8?zzhed,8.216,其它
航拍中国第一季,http://newcntv.qcloudcdn.com/asp/hls/4000/0303000a/3/default/8edf3fb6a69148ea9a7dc0b5a9d99fdb/4000.m3u8,2.312,其它
航拍中国第二季,http://newcntv.qcloudcdn.com/asp/hls/4000/0303000a/3/default/2bdfdad540b342f592f9817cb7f3b79a/4000.m3u8,3.294,其它
芒市|澜露直播,https://zb-live.ynurl.com/mangshi/0fa89a84-37b5-4de4-8b92-63b19634c213.m3u8,2.311,其它
花海,https://cfss.cc/api/kg/29532.mp4,11.729,其它
花盆-黄宏,http://uptt.gcwduoduo.com/v/181110/4e1175ce7f85e0eb9edb836c67a580f1.mp4,16.536,其它
花豹柔情,http://newcntv.qcloudcdn.com/asp/hls/1200/0303000a/3/default/96712ee30d144f21a0566f3c1b2fbc56/1200.m3u8,2.016,其它
花都开了你来不来DJ,https://vd3.bdstatic.com/mda-mdee523swbezmsin/480p/h264/1618480997/mda-mdee523swbezmsin.mp4,2.167,其它
苍南新闻综合,https://l.cztvcloud.com/channels/lantian/SXcangnan1/720p.m3u8,4.307,其它 SD（412条）
苍南新闻综合频道,http://l.cztvcloud.com/channels/lantian/SXcangnan1/720p.m3u8,8.461,其它 SD（412条）
苏州4k频道超,https://tylive.kan0512.com/norecord/csztv4k_4k.m3u8,5.667,其它 4D/超高清（23条）
苏州电影娱乐信息,https://live-auth.51kandianshi.com/szgd/csztv4.m3u8,2.168,其它 SD（412条）
英雄联盟音乐节,http://111.56.90.5/000000000000/8978605063318475207/index.m3u8,2.664,其它
茌平生活|澜露直播,http://43.138.196.212/q0l.php?id=lccpsh,6.214,其它
茌平生活|澜露直播,http://1.94.31.214/php/qilu.php?id=lccpsh,5.510,其它
茌平综合|澜露直播,http://43.138.196.212/q0l.php?id=lccpzh,4.998,其它
茌平综合|澜露直播,http://1.94.31.214/php/qilu.php?id=lccpzh,6.074,其它
茶频道,http://111.56.90.5/000000000000/5000000011000031209/index.m3u8,2.773,其它
草蜢-半点心,http://vodcdn.video.taobao.com/oss/ali-video/68fc953ff930412784dada5eb79d0821/1461058499/video.m3u8.m3u8,5.620,其它
草蜢-宝贝对不起,http://bizcommon.alicdn.com/l2nDqpMmn6DGHnWzZQA/RQdMfitGKCINh4BPzc9%40%40sd.m3u8,8.061,其它
草蜢乐队《2005我们的演唱会 高清修复完整版》,https://vd4.bdstatic.com/mda-pab49n7eagcjyh3a/576p/h264/1673493039443053267/mda-pab49n7eagcjyh3a.mp4,2.191,其它 高清/HD（158条）
草蜢乐队《2010 年25载香港演唱会 完整版》,https://vd2.bdstatic.com/mda-pabcjgycy75qd28g/576p/h264/1673514880213259882/mda-pabcjgycy75qd28g.mp4,2.351,其它
荒野求生解说,https://baikevideo.cdn.bcebos.com/media/mda-Om9P1PA8lgXMtZ6Q/77cd11d21517f7a53641515f4a89e27d.mp4,5.560,其它
荒野求生解说2,https://baikevideo.cdn.bcebos.com/media/mda-Om9PmzKHv5Z824nu/c78c839d91edf47d606a6505ff56d830.mp4,7.734,其它
荣县|澜露直播,https://play.rongxianwang.net/ydrx/rongxianlive.m3u8?auth_key=1715846517-0-0-69728c58ca3d40f9331a8cf77d985e93,2.067,其它
荣成生活|澜露直播,http://43.138.196.212/q0l.php?id=whrcsh,5.510,其它
荣成生活|澜露直播,http://1.94.31.214/php/qilu.php?id=whrcsh,6.078,其它
荣成综合|澜露直播,http://1.94.31.214/php/qilu.php?id=whrczh,3.995,其它
荣成综合|澜露直播,http://43.138.196.212/q0l.php?id=whrczh,3.768,其它
荥经综合,https://m3u8channel-yj.yunxya.com/nmip-media/channellive/channel101140/playlist.m3u8,3.763,其它
荥阳综合,http://tvpull.dxhmt.cn:9081/tv/10182-1.m3u8,10.992,其它
荥阳综合,http://tvpull.dxhmt.cn:9081/tv/10182-1.m3u8?zhend,11.078,其它
荥阳综合,http://tvpull.dxhmt.cn:9081/tv/10182-1.m3u8?wsSecret=df15530a0abec41b14bca00fc96270d1&wsTime=1654956569,17.752,其它
莒南影视|澜露直播,http://1.94.31.214/php/qilu.php?id=lyjnys,8.337,其它
莒南影视|澜露直播,http://43.138.196.212/q0l.php?id=lyjnys,8.178,其它
莒南综合|澜露直播,http://1.94.31.214/php/qilu.php?id=lyjnzh,11.072,其它
莒县2套,http://1.94.31.214/php/qilu.php?id=rzjx2,5.565,其它
莒县新闻|澜露直播,http://43.138.196.212/q0l.php?id=rzjxxw,7.317,其它 SD（412条）
莒县综合|澜露直播,http://43.138.196.212/q0l.php?id=rzjx1,4.108,其它
莒县综合|澜露直播,http://1.94.31.214/php/qilu.php?id=rzjx1,3.390,其它
莘县2|澜露直播,http://43.138.196.212/q0l.php?id=lcsx2,4.010,其它
莫文蔚精选72首(5小时),https://txmov2.a.kwimgs.com/upic/2023/07/27/21/BMjAyMzA3MjcyMTQ2MjdfMzYxMjUyNDA3MV8xMDkwMzM1MjA2NTJfMF8z_b_B144de29e473911c6e9187c9d591b8943.mp4,7.703,其它
莱州综合|澜露直播,http://43.138.196.212/q0l.php?id=ytlzzh,6.132,其它
莱州综合|澜露直播,http://1.94.31.214/php/qilu.php?id=ytlzzh,5.024,其它
莱西生活|澜露直播,http://43.138.196.212/q0l.php?id=qdlxsh,7.013,其它
莱西生活|澜露直播,http://1.94.31.214/php/qilu.php?id=qdlxsh,7.090,其它
莱西综合|澜露直播,http://1.94.31.214/php/qilu.php?id=qdlxzh,6.920,其它
莱阳民生|澜露直播,http://1.94.31.214/php/qilu.php?id=ytlyms,12.017,其它
莱阳民生综艺|澜露直播,http://43.138.196.212/q0l.php?id=ytlyms,10.348,其它
莱阳综合|澜露直播,http://43.138.196.212/q0l.php?id=ytlyxw,7.194,其它
莱阳综合|澜露直播,http://1.94.31.214/php/qilu.php?id=ytlyzh,6.992,其它
获嘉综合频道,http://tvpull.dxhmt.cn:9081/tv/10724-1.m3u8,6.429,其它
莺歌燕舞民间二人台,http://gcw.bdcdn.shoujiduoduo.com/v/190809/7ef0d301b8ba625ed23c6b11db351b52.mp4,18.100,其它
菊梓乔-忘掉我自己,https://www.iesdouyin.com/aweme/v1/playwm/?video_id=v0300fg10000cr7ia6vog65n4msgpru0&ratio=720p&line=0,16.264,其它
菊花台,https://cfss.cc/api/kg/37575.mp4,11.645,其它
萌狗诞生记,http://newcntv.qcloudcdn.com/asp/hls/1200/0303000a/3/default/0f68b16f162c493c8d82a57135f16da0/1200.m3u8,3.138,其它
萧亚轩-爱的主打歌,https://www.iesdouyin.com/aweme/v1/play/?video_id=v0200fg10000ca3eb8rc77ub0tj3kl2g&ratio=720p&line=0,5.496,其它
萧亚轩-爱的主打歌,https://www.iesdouyin.com/aweme/v1/playwm/?video_id=v0200fg10000ca3eb8rc77ub0tj3kl2g&ratio=720p&line=0,23.014,其它
萧亚轩-突然想起你,https://www.iesdouyin.com/aweme/v1/play/?video_id=v0d00fg10000cr2kg7vog65lkksge090&ratio=720p&line=0,20.069,其它
萧亚轩-突然想起你,https://www.iesdouyin.com/aweme/v1/playwm/?video_id=v0d00fg10000cr2kg7vog65lkksge090&ratio=720p&line=0,4.422,其它
萧亚轩-错的人,https://www.iesdouyin.com/aweme/v1/play/?video_id=v0200fd00000br0711gi8qol0f2n3720&ratio=720p&line=0,7.598,其它
萧亚轩-错的人,https://www.iesdouyin.com/aweme/v1/playwm/?video_id=v0200fd00000br0711gi8qol0f2n3720&ratio=720p&line=0,6.970,其它
萧亚轩《2009 WOW3 LIVE 演唱会 完整版》,https://vd3.bdstatic.com/mda-pa3kh2zwascgw2c2/576p/h264/1672843937904836811/mda-pa3kh2zwascgw2c2.mp4,2.078,其它
萧亚轩精选16首(1小时),https://www.iesdouyin.com/aweme/v1/playwm/?line=0&logo_name=aweme_diversion_search&ratio=720p&video_id=v0d00fg10000cvtpr1nog65jio7np2o0,8.465,其它
萧山新闻综合,http://l.cztvcloud.com/channels/lantian/SXxiaoshan1/720p.m3u8,6.656,其它
萧山新闻综合,http://l.cztvcloud.com/channels/lantian/SXxiaoshan1/720p.m3u8?cWlkPSZzPTg3OWMwYmMyZDMzYTFhZGY3NDQxMjgyYTg1MmUzNTY0JmVzPTE3MDY2Nzc4NzMmdXVpZD0yMjdiY2MzNGNiNGY0MThlYjRiY2IxYzcwNmZjODNkMS02NzQ3NDY2NyZ2PTImYXM9MCZjZG5leF9pZD10eF9waG9uZV9saXZl,5.148,其它 SD（412条）
萧山新闻综合 (720p) [Not 24/7],https://l.cztvcloud.com/channels/lantian/SXxiaoshan1/720p.m3u8,2.865,其它 SD（412条）
萧山生活频道,http://l.cztvcloud.com/channels/lantian/SXxiaoshan2/720p.m3u8?zzhed,3.454,其它
萧山综合,http://l.cztvcloud.com/channels/lantian/SXxiaoshan2/720p.m3u8,3.316,其它
葛东琪-悬溺,https://www.iesdouyin.com/aweme/v1/playwm/?video_id=v0200fg10000cg7gf7rc77ufgvikae50&ratio=720p&line=0,32.577,其它
蒋小呢-for,https://www.iesdouyin.com/aweme/v1/play/?video_id=v0200fg10000c4k69ujc77u3f5l37i50&ratio=720p&line=0,13.582,其它
蒋小呢-for ya,https://www.iesdouyin.com/aweme/v1/playwm/?video_id=v0200fg10000c4k69ujc77u3f5l37i50&ratio=720p&line=0,16.401,其它
蒙阴1|澜露直播,http://1.94.31.214/php/qilu.php?id=lymy1,9.678,其它
蒙阴2套,http://1.94.31.214/php/qilu.php?id=lymy2,9.601,其它
蒲江电视台,http://115.29.208.41:34567/sccd.php?id=pj&kl=www.9kds.com,6.951,其它
蓬莱综艺,http://1.94.31.214/php/qilu.php?id=ytplzy,6.849,其它
蔡依林-日不落,https://www.iesdouyin.com/aweme/v1/play/?video_id=v0d00fg10000ch00eijc77u0akslavig&ratio=720p&line=0,21.652,其它
蔡依林-日不落,https://www.iesdouyin.com/aweme/v1/playwm/?video_id=v0d00fg10000ch00eijc77u0akslavig&ratio=720p&line=0,24.081,其它
蔡依林/陶喆-今天你要嫁给我,https://www.iesdouyin.com/aweme/v1/playwm/?video_id=v0300fg10000cj0h9mrc77ubbgnamamg&ratio=720p&line=0,9.891,其它
蔡依林《2014 Play 呸 演唱会 完整版》,https://vd2.bdstatic.com/mda-nmv6mkd1h1nadgd2/576p/h264/1672376027911881335/mda-nmv6mkd1h1nadgd2.mp4,2.041,其它
蔡依林《2015 世界巡回演唱会 完整版》,https://vd3.bdstatic.com/mda-nmv7p5ckgd1y0q4r/576p/h264/1672378806357641364/mda-nmv7p5ckgd1y0q4r.mp4,2.013,其它
蔡依林演唱会,https://alimov2.a.kwimgs.com/upic/2020/07/13/17/BMjAyMDA3MTMxNzEyMzZfODY2NDU4ODQ1XzMyMjk2MDQ4MzQ4XzJfMw==_b_B8f6ffb1ac85e8c6f0363ee3c3076d8df.mp4,17.584,其它
蔡依林精选102首(6小时),https://txmov2.a.kwimgs.com/upic/2025/06/12/20/BMjAyNTA2MTIyMDUzMjFfNDQzMTI2Mjg0XzE2NjY1MzM5MjYxMV8yXzM=_b_B3bed4c7c1a80388966791d398e318edd.mp4,10.686,其它
蔡健雅精选30首(2小时),https://txmov2.a.kwimgs.com/upic/2023/08/18/21/BMjAyMzA4MTgyMTA4MzZfODM0NDUzMTQ2XzExMDgyNTA1MjcwM18wXzM=_b_B0d509c2419313652932c68153a65e4ed.mp4,9.199,其它
蔡旻佑-我可以,https://www.iesdouyin.com/aweme/v1/playwm/?video_id=v0300fg10000c70vjubc77u9ubc7ofdg&ratio=720p&line=0,6.664,其它
薛之谦精选30首(2小时),https://txmov2.a.kwimgs.com/upic/2023/07/28/13/BMjAyMzA3MjgxMzUwMzRfODM0NDUzMTQ2XzEwOTA3NjA4NDU2Nl8wXzM=_b_B480250201ec7378867d92e4d29f7a644.mp4,3.482,其它
薛城新闻|澜露直播,http://1.94.31.214/php/qilu.php?id=zzxcxw,10.762,其它 SD（412条）
薛桂兰赵丽荣,http://gcw.bdcdn.shoujiduoduo.com/v/191213/e8c0e8f4455b966788611bbebddae2de.mp4,13.475,其它
虎妈妈爱(上),http://newcntv.qcloudcdn.com/asp/hls/1200/0303000a/3/default/6855ee238c9c4e9893ff342b7dbe5a2b/1200.m3u8,2.001,其它
虞美人,https://txmov2.a.kwimgs.com/upic/2023/07/24/10/BMjAyMzA3MjQxMDE1MzhfMzM5Njk4MTMyNl8xMDg3Mzg1MDIyNDlfMF8z_b_B619755058caa32de37dc1757898da485.mp4?clientCacheKey=3xnyr7n3qatxncg_b.mp4&tt=b&di=75b3b1ea&bp=10000,7.913,其它
蚂蚁牙嘿,https://www.iesdouyin.com/aweme/v1/playwm/?video_id=v0200fg10000c98qrmbc77ucqknl90ag&ratio=720p&line=0,29.832,其它
蜗牛,https://cfss.cc/api/kg/616227.mp4,9.381,其它
螃蟹岛海战(上),http://newcntv.qcloudcdn.com/asp/hls/1200/0303000a/3/default/d0137f4e9adc44a7856c7288fe8ca3d2/1200.m3u8,3.384,其它
街道办GDC/欧阳耀莹-春娇与志明,https://www.iesdouyin.com/aweme/v1/playwm/?video_id=v0300fg10000cskdftnog65s1b5rtimg&ratio=720p&line=0,7.108,其它
衢州开化综合,http://l.cztvcloud.com/channels/lantian/SXkaihua1/720p.m3u8,2.099,其它
衢州衢江综合|澜露直播,http://l.cztvcloud.com/channels/lantian/SXqujiang1/720p.m3u8,13.053,其它
被母狮拯救的小角马(下),http://newcntv.qcloudcdn.com/asp/hls/1200/0303000a/3/default/8e655ba0c751468b9d18f3020133571f/1200.m3u8,3.199,其它
襄城综合频道,http://tvpull.dxhmt.cn:9081/tv/11025-1.m3u8,13.177,其它
襄汾综合,http://7sycrzf7.live.sxmty.com/live/hls/da9222d15ce7491d85fe3519e5201df5/af161dfd2a434b22b3b75fdd72fb9038-1.m3u8?zshanxd,3.079,其它
襄汾综合,http://7sycrzf7.live.sxmty.com/live/hls/da9222d15ce7491d85fe3519e5201df5/af161dfd2a434b22b3b75fdd72fb9038-1.m3u8,3.054,其它
西华综合,http://tvpull.dxhmt.cn:9081/tv/11622-1.m3u8?%E5%85%B3%E6%B3%A8%E5%BE%AE%E4%BF%A1%E5%85%AC%E4%BC%97%E5%8F%B7[%E6%99%B4%E5%9B%AD],11.750,其它
西华综合频道,http://tvpull.dxhmt.cn:9081/tv/11622-1.m3u8,9.928,其它
西双版纳|澜露直播,https://hwapi.yntv.net/ew265l/47480o_uhd.m3u8,6.543,其它
西安七套|澜露直播,http://xatv-yt.xiancity.cn/live/7/index.m3u8,2.310,其它
西安五一剧团,http://gcw.bdcdn.shoujiduoduo.com/v/201014/d06fec900e95d24c9ff73f3bb51625c0.mp4,5.596,其它
西安新闻综合,http://xatv-yt.xiancity.cn/live/1/index.m3u8,2.740,其它
西安新闻综合|澜露直播,https://xatv-yt.xiancity.cn/live/1/index.m3u8,2.011,其它 SD（412条）
西安易俗社2018春节秦安清唱晚会,http://gcw.bdcdn.shoujiduoduo.com/v/190122/af3ec3b3a6cd383400360f8ee93b1e94.mp4,8.423,其它
西安移动电视|澜露直播,https://xatv-yt.xiancity.cn/live/7/index.m3u8,2.558,其它
西平综合,http://tvpull.dxhmt.cn:9081/tv/11721-1.m3u8,8.801,其它
西昌综合频道|澜露直播,http://xcfb.screx.com.cn:18085/hlsnew1/channel1.m3u8,5.787,其它
西游记I  第一集,https://txmov2.a.kwimgs.com/bs3/video-hls/5222486782687309806_hlsb.m3u8,3.528,其它
西游记I 第七集,https://txmov2.a.kwimgs.com/bs3/video-hls/5255982306920155520_hlsb.m3u8,3.931,其它
西游记I 第三集,https://txmov2.a.kwimgs.com/bs3/video-hls/5189835687545858667_hlsb.m3u8,5.412,其它
西游记I 第九集,https://txmov2.a.kwimgs.com/bs3/video-hls/5188991261818113744_hlsb.m3u8,3.290,其它
西游记I 第二十一集,https://txmov2.a.kwimgs.com/bs3/video-hls/5234590208336898334_hlsb.m3u8,3.202,其它
西游记I 第二十三集,https://txmov2.a.kwimgs.com/bs3/video-hls/5201094684845468508_hlsb.m3u8,2.310,其它
西游记I 第二十二集,https://txmov2.a.kwimgs.com/bs3/video-hls/5231212506629016061_hlsb.m3u8,3.725,其它
西游记I 第二十五集,https://txmov2.a.kwimgs.com/bs3/video-hls/5215168436118306105_hlsb.m3u8,2.884,其它
西游记I 第二十四集,https://txmov2.a.kwimgs.com/bs3/video-hls/5245567730520243844_hlsb.m3u8,4.021,其它
西游记I 第二十集,https://txmov2.a.kwimgs.com/bs3/video-hls/5192368961005814924_hlsb.m3u8,2.372,其它
西游记I 第二集,https://txmov2.a.kwimgs.com/bs3/video-hls/5221923836211844606_hlsb.m3u8,5.428,其它
西游记I 第五集,https://txmov2.a.kwimgs.com/bs3/video-hls/5197998463397799646_hlsb.m3u8,3.461,其它
西游记I 第六集,https://txmov2.a.kwimgs.com/bs3/video-hls/5248382480897511687_hlsb.m3u8,3.230,其它
西游记I 第十一集,https://txmov2.a.kwimgs.com/bs3/video-hls/5242190033819283686_hlsb.m3u8,2.057,其它
西游记I 第十三集,https://txmov2.a.kwimgs.com/bs3/video-hls/5233182832465375578_hlsb.m3u8,2.994,其它
西游记I 第十九集,https://txmov2.a.kwimgs.com/bs3/video-hls/5201657637211300344_hlsb.m3u8,3.342,其它
西游记I 第十二集,https://txmov2.a.kwimgs.com/bs3/video-hls/5195465185500328899_hlsb.m3u8,2.820,其它
西游记I 第十五集,https://txmov2.a.kwimgs.com/bs3/video-hls/5239093806671579134_hlsb.m3u8,3.585,其它
西游记I 第十八集,https://txmov2.a.kwimgs.com/bs3/video-hls/5196028138193985933_hlsb.m3u8,4.484,其它
西游记I 第十六集,https://txmov2.a.kwimgs.com/bs3/video-hls/5194339285053330625_hlsb.m3u8,3.402,其它
西游记I 第十四集,https://txmov2.a.kwimgs.com/bs3/video-hls/5257952633664504505_hlsb.m3u8,4.038,其它
西游记I 第十集,https://txmov2.a.kwimgs.com/bs3/video-hls/5245286258564595605_hlsb.m3u8,4.094,其它
西游记I 第四集,https://txmov2.a.kwimgs.com/bs3/video-hls/5222205307782734748_hlsb.m3u8,2.875,其它
西藏卫视,http://124.93.18.239:9003/hls/52/index.m3u8,6.695,卫视 SD（632条）
西藏卫视,http://183.62.8.58:50085/tsfile/live/0111_1.m3u8?key=txiptv&playlive=1&authid=0,3.557,卫视 SD（632条）
西藏卫视,https://live.264788.xyz/channel/xizangweishi?streamid=4b4e8ea919f1cfd5e43deed1d1675251&livekey=01WgOR41rriMmMkzNsd0UoaxJRwetZdxIvtVk,10.766,其它
西藏卫视,http://111.56.90.5/000000000000/1000000002000015894/1.m3u8,2.956,其它
西藏卫视,http://111.56.90.5/000000000000/6603041244077933770/1.m3u8,2.485,其它
西藏卫视,http://61.178.227.57:9901/tsfile/live/0111_1.m3u8?key=txiptv&amp;playlive=1&amp;authid=0,6.501,卫视 SD（632条）
西藏卫视,https://live.264788.xyz/channel/xizangweishi?streamid=cfb7b8b8dcaf7ff92d4c1476cf321ba7&livekey=01WgOR41rriMmMkzNsd0UoaxJRwetZdxIvtVk,8.379,其它
西藏卫视,http://111.56.90.5/000000000000/7179022603798868495/1.m3u8,2.488,其它
西藏卫视,https://live.264788.xyz/channel/xizangweishi?streamid=b1074802469551526bb63c33e26c400c&livekey=01WgOR41rriMmMkzNsd0UoaxJRwetZdxIvtVk,8.679,其它
西藏卫视,https://live.264788.xyz/channel/xizangweishi?streamid=7df93c0d83ffb23588b9a8ed75bcf602&livekey=01WgOR41rriMmMkzNsd0UoaxJRwetZdxIvtVk,6.679,其它
西藏卫视（藏语）,http://124.93.18.239:9003/hls/61/index.m3u8,3.317,卫视 SD（632条）
西西里,https://cfss.cc/api/kg/14853195.mp4,23.497,其它
要爱你就来,https://txmov2.a.kwimgs.com/upic/2022/06/02/07/BMjAyMjA2MDIwNzI3MDZfOTU2MzA3MDg4Xzc1NzkzOTYxOTg4XzJfMw==_b_Bd233855057f07f1f3a843aa2d9750fb8.mp4,2.886,其它
角马幸运儿(上),http://newcntv.qcloudcdn.com/asp/hls/1200/0303000a/3/default/40c883e3f4c441d08422ce49aec61644/1200.m3u8,2.199,其它
言不由衷,https://txmov2.a.kwimgs.com/upic/2023/10/27/15/BMjAyMzEwMjcxNTM2NThfMzM5Njk4MTMyNl8xMTU4NjA1Nzk2MTNfMF8z_b_B43ae4ec817beb9429a9adf274f43eb6a.mp4,6.434,其它
謝安琪-钟无艳,https://www.iesdouyin.com/aweme/v1/playwm/?video_id=v0d00fg10000chq2bsjc77uc3k8tcp5g&ratio=720p&line=0,10.448,其它
让人陶醉的几首DJ舞曲,https://vdse.bdstatic.com//0f464b2beaf5887f90ac36b68fcd342f.mp4,2.713,其它
许嵩精选30首(2小时),https://alimov2.a.kwimgs.com/upic/2020/09/14/21/BMjAyMDA5MTQyMTMzMDdfODI4NTk1NTQ0XzM2MDUzMTE1NjM5XzJfMw==_b_B789c6ea6a87d1b67019f19f16c9f71f7.mp4,13.290,其它
许嵩经典合集,https://txmov2.a.kwimgs.com/bs3/video-hls/5246693673328160378_hlsb.m3u8,2.731,其它
许廷铿-面具,https://www.iesdouyin.com/aweme/v1/play/?video_id=v0200ffe0000bsma66222nggd3hrnnrg&ratio=720p&line=0,3.599,其它
许廷铿-面具,https://www.iesdouyin.com/aweme/v1/playwm/?video_id=v0200ffe0000bsma66222nggd3hrnnrg&ratio=720p&line=0,5.044,其它
许绍洋-花香,https://www.iesdouyin.com/aweme/v1/playwm/?video_id=v0200f290000bt10bsspfrfvn0rsvfhg&ratio=720p&line=0,10.141,其它
许绍洋-花香,https://www.iesdouyin.com/aweme/v1/play/?video_id=v0200f290000bt10bsspfrfvn0rsvfhg&ratio=720p&line=0,9.818,其它
诗诗,https://videodowntx.9xiuzb.com/9xiu/124214346.m3u8,2.075,其它
说了再见,https://cfss.cc/api/kg/596406.mp4,4.805,其它
说好不哭,https://cfss.cc/api/kg/1485652.mp4,10.666,其它
说好的幸福呢,https://cfss.cc/api/kg/158898.mp4,12.349,其它
诸暨新闻综合,https://l.cztvcloud.com/channels/lantian/SXzhuji3/720p.m3u8,2.940,其它 SD（412条）
谁是杨贵妃-贾玲,https://vd3.bdstatic.com/mda-pihktv2y24m797f7/720p/h264/1695048688136473822/mda-pihktv2y24m797f7.mp4,2.439,其它
谁稀罕,https://cfss.cc/api/kg/14853222.mp4,24.246,其它
谍战剧场,http://111.56.90.5/000000000000/5000000011000288004/index.m3u8,3.132,其它
谍战大剧,http://111.56.90.5/000000000000/1000000004000026167/index.m3u8,3.001,其它
谭咏麟-一生中最爱,https://www.iesdouyin.com/aweme/v1/play/?video_id=v0d00fg10000cni9357og65hefir2gf0&ratio=720p&line=0,8.480,其它
谭咏麟-一生中最爱,https://www.iesdouyin.com/aweme/v1/playwm/?video_id=v0d00fg10000cni9357og65hefir2gf0&ratio=720p&line=0,6.899,其它
谭咏麟-讲不出再见,https://www.iesdouyin.com/aweme/v1/play/?video_id=v0200fg10000co5ch8rc77u2dtata9sg&ratio=720p&line=0,30.934,其它
谭咏麟-讲不出再见,https://www.iesdouyin.com/aweme/v1/playwm/?video_id=v0200fg10000co5ch8rc77u2dtata9sg&ratio=720p&line=0,21.135,其它
谭维维《蓝莲花》,https://rescdn.yishihui.com/longvideo/transcode/video/vpc/20201112/5623330ySHJCzL4DxMMpOtgHo.mp4,7.325,其它
象山新闻综合,http://l.cztvcloud.com/channels/lantian/SXxiangshan1/720p.m3u8,2.390,其它
象山综合,http://play-sh13.quklive.com/live/1702360350551252.m3u8?auth_key=2037107484-800189c57a5a44d3b823b60cf84f6756-0-a6f6828a62d5c167cff5e68735fa0d39,4.483,其它
象视界,http://1.94.31.214/php/hntv.php?id=xsj,11.407,其它
负心的你,https://vd4.bdstatic.com:443/mda-mcbs0hpjpkpwethe/1080p/h264_cae/1620492489548087433/mda-mcbs0hpjpkpwethe.mp4,2.329,其它
财富天下,https://live.264788.xyz/channel/caifutianxia?streamid=dd75ff3ba48b4c24b89591eddf099cc0&livekey=01WgOR41rriMmMkzNsd0UoaxJRwetZdxIvtVk,5.514,其它
财富天下,https://live.264788.xyz/channel/caifutianxia?streamid=b451c7c6fde3d1b517f4d1e42e3c6f31&livekey=01WgOR41rriMmMkzNsd0UoaxJRwetZdxIvtVk,11.148,其它
贵州卫视,http://223.95.198.3:8000/hls/46/index.m3u8,8.467,卫视 SD（632条）
贵州卫视,http://124.93.18.239:9003/hls/33/index.m3u8,7.145,卫视 SD（632条）
贵州卫视,http://61.178.227.57:9901/tsfile/live/0120_1.m3u8?key=txiptv&amp;playlive=1&amp;authid=0,7.203,卫视 SD（632条）
贵州卫视,http://61.178.227.57:9901/tsfile/live/0120_1.m3u8?key=txiptv&playlive=1&authid=0,7.531,卫视 SD（632条）
贵州卫视,http://111.56.90.5/000000000000/5000000004000025843/index.m3u8,2.153,卫视 SD（632条）
贵州卫视,http://183.62.8.58:50085/tsfile/live/0120_1.m3u8?key=txiptv&playlive=1&authid=0,5.446,卫视 SD（632条）
贵州卫视,http://27.129.145.110:4433/hls/37/index.m3u8,5.634,卫视 SD（632条）
贵州卫视,http://111.56.90.5/000000000000/1000000002000003169/1.m3u8,2.924,其它
贵州卫视,https://live.264788.xyz/channel/guizhouweishi?streamid=282e7e0688a51a1145aa466b0103f483&livekey=01WgOR41rriMmMkzNsd0UoaxJRwetZdxIvtVk,8.675,其它
贵州卫视,http://111.56.90.5/000000000000/7043811073576958573/1.m3u8,2.769,其它
贵州卫视,https://live.264788.xyz/channel/guizhouweishi?streamid=945f02fddb4db44cda1509f4b8a3275a&livekey=01WgOR41rriMmMkzNsd0UoaxJRwetZdxIvtVk,9.525,其它
贵州卫视,http://111.56.90.5/000000000000/5000000004000025843/1.m3u8,2.183,其它
贵州卫视,https://live.264788.xyz/channel/guizhouweishi?streamid=17b3ab3511226a4bb37ec0596bd4a0a5&livekey=01WgOR41rriMmMkzNsd0UoaxJRwetZdxIvtVk,4.812,其它
贵州卫视,https://live.264788.xyz/channel/guizhouweishi?streamid=091bd59ea031989839c23459bb8cc9d4&livekey=01WgOR41rriMmMkzNsd0UoaxJRwetZdxIvtVk,8.556,其它
贵州卫视,https://live.264788.xyz/channel/guizhouweishi?streamid=7a7c8f5c962cd93365273e438a14c334&livekey=01WgOR41rriMmMkzNsd0UoaxJRwetZdxIvtVk,9.068,其它
贵州卫视-高清,http://114.241.111.4:85/tsfile/live/38/1038_1.m3u8?key=txiptv,4.324,卫视 高清/HD（33条）
贾斯汀比伯精选21首(1小时),https://www.iesdouyin.com/aweme/v1/playwm/?video_id=v0300fg10000c73r123c77u5kmhu1kh0&ratio=720p&line=0,88.910,其它
赌侠2之上海滩赌圣,https://txmov2.a.kwimgs.com/upic/2021/02/22/22/BMjAyMTAyMjIyMjU2NDFfMTI0MzE0NjMyOF80NDg1MDgzMTY5NF8yXzM=_b_B35aa4e9376173041991a9a379ff4ac56.mp4,29.132,其它 SD（412条）
赣榆新闻综合频道,http://ganyu-tv-hls.cm.jstv.com/ganyu-tv/ganyutv.m3u8,7.479,其它 SD（412条）
赵蕾蕾《寂寞的城伤心的人》,https://vd2.bdstatic.com/mda-mesdm11tdp69a9ye/1080p/cae_h264/1622115758783335310/mda-mesdm11tdp69a9ye.mp4,2.070,其它
超人不会飞,https://cfss.cc/api/kg/756588.mp4,9.462,其它
超级体育,http://111.56.90.5/000000000000/1000000001000009204/index.m3u8,2.966,其它
超级电视剧,http://111.56.90.5/000000000000/1000000001000008139/index.m3u8,2.930,其它
超级综艺,http://111.56.90.5/000000000000/1000000001000025771/index.m3u8,2.922,其它
足球超级猎食者(下),http://newcntv.qcloudcdn.com/asp/hls/1200/0303000a/3/default/d7aec4db75da469d915a5dd7a0fb3d70/1200.m3u8,2.242,其它
跟着媳妇当保姆-冯巩朱军,http://uptt.gcwduoduo.com/v/181110/0650ed5311b8750b7aa48e8c2a441b7c.mp4,19.148,其它
蹦迪越南鼓点播,https://txmov2.a.kwimgs.com/bs3/video-hls/5253167611834026799_hlsb.m3u8,7.423,其它
车载DJ《今夜为你醉...》,https://vdse.bdstatic.com//b68123a666cce39e7413da912e3675a3.mp4,2.287,其它
车载DJ《多年以后》,https://vd3.bdstatic.com/mda-mhqekuegbh6112js/1080p/cae_h264/1629891559415737083/mda-mhqekuegbh6112js.mp4,2.433,其它
车载DJ串烧点播❶,https://txmov2.a.kwimgs.com/bs3/video-hls/5195465247443616945_hlsb.m3u8,9.048,其它
车载DJ串烧点播❷,https://txmov2.a.kwimgs.com/bs3/video-hls/5197154098359410997_hlsb.m3u8,9.124,其它
车载DJ舞曲,https://vd3.bdstatic.com/mda-nask5v8g11h6fqmf/sc/cae_h264_delogo/1643293983357482773/mda-nask5v8g11h6fqmf.mp4,2.646,其它
车载DJ舞曲《大风吹》《浪子闲话》《玛尼情歌》《沙漠骆驼》,https://vdse.bdstatic.com//7002925e04c4c451cfa8aafc9b4190c7.mp4,2.346,其它
车载必备DJ《殇雪》《潮湿的心》《酒醉的蝴蝶》《多年以后》,https://vd3.bdstatic.com/mda-mhve4gb9hi8cstzk/1080p/cae_h264/1630319514896018158/mda-mhve4gb9hi8cstzk.mp4,2.821,其它
车震一小时,http://gcw.bdcdn.shoujiduoduo.com/201805/0748-641.mp4,183.416,其它
轨迹,https://cfss.cc/api/kg/1129.mp4,9.458,其它
转身不必说再会,https://alimov2.a.kwimgs.com/upic/2022/06/06/15/BMjAyMjA2MDYxNTM2MDhfOTU2MzA3MDg4Xzc2MTczOTQ0NjM5XzJfMw==_b_B3f9ff9967952626bd173f1954d5adf87.mp4,19.337,其它
辽宁卫视,http://223.95.198.3:8000/hls/34/index.m3u8,7.906,卫视 SD（632条）
辽宁卫视,http://124.93.18.239:9003/hls/27/index.m3u8,6.915,卫视 SD（632条）
辽宁卫视,http://114.241.111.4:85/tsfile/live/31/1031_1.m3u8?key=txiptv,4.267,卫视 SD（632条）
辽宁卫视,http://111.56.90.5/000000000000/5000000001000008940/index.m3u8,2.952,卫视 SD（632条）
辽宁卫视,http://183.237.240.235:808/hls/28/index.m3u8,3.197,卫视 SD（632条）
辽宁卫视,http://61.178.227.57:9901/tsfile/live/0121_1.m3u8?key=txiptv&amp;playlive=1&amp;authid=0,7.365,卫视 SD（632条）
辽宁卫视,http://61.178.227.57:9901/tsfile/live/0121_1.m3u8?key=txiptv&playlive=1&authid=0,8.091,卫视 SD（632条）
辽宁卫视,http://27.129.145.110:4433/hls/30/index.m3u8,7.205,卫视 SD（632条）
辽宁卫视,http://nn.7x9d.cn/mk.php?ip=118.212.78.74:8014&id=lnws,6.783,其它
辽宁卫视,https://live.264788.xyz/channel/liaoningweishi?streamid=45d7919e7279381433994e2e7f5eb57a&livekey=01WgOR41rriMmMkzNsd0UoaxJRwetZdxIvtVk,10.180,其它
辽宁卫视,https://live.264788.xyz/channel/liaoningweishi?streamid=f8d749ac7ad7ea324f1048b26156df91&livekey=01WgOR41rriMmMkzNsd0UoaxJRwetZdxIvtVk,4.354,其它
辽宁卫视,https://live.264788.xyz/channel/liaoningweishi?streamid=11ca6a1856e4f7e06a1e824ae976604b&livekey=01WgOR41rriMmMkzNsd0UoaxJRwetZdxIvtVk,9.071,其它
辽宁卫视,http://111.56.90.5/000000000000/1000000002000024033/1.m3u8,3.018,其它
辽宁卫视,http://111.56.90.5/000000000000/1000000005000265022/1.m3u8,3.021,其它
辽宁卫视,http://111.56.90.5/000000000000/5000000004000011671/1.m3u8,2.215,其它
辽宁卫视,https://live.264788.xyz/channel/liaoningweishi?streamid=d1d75a84e93e19de790b38a1305b0e02&livekey=01WgOR41rriMmMkzNsd0UoaxJRwetZdxIvtVk,10.186,其它
辽宁卫视,https://live.264788.xyz/channel/liaoningweishi?streamid=a5721d1b827b5abda39797171e2c1a53&livekey=01WgOR41rriMmMkzNsd0UoaxJRwetZdxIvtVk,9.524,其它
辽宁新闻,http://124.93.18.239:9003/hls/28/index.m3u8,5.307,其它 SD（412条）
过河-潘长江,http://uptt.gcwduoduo.com/v/190528/21f13ec36f07ebbf366659673712e667.mp4,15.937,其它
迈克杰克逊《危险之旅演唱会 完整版 珍藏版》,https://vd2.bdstatic.com/mda-nmu42idx0zwhihq8/576p/h264/1672282865450326183/mda-nmu42idx0zwhihq8.mp4,2.151,其它
远方的家,http://newcntv.qcloudcdn.com/asp/hls/4000/0303000a/3/default/162d7e29c3da4aab82ad47b6e2d9e7b4/4000.m3u8,4.890,其它
连环计-何洁,https://vd3.bdstatic.com/mda-mkadvg2me151975f/hd/cae_h264_nowatermark/1636625042640145241/mda-mkadvg2me151975f.mp4,2.187,其它
连诗雅-到此为止,https://www.iesdouyin.com/aweme/v1/play/?video_id=v0200fg10000cf3vrrjc77uc2imn4ad0&ratio=720p&line=0,3.159,其它
连诗雅-到此为止,https://www.iesdouyin.com/aweme/v1/playwm/?video_id=v0200fg10000cf3vrrjc77uc2imn4ad0&ratio=720p&line=0,5.232,其它
连诗雅-好好过,https://www.iesdouyin.com/aweme/v1/playwm/?video_id=v0200fg10000chjmaarc77u1lp7ig8c0&ratio=720p&line=0,3.364,其它
退后,https://cfss.cc/api/kg/179586.mp4,7.669,其它
送水工-赵本山,http://uptt.gcwduoduo.com/v/181110/fff6f7161025c1ae11713e683d2b9c30.mp4,26.658,其它
送礼-蔡明郭达,http://uptt.gcwduoduo.com/v/181110/3e7da391047f125d77470feea8b2e265.mp4,15.513,其它
通江|澜露直播,http://dcpull.sctvcloud.com/live/04ea69fa018910006ae9ef0600000000/playlist.m3u8,9.740,其它
通海|澜露直播,https://zb-live.ynurl.com/tonghai/3bfe3a9e-48e6-4c1e-8770-1df66447cc6c.m3u8,4.073,其它
通许综合频道,http://tvpull.dxhmt.cn:9081/tv/10222-1.m3u8,10.413,其它
速度与生存4,http://newcntv.qcloudcdn.com/asp/hls/1200/0303000a/3/default/f37b1966271f4527a581ed9275c34f7c/1200.m3u8,2.523,其它
速度大比拼(下),http://newcntv.qcloudcdn.com/asp/hls/1200/0303000a/3/default/d2e5439b8a9c4b53970e5c3b0eee9abd/1200.m3u8,2.036,其它
遂宁蓬溪新闻综合,http://pxpull.pengxiyun.cn/live/03c29776018f10002512b07f00000000/playlist.m3u8?wsSecret=4b8511b5e9f31ec0478debd6664c2711&wsTime=2019657600,11.840,其它 SD（412条）
邓丽君-漫步人生路,https://www.iesdouyin.com/aweme/v1/playwm/?video_id=v0300fg10000cgg6rljc77ub1k9u4dug&ratio=720p&line=0,5.152,其它
邓丽君-漫步人生路,https://www.iesdouyin.com/aweme/v1/play/?video_id=v0300fg10000cgg6rljc77ub1k9u4dug&ratio=720p&line=0,16.330,其它
邓丽欣-电灯胆,https://www.iesdouyin.com/aweme/v1/play/?video_id=v0d00fg10000cmhsnt3c77u2ra2n3e2g&ratio=720p&line=0,44.860,其它
邓丽欣/傅颖-亲朋勿友,https://www.iesdouyin.com/aweme/v1/play/?video_id=v0300fg10000ccs4uirc77u12f0g60vg&ratio=720p&line=0,2.167,其它
邓州新闻,http://tvpull.dxhmt.cn:9081/tv/11381-1.m3u8,11.064,其它 SD（412条）
邓州新闻,http://tvpull.dxhmt.cn:9081/tv/11381-1.m3u8?%E5%85%B3%E6%B3%A8%E5%BE%AE%E4%BF%A1%E5%85%AC%E4%BC%97%E5%8F%B7[%E6%99%B4%E5%9B%AD],18.700,其它 SD（412条）
邓紫棋-17首合集,https://www.iesdouyin.com/aweme/v1/play/?video_id=v0d00fg10000cucbtmfog65l35tmqu7g&ratio=720p&line=0,7.311,其它
邓紫棋-17首合集,https://www.iesdouyin.com/aweme/v1/playwm/?video_id=v0d00fg10000cucbtmfog65l35tmqu7g&ratio=720p&line=0,10.169,其它
邓紫棋《2015年XXX北京演唱会 完整版》,https://vd2.bdstatic.com/mda-nmmdn9c6wfb058fg/576p/h264/1671702121121048555/mda-nmmdn9c6wfb058fg.mp4,2.159,其它
邓紫棋精选30首(2小时),https://txmov2.a.kwimgs.com/upic/2023/05/08/12/BMjAyMzA1MDgxMjIwNTNfMzQ4MzI0MjA1OF8xMDI1NjYyMjM5MDZfMF8z_b_B0675fa55fe8ce0583fb05fa02330e9f1.mp4,7.439,其它
邓紫棋香港站,https://sns-video-default.xhscdn.com/stream/1/110/258/01e8c02b2307ec2801037001992eb2cbfb_258.mp4,6.659,其它
邛崃电视台,http://115.29.208.41:34567/sccd.php?id=ql&kl=www.9kds.com,7.196,其它
那个谁,https://alimov2.a.kwimgs.com/upic/2023/05/26/11/BMjAyMzA1MjYxMTEyMDJfMjk4Mjk3ODMxOF8xMDM5NjY4MjE1OTBfMl8z_b_Bcc6eb6ccadec6fb846db0e43bebd553d.mp4?clientCacheKey=3x9jrbwim3x3tug_b.mp4&tt=b&di=75b3b1ea&bp=10000,18.474,其它
那天下雨了,https://cfss.cc/api/kg/14853206.mp4,27.802,其它
邯郸公共|澜露直播,https://jwcdnqx.hebyun.com.cn/live/hdgg/1500k/tzwj_video.m3u8,3.493,其它
邯郸公共频道,https://jwcdnqx.hebyun.com.cn/live/hdgg/1500k/tzwj_video.m3u8?zhebd,3.575,其它
邯郸新闻,https://jwcdnqx.hebyun.com.cn/live/hdxwzh/1500k/tzwj_video.m3u8,3.324,其它
邯郸科技教育|澜露直播,https://jwcdnqx.hebyun.com.cn/live/hdkj/1500k/tzwj_video.m3u8,2.027,其它
邻家小哥哥—欣宝儿DJ,https://vd2.bdstatic.com/mda-kmmc2zf4whqmxsag/v1-cae/1080p/mda-kmmc2zf4whqmxsag.mp4,6.029,其它
郏县综合,http://tvpull.dxhmt.cn:9081/tv/10425-1.m3u8?%E5%85%B3%E6%B3%A8%E5%BE%AE%E4%BF%A1%E5%85%AC%E4%BC%97%E5%8F%B7[%E6%99%B4%E5%9B%AD],13.111,其它
郏县综合频道,http://tvpull.dxhmt.cn:9081/tv/10425-1.m3u8,10.214,其它
郑中基-无赖,https://www.iesdouyin.com/aweme/v1/play/?video_id=v0300fg10000cmaj7d7og65vg4bdm0h0&ratio=720p&line=0,9.826,其它
郑中基-无赖,https://www.iesdouyin.com/aweme/v1/playwm/?video_id=v0300fg10000cmaj7d7og65vg4bdm0h0&ratio=720p&line=0,16.758,其它
郑州市曲剧团,http://gcw.bdcdn.shoujiduoduo.com/v/190404/52298ebc73c6ef8b36a34ad9e09c924d.mp4,9.075,其它
郓城新闻|澜露直播,http://43.138.196.212/q0l.php?id=hzycxw,12.696,其它 SD（412条）
郓城新闻|澜露直播,http://1.94.31.214/php/qilu.php?id=hzycxw,9.768,其它
郓城综艺|澜露直播,http://1.94.31.214/php/qilu.php?id=hzyczy,12.656,其它
郓城综艺|澜露直播,http://43.138.196.212/q0l.php?id=hzyczy,12.586,其它
郝刚,http://gcw.bdcdn.shoujiduoduo.com/v/190818/e3a8feab9a9cb53c1c9494a561d9f594.mp4,50.529,其它
郭静-心墙,https://www.iesdouyin.com/aweme/v1/playwm/?video_id=v0d00fg10000cjb9s3bc77u14r09k960&ratio=720p&line=0,37.224,其它
郭静精选16首(1小时),https://www.iesdouyin.com/aweme/v1/playwm/?line=0&logo_name=aweme_diversion_search&ratio=720p&video_id=v0300fg10000d27kqc7og65u9r5sb1a0,19.326,其它
郯城1|澜露直播,http://1.94.31.214/php/qilu.php?id=lytc1,9.009,其它
郯城2|澜露直播,http://1.94.31.214/php/qilu.php?id=lytc2,8.821,其它
郯城TV-1|澜露直播,http://43.138.196.212/q0l.php?id=lytc1,9.436,其它
郯城TV-2|澜露直播,http://43.138.196.212/q0l.php?id=lytc2,9.642,其它
郸城新闻综合,http://tvpull.dxhmt.cn:9081/tv/11625-1.m3u8?wsSecret=df15530a0abec41b14bca00fc96270d1&wsTime=1654956569,11.742,其它 SD（412条）
郸城新闻综合,http://tvpull.dxhmt.cn:9081/tv/11625-1.m3u8?wsSecret=df15530a0abec41b14bca00fc96270d1&amp;wsTime=1654956569,9.920,其它 SD（412条）
郸城新闻综合,http://tvpull.dxhmt.cn:9081/tv/11625-1.m3u8,11.003,其它
都市剧场,http://111.56.90.5/000000000000/5000000002000004412/index.m3u8,2.979,其它
都市剧场,https://live.264788.xyz/channel/dushijuchang?streamid=703d0752c54f22baa433be41c2f9d236&livekey=01WgOR41rriMmMkzNsd0UoaxJRwetZdxIvtVk,11.204,其它
都市剧场,https://live.264788.xyz/channel/dushijuchang?streamid=087bbd865ae84d7fe5c566127ffad8ee&livekey=01WgOR41rriMmMkzNsd0UoaxJRwetZdxIvtVk,5.150,其它
都市剧场,https://live.264788.xyz/channel/dushijuchang?streamid=aa27adea6b26826f34c83402fb0465ca&livekey=01WgOR41rriMmMkzNsd0UoaxJRwetZdxIvtVk,9.775,其它
都市剧场,https://live.264788.xyz/channel/dushijuchang?streamid=fd36352c039198fe0978687774e97e59&livekey=01WgOR41rriMmMkzNsd0UoaxJRwetZdxIvtVk,10.104,其它
都说,https://alimov2.a.kwimgs.com/upic/2023/12/27/19/BMjAyMzEyMjcxOTM5MjZfMzM5Njk4MTMyNl8xMjA2ODE3MTY0MDVfMF8z_b_Bdb05a439b2ce238eb1ab17e0b7b40ba7.mp4,18.423,其它
鄢陵综合,http://tvpull.dxhmt.cn:9081/tv/11024-1.m3u8?%E5%85%B3%E6%B3%A8%E5%BE%AE%E4%BF%A1%E5%85%AC%E4%BC%97%E5%8F%B7[%E6%99%B4%E5%9B%AD],9.850,其它
酒倾城,https://alimov2.a.kwimgs.com/upic/2023/05/02/09/BMjAyMzA1MDIwOTE2MDRfMzM5Njk4MTMyNl8xMDIwNDg0MjAyNTNfMF8z_b_B061c51c75e66f3c3c2e3a790a6d2b560.mp4?clientCacheKey=3xs859ymp4a9y3y_b.mp4&tt=b&di=75b3b1ea&bp=10000,13.367,其它
醉千年李袁杰,http://vd3.bdstatic.com/mda-ihai9qt3yny3sx53//mda-ihai9qt3yny3sx53.mp4?pd=19&vt=1,7.223,其它
醒不来的梦,https://txmov2.a.kwimgs.com/upic/2023/09/22/17/BMjAyMzA5MjIxNzM1NTJfMzM5Njk4MTMyNl8xMTMzMTg3NTU2NjhfMF8z_b_B9370feceb48c2ad1958ec385f822fa7a.mp4,3.642,其它
重庆卫视,http://223.95.198.3:8000/hls/36/index.m3u8,6.699,卫视 SD（632条）
重庆卫视,http://61.178.227.57:9901/tsfile/live/0142_2.m3u8?key=txiptv&playlive=1&authid=0,7.018,卫视 SD（632条）
重庆卫视,http://114.241.111.4:85/tsfile/live/42/1042_1.m3u8?key=txiptv,3.250,卫视 SD（632条）
重庆卫视,http://61.178.227.57:9901/tsfile/live/0142_2.m3u8?key=txiptv&amp;playlive=1&amp;authid=0,5.290,卫视 SD（632条）
重庆卫视,http://111.56.90.5/000000000000/5000000004000025797/index.m3u8,2.171,卫视 SD（632条）
重庆卫视,http://183.62.8.58:50085/tsfile/live/0142_1.m3u8?key=txiptv&playlive=1&authid=0,3.920,卫视 SD（632条）
重庆卫视,http://111.56.90.5/000000000000/1000000005000265017/1.m3u8,3.134,其它
重庆卫视,http://111.56.90.5/000000000000/1000000002000018937/1.m3u8,2.927,其它
重庆卫视,https://live.264788.xyz/channel/chongqingweishi?streamid=3154f54402f859ff850d544c66ba77ed&livekey=01WgOR41rriMmMkzNsd0UoaxJRwetZdxIvtVk,4.536,其它
重庆卫视,https://live.264788.xyz/channel/chongqingweishi?streamid=686f6f7a1575884e5faa8bc3db4f3e9e&livekey=01WgOR41rriMmMkzNsd0UoaxJRwetZdxIvtVk,8.159,其它
重庆卫视,http://111.56.90.5/000000000000/1000000001000001096/1.m3u8,3.165,其它
重庆卫视,https://live.264788.xyz/channel/chongqingweishi?streamid=737d49d36d25402fc57210b67903c168&livekey=01WgOR41rriMmMkzNsd0UoaxJRwetZdxIvtVk,9.413,其它
重庆卫视,http://111.56.90.5/000000000000/5000000004000025797/1.m3u8,2.160,其它
重庆卫视,https://live.264788.xyz/channel/chongqingweishi?streamid=0d606a0ff89dc49b8efb489237c11095&livekey=01WgOR41rriMmMkzNsd0UoaxJRwetZdxIvtVk,9.621,其它
重庆卫视,https://live.264788.xyz/channel/chongqingweishi?streamid=67cc81d963a7523e0fd449d3844b30bc&livekey=01WgOR41rriMmMkzNsd0UoaxJRwetZdxIvtVk,7.646,其它
野性的召唤2,http://newcntv.qcloudcdn.com/asp/hls/1200/0303000a/3/default/24514b1197ea46b9a443121f5e19f535/1200.m3u8,2.269,其它
野狼的士高,https://vd2.bdstatic.com/mda-ncp47pjrm7kqjfwq/720p/h264_delogo/1648091187992655346/mda-ncp47pjrm7kqjfwq.mp4,2.991,其它
野生世界竞技场(上),http://newcntv.qcloudcdn.com/asp/hls/1200/0303000a/3/default/11ac06bbb4f0426fbc4c7b3bfd864b3f/1200.m3u8,2.221,其它
野花香,https://vd3.bdstatic.com/mda-kkiij0tpgib4mvnm/sc/cae_h264_nowatermark/1605819994/mda-kkiij0tpgib4mvnm.mp4,2.086,其它
金典老歌合集dj,https://vd3.bdstatic.com/mda-mkq6zqsvfa164i4i/sc/cae_h264/1637829051855604521/mda-mkq6zqsvfa164i4i.mp4,2.087,其它
金华东阳综合,http://l.cztvcloud.com/channels/lantian/SXdongyang1/720p.m3u8,6.427,其它
金川乡村|澜露直播,http://live.jinchuanrmt.com:90/live/jcxc.m3u8?zsicd,4.840,其它
金川乡村频道,http://139.203.180.9:90/live/jcxc.m3u8,9.609,其它
金川乡村频道|澜露直播,http://live.jinchuanrmt.com:90/live/jcxc.m3u8,2.598,其它
金川新闻综合,http://139.203.180.9:90/live/zhxw.m3u8,7.680,其它 SD（412条）
金川新闻综合|澜露直播,http://live.jinchuanrmt.com:90/live/zhxw.m3u8,5.114,其它 SD（412条）
金川新闻综合|澜露直播,http://live.jinchuanrmt.com:90/live/zhxw.m3u8?zsicd,8.272,其它 SD（412条）
金昌永昌综合|澜露直播,https://play.kankanlive.com/live/1652755738635915.m3u8,2.007,其它
金河口|澜露直播,http://pili-live-hls.227.i2863.com/i2863-227/live_227_687291.m3u8,2.533,其它
金色学堂,https://live.264788.xyz/channel/jinsexuetang?streamid=8e1564b76e5c4ab65d4c22b0c526b632&livekey=01WgOR41rriMmMkzNsd0UoaxJRwetZdxIvtVk,10.924,其它
金色学堂,https://live.264788.xyz/channel/jinsexuetang?streamid=9eafd5f816b2df2d9ec2b69bcfb152f5&livekey=01WgOR41rriMmMkzNsd0UoaxJRwetZdxIvtVk,10.527,其它
金色学堂,https://live.264788.xyz/channel/jinsexuetang?streamid=cb091d25c0de55e14e3e620f52da7c6d&livekey=01WgOR41rriMmMkzNsd0UoaxJRwetZdxIvtVk,11.209,其它
金色学堂,https://live.264788.xyz/channel/jinsexuetang?streamid=8fe38ffb53d3c3577b984f950e723bb1&livekey=01WgOR41rriMmMkzNsd0UoaxJRwetZdxIvtVk,4.972,其它
金豺夫妇的故事,http://newcntv.qcloudcdn.com/asp/hls/1200/0303000a/3/default/5b71afacb8eb442d9d4a5844d3ceca15/1200.m3u8,2.263,其它
金鹰卡通,https://live.264788.xyz/channel/jinyingkatong?streamid=790415358c6e852c799a2352d86cd719&livekey=01WgOR41rriMmMkzNsd0UoaxJRwetZdxIvtVk,4.834,其它
金鹰卡通,https://live.264788.xyz/channel/jinyingkatong?streamid=e103b40dd8fffaa99fd552f76e03ee0a&livekey=01WgOR41rriMmMkzNsd0UoaxJRwetZdxIvtVk,7.130,其它
金鹰卡通,https://live.264788.xyz/channel/jinyingkatong?streamid=d742f1e8432ab3ccc91e53b4c712de12&livekey=01WgOR41rriMmMkzNsd0UoaxJRwetZdxIvtVk,7.270,其它
金鹰卡通,https://live.264788.xyz/channel/jinyingkatong?streamid=6bd8e7571b60048f177f05de68f25f68&livekey=01WgOR41rriMmMkzNsd0UoaxJRwetZdxIvtVk,9.620,其它
金鹰卡通,https://phoneal.qing.mgtv.com/nn_live/nn_x64/Y2RuZXhfaWQ9YWxfaGxzX2xkdnQmZT02OTE0NjA0JnY9MSZpZD1ITldTWkdTVCZzPTcwN2RiYTc2YzJjNmJmMTQ4MmUyZGYzOWU2NWM3YWFi/JYKTMPP360.m3u8,5.231,其它
金鹰卡通,https://live.264788.xyz/channel/jinyingkatong?streamid=df19588f986fb1a623be21b3582008fe&livekey=01WgOR41rriMmMkzNsd0UoaxJRwetZdxIvtVk,9.272,其它
金鹰纪实,https://live.264788.xyz/channel/jinyingjishi?streamid=4e14722244f78fc9c49bf260b10b3cad&livekey=01WgOR41rriMmMkzNsd0UoaxJRwetZdxIvtVk,8.139,其它
金鹰纪实,https://live.264788.xyz/channel/jinyingjishi?streamid=39c14c1420dbb152d037b2b1cc17c175&livekey=01WgOR41rriMmMkzNsd0UoaxJRwetZdxIvtVk,8.939,其它
金鹰纪实,https://live.264788.xyz/channel/jinyingjishi?streamid=b33f7690b2ce36708f54588c53a20742&livekey=01WgOR41rriMmMkzNsd0UoaxJRwetZdxIvtVk,9.136,其它
金鹰纪实,https://phoneal.qing.mgtv.com/nn_live/nn_x64/Y2RuZXhfaWQ9YWxfaGxzX2xkdnQmZT02OTE0NjA0JnY9MSZpZD1ITldTWkdTVCZzPTcwN2RiYTc2YzJjNmJmMTQ4MmUyZGYzOWU2NWM3YWFi/JYJSMPP360.m3u8,3.556,其它
金鹰纪实,https://live.264788.xyz/channel/jinyingjishi?streamid=3680a1c0ad58417e29641bb984685a5b&livekey=01WgOR41rriMmMkzNsd0UoaxJRwetZdxIvtVk,7.853,其它
钟嘉欣-我结婚了,https://www.iesdouyin.com/aweme/v1/playwm/?video_id=v0300fg10000c2utibbc77u7pgisaep0&ratio=720p&line=0,10.239,其它
钟嘉欣-我结婚了,https://www.iesdouyin.com/aweme/v1/play/?video_id=v0300fg10000c2utibbc77u7pgisaep0&ratio=720p&line=0,10.101,其它
钟镇涛-让一切随风,https://www.iesdouyin.com/aweme/v1/play/?video_id=v0200fg10000clvs8cjc77u7555h0er0&ratio=720p&line=0,22.731,其它
钱江都市,https://ali-m-l.cztv.com/channels/lantian/channel002/1080p.m3u8?,4.329,其它
铜梁综合|澜露直播,http://183.64.174.171:40123/ch1.m3u8,2.111,其它
锣鼓众唱二人台《红红火火》一种好听又好看的演唱形式,http://gcw.bdcdn.shoujiduoduo.com/v/191227/6f833e835ada606ecdd30334168ce6a4.mp4,10.481,其它
镇平新闻综合,http://tvpull.dxhmt.cn:9081/tv/11324-1.m3u8,10.941,其它
镇江-2,http://zjtv-wshls.homecdn.com/live/2aa16.m3u8,11.840,其它
镇江-2,http://zjtv-wshls.homecdn.com/live/2aa16.m3u8?wsSession=7525bc2371fef9193fbdbeb8-171280267129975&wsIPSercert=0f540f265a90d9637de4bfc98dba8554,12.397,其它
镇江-3,http://zjtv-wshls.homecdn.com/live/2aa58.m3u8,7.579,其它
镇江新闻综合,http://zjtv-wshls.homecdn.com/live/2aa50.m3u8?wsSession=a263bdc5a26cd01b57a80359-170493712215358&wsIPSercert=f56bd6194d219a5172dbed60eca6e9b0,3.937,其它 SD（412条）
镇江新闻综合,http://zjtv-wshls.homecdn.com/live/2aa50.m3u8?wsSession=a263bdc5a26cd01b57a80359-170493712215358&amp;wsIPSercert=f56bd6194d219a5172dbed60eca6e9b0,3.235,其它 SD（412条）
镇江民生,http://zjtv-wshls.homecdn.com/live/2aa16.m3u8?wsSession=25eac7fcbe9d822bf028ffc8-170493717234726&wsIPSercert=f56bd6194d219a5172dbed60eca6e9b0,3.104,其它
长垣综合频道,http://tvpull.dxhmt.cn:9081/tv/10728-1.m3u8,9.858,其它
长子综合,https://www.wxhcgbds.com:8081/channelTv/WXTV_1.m3u8?zshanxd,2.771,其它
长岛|澜露直播,http://43.138.196.212/q0l.php?id=ytcd,2.018,其它
长岛|澜露直播,http://1.94.31.214/php/qilu.php?id=ytcd,2.005,其它
长影频道,http://tpc.x3322.net:9901/tsfile/live/1010_1.m3u8,5.125,其它
长沙政法,https://phoneal.qing.mgtv.com/nn_live/nn_x64/Y2RuZXhfaWQ9YWxfaGxzX2xkdnQmZT02OTE0NjA0JnY9MSZpZD1ITldTWkdTVCZzPTcwN2RiYTc2YzJjNmJmMTQ4MmUyZGYzOWU2NWM3YWFi/CSZFMPP360.m3u8,3.104,其它
长沙新闻,https://phoneal.qing.mgtv.com/nn_live/nn_x64/Y2RuZXhfaWQ9YWxfaGxzX2xkdnQmZT02OTE0NjA0JnY9MSZpZD1ITldTWkdTVCZzPTcwN2RiYTc2YzJjNmJmMTQ4MmUyZGYzOWU2NWM3YWFi/CSXWMPP360.m3u8,4.892,其它
长清新闻|澜露直播,http://play-a11.quklive.com/live/1689126294179076.m3u8,2.901,其它 SD（412条）
长清新闻|澜露直播,http://1.94.31.214/php/qilu.php?id=jncqxw,13.446,其它
长清生活|澜露直播,http://43.138.196.212/q0l.php?id=jncqsh,13.669,其它
长清综合|澜露直播,http://43.138.196.212/q0l.php?id=jncqxw,11.939,其它
阅兵装备详解,https://sns-video-default.xhscdn.com/stream/79/110/258/01e8bc3d97bc5b9e4f037001991f54f4f9_258.mp4,18.533,其它
阆中|澜露直播,https://p2hs.vzan.com/slowlive/798833473879633259/live.m3u8,3.263,其它
阜阳生活频道|澜露直播,http://41007.hlsplay.aodianyun.com/tv_radio_41007/tv_channel_2853.m3u8?auth_key=4835990486-0-0-dcdb6cc0aee871a664044ee7a3e83308&extra_key=jiEx28IYtuWJ1_w9kBTIOKIb4qAj8AdUpC907-3A-1heP_ZkcC9shKy2LFM4R9AiQLgQILrQJL1arILWCMAAizwLLRfZ5JckaokxNmuSv2KZs6SyYxsEki45eCNOFysmPiq_XKQRYYjgnOQiBte9knM20QVSjr7_kfGY0ZMQJoKWXhwFqOC7MaahYRl6X9Bv,4.331,其它
阳信综合|澜露直播,http://1.94.31.214/php/qilu.php?id=bzyxxw,2.056,其它
阳光宅男,https://cfss.cc/api/kg/6334.mp4,10.521,其它
阳谷影视|澜露直播,http://1.94.31.214/php/qilu.php?id=lcygys,5.454,其它
阳谷综合|澜露直播,http://1.94.31.214/php/qilu.php?id=lcygzh,5.281,其它
阳高二人台农民艺术团排炼节目,http://gcw.bdcdn.shoujiduoduo.com/v/191108/8532cf712888e79cf19401ce0a8d7f21.mp4,6.352,其它
阿坝若尔盖综合,http://regpull.regrmt.cn/live/fba4bdf0019310007748ce6c00000000/playlist.m3u8?wsSecret=c48a78f1f3c14458a9867a8067c8bb5b&wsTime=2019657600,19.449,其它
阿坝若尔盖综合,http://regpull.regrmt.cn/live/fba4bdf0019310007748ce6c00000000.flv?wsSecret=9c12ac7fa0a7188dfa3f1d6ea7c1aa26&wsTime=2019657600,2.054,其它
陆良|澜露直播,https://hwapi.yntv.net/9327b6/v8i7rf.m3u8,2.279,其它
陇川综合,https://zb-live.ynurl.com/longchuan/58f88df3-605e-4c57-865c-8e8f85241ca1.m3u8,2.891,其它
陈倩倩-婴儿,http://vodcdn.video.taobao.com/oss/ali-video/4fc8d043456c092c392483bd293d0ee3/video.m3u8,7.225,其它
陈僖仪-忘川,https://www.iesdouyin.com/aweme/v1/play/?video_id=v0300fg10000ca6gn83c77ufug96j7cg&ratio=720p&line=0,4.327,其它
陈僖仪-忘川,https://www.iesdouyin.com/aweme/v1/playwm/?video_id=v0300fg10000ca6gn83c77ufug96j7cg&ratio=720p&line=0,16.100,其它
陈冠希-战争,https://www.iesdouyin.com/aweme/v1/playwm/?video_id=v0300fg10000ch5hv2jc77udla7jom10&ratio=720p&line=0,9.919,其它
陈奕迅-十面埋伏,https://www.iesdouyin.com/aweme/v1/play/?video_id=v0300fg10000csjohunog65ideqnh670&ratio=720p&line=0,24.485,其它
陈奕迅-十面埋伏,https://www.iesdouyin.com/aweme/v1/playwm/?video_id=v0300fg10000csjohunog65ideqnh670&ratio=720p&line=0,4.408,其它
陈奕迅-单车,https://www.iesdouyin.com/aweme/v1/playwm/?video_id=v0300fg10000ctpv5tvog65qksofvds0&ratio=720p&line=0,22.486,其它
陈奕迅-单车,https://www.iesdouyin.com/aweme/v1/play/?video_id=v0300fg10000ctpv5tvog65qksofvds0&ratio=720p&line=0,8.395,其它
陈奕迅-富士山下,https://www.iesdouyin.com/aweme/v1/play/?video_id=v0200fg10000cnu3p4jc77u9i1pe18qg&ratio=720p&line=0,7.129,其它
陈奕迅-富士山下,https://www.iesdouyin.com/aweme/v1/playwm/?video_id=v0200fg10000cnu3p4jc77u9i1pe18qg&ratio=720p&line=0,29.175,其它
陈奕迅-明年今日,https://www.iesdouyin.com/aweme/v1/playwm/?video_id=v0200fg10000ccqqbarc77u3c0tjm46g&ratio=720p&line=0,22.161,其它
陈奕迅-落花流水,https://www.iesdouyin.com/aweme/v1/play/?video_id=v0d00fg10000cngumojc77ubsn73764g&ratio=720p&line=0,4.475,其它
陈奕迅-落花流水,https://www.iesdouyin.com/aweme/v1/playwm/?video_id=v0d00fg10000cngumojc77ubsn73764g&ratio=720p&line=0,4.934,其它
陈奕迅《2007红磡体育馆演唱会 4K高清 完整版》,https://vd4.bdstatic.com/mda-paw7k4hdfnz4xyry/576p/h264/1675143278817711982/mda-paw7k4hdfnz4xyry.mp4,2.036,其它 4D/超高清（23条）
陈奕迅《2010“DUO”演唱会高清完整版》神级现场！,https://vd4.bdstatic.com/mda-nmfac23y1z5zr3mn/hd/cae_h264/1671183014510079803/mda-nmfac23y1z5zr3mn.mp4,2.663,其它 高清/HD（158条）
陈奕迅《Eason’s Life 2013香港演唱会 完整版》,https://vd2.bdstatic.com/mda-nmn90etbajxggvpb/576p/h264/1671777371048275385/mda-nmn90etbajxggvpb.mp4,2.165,其它
陈奕迅精选34首(2小时),https://txmov2.a.kwimgs.com/upic/2022/12/22/17/BMjAyMjEyMjIxNzM3NDNfMTg1NzcxNTYxOF85MTcyMjE1NDQzNV8yXzM=_b_B16479ab3769c6fcfed15a06b75c2656e.mp4,12.632,其它
陈小云爱人跟人走,http://vd4.bdstatic.com/mda-jgvqig36bu4rc0ej/sc/mda-jgvqig36bu4rc0ej.mp4,2.154,其它
陈慧娴-人生何处不相逢,https://www.iesdouyin.com/aweme/v1/play/?video_id=v0d00fg10000chrn8sjc77u9t0ofndkg&ratio=720p&line=0,25.520,其它
陈慧娴-人生何处不相逢,https://www.iesdouyin.com/aweme/v1/playwm/?video_id=v0d00fg10000chrn8sjc77u9t0ofndkg&ratio=720p&line=0,15.795,其它
陈慧娴-千千阙歌,http://vodcdn.video.taobao.com/oss/ali-video/8f45a35108ebe1b1951d2936007e3cd0/video.m3u8,8.627,其它
陈慧娴-千千阙歌,https://www.iesdouyin.com/aweme/v1/play/?video_id=v0200fg10000cobq6e3c77udq71olmb0&ratio=720p&line=0,2.548,其它
陈慧娴-千千阙歌,https://www.iesdouyin.com/aweme/v1/playwm/?video_id=v0200fg10000cobq6e3c77udq71olmb0&ratio=720p&line=0,2.528,其它
陈慧娴-归来吧,http://vodcdn.video.taobao.com/oss/ali-video/c89589fd5809cf6e2f1a4d7a52023733/video.m3u8,9.771,其它
陈慧娴-情意结,https://www.iesdouyin.com/aweme/v1/play/?video_id=v0200fg10000c7mte0bc77u646crfqj0&ratio=720p&line=0,2.702,其它
陈慧娴1996年演唱会,https://alimov2.a.kwimgs.com/upic/2021/10/03/15/BMjAyMTEwMDMxNTUzNTFfMTE0Mzc4ODk3OF81ODM0NDAyOTMyMl8yXzM=_b_B85495f852ff71a0887f689798176cc08.mp4,16.602,其它
陈慧娴《2014 30周年演唱会 高清完整 珍藏版》,https://vd2.bdstatic.com/mda-nmkc1znfw4dz5tbj/576p/h264/1671612650824205354/mda-nmkc1znfw4dz5tbj.mp4,2.424,其它 高清/HD（158条）
陈慧娴《2016年Priscilla-ism演唱会完整版》,https://vd2.bdstatic.com/mda-nmkdh8zu3b6jeur2/576p/h264/1671615353015464234/mda-nmkdh8zu3b6jeur2.mp4,2.236,其它
陈慧娴告别演唱会,https://alimov2.a.kwimgs.com/upic/2021/01/06/20/BMjAyMTAxMDYyMDM3MDlfODI4NTk1NTQ0XzQxOTc4MTcyNTcwXzJfMw==_b_B433cd58306ccc133cade9d3cdcf0b0f1.mp4,14.213,其它
陈慧琳《2005纸醉金迷演唱会 完整版》,https://vd2.bdstatic.com/mda-pani2ii7ab475aqv/576p/h264/1674478244611200996/mda-pani2ii7ab475aqv.mp4,2.473,其它
陈慧琳《2008 演唱会 完整版》,https://vd2.bdstatic.com/mda-pap5g5hdrs3a2f9n/hd/cae_h264/1674535115951758244/mda-pap5g5hdrs3a2f9n.mp4,2.893,其它
陈慧琳精选30首(1小时),https://txmov2.a.kwimgs.com/upic/2025/02/09/20/BMjAyNTAyMDkyMDIzNTVfMTg1NzcxNTYxOF8xNTY0NDk2NjMzNTZfMl8z_b_Bd072695cb8d3a79a9d1ac8cdb5b3b3bc.mp4,11.321,其它
陈文缓-时光中飞舞,https://www.iesdouyin.com/aweme/v1/play/?video_id=v0300fg10000cab99tbc77u5slfids90&ratio=720p&line=0,12.118,其它
陈文缓-时光中飞舞,https://www.iesdouyin.com/aweme/v1/playwm/?video_id=v0300fg10000cab99tbc77u5slfids90&ratio=720p&line=0,13.673,其它
陈柏宇-你瞒我瞒,https://www.iesdouyin.com/aweme/v1/play/?video_id=v0300fg10000ccrgjdrc77ua76fkf6sg&ratio=720p&line=0,2.990,其它
陈柏宇-你瞒我瞒,https://www.iesdouyin.com/aweme/v1/playwm/?video_id=v0300fg10000ccrgjdrc77ua76fkf6sg&ratio=720p&line=0,2.603,其它
陈淑苹离家,http://vd2.bdstatic.com/mda-iftyuk6tjcxrm53p/sc/mda-iftyuk6tjcxrm53p.mp4,2.019,其它
陈瑞-一生的等待,http://antiserver.kuwo.cn/anti.s?rid=MUSIC_1583215&response=res&format=mp4&type=convert_url,11.832,其它
陈瑞-一辈子的真爱,http://antiserver.kuwo.cn/anti.s?rid=MUSIC_28470656&response=res&format=mp4&type=convert_url,5.629,其它
陈瑞-分手了别来打扰我,http://antiserver.kuwo.cn/anti.s?rid=MUSIC_5835684&response=res&format=mp4&type=convert_url,13.849,其它
陈瑞-别思,http://antiserver.kuwo.cn/anti.s?rid=MUSIC_3429064&response=res&format=mp4&type=convert_url,12.549,其它
陈瑞-天长地久,http://antiserver.kuwo.cn/anti.s?rid=MUSIC_1583220&response=res&format=mp4&type=convert_url,5.666,其它
陈瑞-心中的牵挂,http://antiserver.kuwo.cn/anti.s?rid=MUSIC_1583211&response=res&format=mp4&type=convert_url,6.181,其它
陈瑞-曾經是我的最爱的女人,http://antiserver.kuwo.cn/anti.s?rid=MUSIC_486357&response=res&format=mp4&type=convert_url,15.517,其它
陈瑞-有谁知道我在等你,http://antiserver.kuwo.cn/anti.s?rid=MUSIC_1583218&response=res&format=mp4&type=convert_url,14.717,其它
陈瑞-烛光里的妈妈,http://antiserver.kuwo.cn/anti.s?rid=MUSIC_1024266&response=res&format=mp4&type=convert_url,15.704,其它
陈瑞-红尘永相伴,http://antiserver.kuwo.cn/anti.s?rid=MUSIC_506435&response=res&format=mp4&type=convert_url,16.836,其它
陈瑞-鱼和水的故事,http://antiserver.kuwo.cn/anti.s?rid=MUSIC_353501&response=res&format=mp4&type=convert_url,10.850,其它
陈百强-一生何求,https://www.iesdouyin.com/aweme/v1/play/?video_id=v0d00fg10000c62hppbc77u6phu370hg&ratio=720p&line=0,19.224,其它
陈百强-一生何求,https://www.iesdouyin.com/aweme/v1/playwm/?video_id=v0d00fg10000c62hppbc77u6phu370hg&ratio=720p&line=0,14.029,其它
陈百强-偏偏喜欢你,https://www.iesdouyin.com/aweme/v1/play/?video_id=v0300fg10000c4sd0hjc77uadn62vdpg&ratio=720p&line=0,2.273,其它
陈百强-偏偏喜欢你,https://www.iesdouyin.com/aweme/v1/playwm/?video_id=v0300fg10000c4sd0hjc77uadn62vdpg&ratio=720p&line=0,5.088,其它
陈百甫板胡,http://gcw.bdcdn.shoujiduoduo.com/v/200205/969e241fff8b79bd1386f6f2a417a698.mp4,6.437,其它
陈粒精选20首(1小时),https://txmov2.a.kwimgs.com/upic/2020/10/04/21/BMjAyMDEwMDQyMTI1NDZfMTc4NDYxNDcyNl8zNzE2MjYzNjA2N18yXzM=_b_B916781f8115d7d5caf6554e522a17daa.mp4,8.566,其它
陈雷-随缘,http://vdown.kuwo.cn:80/resource//t1/34/c9596b26ffc64cb5ab2c3f82068d167a.mp4,17.999,其它
陕西卫视,http://223.95.198.3:8000/hls/43/index.m3u8,7.317,卫视 SD（632条）
陕西卫视,http://61.178.227.57:9901/tsfile/live/0136_1.m3u8?key=txiptv&amp;playlive=1&amp;authid=0,5.074,卫视 SD（632条）
陕西卫视,http://183.62.8.58:50085/tsfile/live/0136_1.m3u8?key=txiptv&playlive=1&authid=0,4.047,卫视 SD（632条）
陕西卫视,http://124.93.18.239:9003/hls/46/index.m3u8,3.611,卫视 SD（632条）
陕西卫视,http://111.56.90.5/000000000000/1000000002000007495/1.m3u8,3.057,其它
陕西卫视,http://111.56.90.5/000000000000/7120278140251237664/1.m3u8,2.473,其它
陕西卫视,https://live.264788.xyz/channel/shaanxiweishi?streamid=9dc887dba8ecb4e4143baf4f2373800c&livekey=01WgOR41rriMmMkzNsd0UoaxJRwetZdxIvtVk,5.359,其它
陕西省戏曲研究院演出,http://gcw.bdcdn.shoujiduoduo.com/v/201030/536f534a25ebab5eb8d10ff75e31dc9c.mp4,15.504,其它
陕西秦腔——丑角戏（烘窑）,http://gcw.bdcdn.shoujiduoduo.com/v/200722/c8d90e93efef0566c219d9fc1ef7b06c.mp4,7.034,其它
陵城综合|澜露直播,http://43.138.196.212/q0l.php?id=dzlcxw,2.633,其它
陵城综合|澜露直播,http://1.94.31.214/php/qilu.php?id=dzlczh,2.367,其它
陶喆-就是爱你,https://www.iesdouyin.com/aweme/v1/play/?video_id=v0300fg10000c2j1oprc77u04674qfu0&ratio=720p&line=0,19.183,其它
陶喆-就是爱你,https://www.iesdouyin.com/aweme/v1/playwm/?video_id=v0300fg10000c2j1oprc77u04674qfu0&ratio=720p&line=0,12.814,其它
陶喆精选30首(2小时),https://txmov2.a.kwimgs.com/upic/2023/08/06/13/BMjAyMzA4MDYxMzEzMzhfODM0NDUzMTQ2XzEwOTgxMDA2NzAyNF8wXzM=_b_B5e5a6bf1ef67081a9a226a2f6145ea2d.mp4,24.195,其它
随州农村,https://34766.hlsplay.aodianyun.com/guangdianyun_34766/tv_channel_305.m3u8?auth_key=3302215637-0-0-ced6f406c4ff6e16edb0959f7d6600c5&extra_key=Z7grDZO4e_1OJTbTzz9CB1XhDyBay1lf_GPwKh_Q1ye7qTAt80lk4bAnyqM1YtS7-cCnEE600CDUMfLyba0O3pOROiZm7BHYTGFQuWxWiS176QsQu9OY_VTcvIkwzij3U_hgBqEW2Ko-M2oKgnFWVKgLft8SROIMGz1ZpWAPorQ,2.142,其它
隐秘王国里的奇迹1,http://newcntv.qcloudcdn.com/asp/hls/1200/0303000a/3/default/e2094de08292490db17c29ec299b4bc2/1200.m3u8,2.182,其它
隐秘王国里的奇迹2,http://newcntv.qcloudcdn.com/asp/hls/1200/0303000a/3/default/1cee8d6ac393418e887420a6e1d54b6e/1200.m3u8,2.107,其它
难却,https://alimov2.a.kwimgs.com/upic/2024/01/23/10/BMjAyNDAxMjMxMDM3NTFfMzM5Njk4MTMyNl8xMjI5MTQwMzIwNDdfMF8z_b_B2050c32644e2748e364af06a8fdd63c5.mp4,18.944,其它
难忘的旋律,https://vd4.bdstatic.com/mda-pdde27tmwiw6jekv/uhd/cae_h264/1681511452605224417/mda-pdde27tmwiw6jekv.mp4,2.778,其它
雅安文化|澜露直播,https://play.yunxya.com/channellive/whsh.m3u8,4.672,其它
雅安新闻|澜露直播,https://play.yunxya.com/channellive/xinwen.m3u8,5.467,其它 SD（412条）
雅安雨城|澜露直播,https://m3u8channel-yc.yunxya.com/nmip-media/channellive/channel100103/playlist.m3u8,3.747,其它
雨中相思-龙千玉,http://txmov2.a.yximgs.com/upic/2020/11/25/16/BMjAyMDExMjUxNjAwNDRfMTU0MDc1NjUwOF8zOTc3MTI2OTA2MF8yXzM=_b_B0652e68c50f21d5cb6bdda5dbc7a3c13.mp4,36.904,其它
雨林守护的秘密(下),http://newcntv.qcloudcdn.com/asp/hls/1200/0303000a/3/default/084be96dbd124ac499afc25eb1e4d63d/1200.m3u8,2.578,其它
雪鸮的生存之舞,http://newcntv.qcloudcdn.com/asp/hls/1200/0303000a/3/default/722362cb57a74028804e0413141a1866/1200.m3u8,2.001,其它
霍元甲,https://cfss.cc/api/kg/596581.mp4,31.955,其它
青县新闻,https://jwcdnqx.hebyun.com.cn/live/qxtvlive1/1500k/tzwj_video.m3u8,6.525,其它
青山黛玛-留在我身边,https://www.iesdouyin.com/aweme/v1/play/?video_id=v0d00fg10000caf9b1jc77u3vnrog8mg&ratio=720p&line=0,24.959,其它
青山黛玛-留在我身边,https://www.iesdouyin.com/aweme/v1/playwm/?video_id=v0d00fg10000caf9b1jc77u3vnrog8mg&ratio=720p&line=0,27.401,其它
青川新闻综合|澜露直播,http://qcfile.qcrmt.com:80/nmip-media/channellive/channel100933/playlist.m3u8,4.565,其它 SD（412条）
青川综合,http://qcfile.qcrmt.com/nmip-media/channellive/channel100933/playlist.m3u8,3.014,其它
青州文化旅游,http://1.94.31.214/php/qilu.php?id=wfqzwh,7.926,其它
青州综合|澜露直播,http://1.94.31.214/php/qilu.php?id=wfqzzh,8.875,其它
青州综合|澜露直播,http://43.138.196.212/q0l.php?id=wfqzzh,8.190,其它
青春动漫,http://111.56.90.5/000000000000/5000000011000288008/index.m3u8,3.071,其它
青海卫视,http://223.95.198.3:8000/hls/47/index.m3u8,8.285,卫视 SD（632条）
青海卫视,http://111.56.90.5/000000000000/1000000002000013359/index.m3u8,2.969,卫视 SD（632条）
青海卫视,http://61.178.227.57:9901/tsfile/live/0140_1.m3u8?key=txiptv&amp;playlive=1&amp;authid=0,3.971,卫视 SD（632条）
青海卫视,http://114.241.111.4:85/tsfile/live/51/1051_1.m3u8?key=txiptv,2.204,卫视 SD（632条）
青海卫视,http://221.207.6.29:808/hls/20/index.m3u8,2.086,其它
青海卫视,https://live.264788.xyz/channel/qinghaiweishi?streamid=8aa812f4a2c7b1bee5c3447691ead3cf&livekey=01WgOR41rriMmMkzNsd0UoaxJRwetZdxIvtVk,8.352,其它
青海卫视,http://111.56.90.5/000000000000/1000000002000013359/1.m3u8,2.981,其它
青海卫视,https://live.264788.xyz/channel/qinghaiweishi?streamid=c6ffe6f67dbdce61f7bf5af9d34e999a&livekey=01WgOR41rriMmMkzNsd0UoaxJRwetZdxIvtVk,8.700,其它
青海卫视,http://111.56.90.5/000000000000/6721180114242078041/1.m3u8,2.491,其它
青海卫视,https://live.264788.xyz/channel/qinghaiweishi?streamid=366a61c1e203e1f01fd7eeeb0014f9a8&livekey=01WgOR41rriMmMkzNsd0UoaxJRwetZdxIvtVk,8.512,其它
青海卫视,http://124.93.18.239:9003/hls/44/index.m3u8,4.300,卫视 SD（632条）
青海卫视,https://live.264788.xyz/channel/qinghaiweishi?streamid=2e47f290dfc5832de1553e7b3710d702&livekey=01WgOR41rriMmMkzNsd0UoaxJRwetZdxIvtVk,4.927,其它
青海卫视,http://111.56.90.5/000000000000/6399324389404552555/1.m3u8,2.758,其它
青海卫视,https://live.264788.xyz/channel/qinghaiweishi?streamid=dcc88f36445dfbc894756be122a0bb9b&livekey=01WgOR41rriMmMkzNsd0UoaxJRwetZdxIvtVk,9.421,其它
青田电视,http://l.cztvcloud.com/channels/lantian/SXqingtian1/720p.m3u8?zzhed,2.045,其它 SD（412条）
青花瓷,https://cfss.cc/api/kg/592096.mp4,11.389,其它
青青世界广场舞,https://alimov2.a.kwimgs.com/upic/2022/05/10/20/BMjAyMjA1MTAyMDE4MTBfOTU2MzA3MDg4Xzc0MTE0MjAxNTM5XzJfMw==_b_B47bd636e2f80429ceeda31ab774a20ea.mp4,16.265,其它
非凡虎女王(下),http://newcntv.qcloudcdn.com/asp/hls/1200/0303000a/3/default/2c7ecbc0033049efa1946472214eeae3/1200.m3u8,2.206,其它
非洲野放计划3,http://newcntv.qcloudcdn.com/asp/hls/1200/0303000a/3/default/234631821d1343b086ed272be364d861/1200.m3u8,2.112,其它
非诚勿扰20260124期,https://videos.jstv.com/video/2026/01/24/202601242218301769264310687_654_21.mp4,40.784,其它
韩国GCN电视,http://liveko24-manminglobal3.ktcdn.co.kr/liveko24/gcnko_high/playlist.m3u8,2.278,其它 SD（412条）
韩国女团01,https://cloud.video.taobao.com//play/u/57349687/p/1/e/6/t/1/239755956819.mp4,46.460,其它
韩国女团02,https://cloud.video.taobao.com//play/u/57349687/p/1/e/6/t/1/240160716008.mp4,30.926,其它
韩国女团03,https://cloud.video.taobao.com//play/u/57349687/p/1/e/6/t/1/240095359203.mp4,4.361,其它
韩国女团04,https://cloud.video.taobao.com//play/u/57349687/p/1/e/6/t/1/239978750464.mp4,22.789,其它
韩国女团05,https://cloud.video.taobao.com//play/u/57349687/p/1/e/6/t/1/239858729476.mp4,24.934,其它
韩国女团06,https://cloud.video.taobao.com//play/u/57349687/p/1/e/6/t/1/239987758613.mp4,32.705,其它
韩国女团08,https://cloud.video.taobao.com//play/u/57349687/p/1/e/6/t/1/239903717006.mp4,5.296,其它
韩国女团09,https://cloud.video.taobao.com//play/u/57349687/p/1/e/6/t/1/239903321355.mp4,27.180,其它
韩国女团10,https://cloud.video.taobao.com//play/u/57349687/p/1/e/6/t/1/239799872402.mp4,23.776,其它
韩国女团11,https://cloud.video.taobao.com//play/u/57349687/p/1/e/6/t/1/239799088974.mp4,9.422,其它
韩国女团12,https://cloud.video.taobao.com//play/u/57349687/p/1/e/6/t/1/240024786285.mp4,3.738,其它
韩国女团13,https://cloud.video.taobao.com//play/u/57349687/p/1/e/6/t/1/240142715042.mp4,23.520,其它
韩国女团14,https://cloud.video.taobao.com//play/u/57349687/p/1/e/6/t/1/240025046562.mp4,26.533,其它
韩国女团15,https://cloud.video.taobao.com//play/u/57349687/p/1/e/6/t/1/240145171654.mp4,4.821,其它
韩国女团16,https://cloud.video.taobao.com//play/u/57349687/p/1/e/6/t/1/240147051191.mp4,26.370,其它
韩国女团17,https://cloud.video.taobao.com//play/u/57349687/p/1/e/6/t/1/239805200933.mp4,4.330,其它
韩国女团18,https://cloud.video.taobao.com//play/u/57349687/p/1/e/6/t/1/239910253332.mp4,11.014,其它
韩国女团19,https://cloud.video.taobao.com//play/u/57349687/p/1/e/6/t/1/239806164759.mp4,16.787,其它
韩国女团20,https://cloud.video.taobao.com//play/u/57349687/p/1/e/6/t/1/239807872136.mp4,16.784,其它
韩国女团21,https://cloud.video.taobao.com//play/u/57349687/p/1/e/6/t/1/240032526123.mp4,7.873,其它
韩国女团22,https://cloud.video.taobao.com//play/u/57349687/p/1/e/6/t/1/240167997205.mp4,2.867,其它
韩国女团23,https://cloud.video.taobao.com//play/u/57349687/p/1/e/6/t/1/240059400880.mp4,10.292,其它
韩国女团24,https://cloud.video.taobao.com//play/u/57349687/p/1/e/6/t/1/240407847242.mp4,5.058,其它
韩国女团25,https://cloud.video.taobao.com//play/u/57349687/p/1/e/6/t/1/240062596020.mp4,8.781,其它
韩国女团26,https://cloud.video.taobao.com//play/u/57349687/p/1/e/6/t/1/240170661907.mp4,12.835,其它
韩国女团27,https://cloud.video.taobao.com//play/u/57349687/p/1/e/6/t/1/240411259014.mp4,14.759,其它
韩国女团28,https://cloud.video.taobao.com//play/u/57349687/p/1/e/6/t/1/240174309994.mp4,4.263,其它
韩国女团29,https://cloud.video.taobao.com//play/u/57349687/p/1/e/6/t/1/240175225325.mp4,5.817,其它
韩国女团30,https://cloud.video.taobao.com//play/u/57349687/p/1/e/6/t/1/240066736888.mp4,9.256,其它
韩国女团31,https://cloud.video.taobao.com//play/u/57349687/p/1/e/6/t/1/240175161903.mp4,10.644,其它
韩国女团32,https://cloud.video.taobao.com//play/u/57349687/p/1/e/6/t/1/240295526170.mp4,19.383,其它
韩国女团33,https://cloud.video.taobao.com//play/u/57349687/p/1/e/6/t/1/240295818399.mp4,10.639,其它
韩国女团34,https://cloud.video.taobao.com//play/u/57349687/p/1/e/6/t/1/240177321736.mp4,4.335,其它
韩国女团35,https://cloud.video.taobao.com//play/u/57349687/p/1/e/6/t/1/240177941288.mp4,7.445,其它
韩国女团36,https://cloud.video.taobao.com//play/u/57349687/p/1/e/6/t/1/240070652257.mp4,15.995,其它
韩国女团37,https://cloud.video.taobao.com//play/u/57349687/p/1/e/6/t/1/240298266546.mp4,6.797,其它
韩国女团38,https://cloud.video.taobao.com//play/u/57349687/p/1/e/6/t/1/240070884570.mp4,28.267,其它
韩国女团39,https://cloud.video.taobao.com//play/u/57349687/p/1/e/6/t/1/240298694512.mp4,6.106,其它
韩国女团40,https://cloud.video.taobao.com//play/u/57349687/p/1/e/6/t/1/240418087243.mp4,12.471,其它
韩国女团41,https://cloud.video.taobao.com//play/u/57349687/p/1/e/6/t/1/240299394846.mp4,18.759,其它
韩国女团42,https://cloud.video.taobao.com//play/u/57349687/p/1/e/6/t/1/240181409471.mp4,12.949,其它
韩国女团43,https://cloud.video.taobao.com//play/u/57349687/p/1/e/6/t/1/240182993056.mp4,15.261,其它
韩国女团44,https://cloud.video.taobao.com//play/u/57349687/p/1/e/6/t/1/240301854532.mp4,7.410,其它
韩国女团45,https://cloud.video.taobao.com//play/u/57349687/p/1/e/6/t/1/240075164377.mp4,15.697,其它
韩国女团46,https://cloud.video.taobao.com//play/u/57349687/p/1/e/6/t/1/240349762400.mp4,11.294,其它
韩国女团47,https://cloud.video.taobao.com//play/u/57349687/p/1/e/6/t/1/240121912724.mp4,12.824,其它
韩国女团48,https://cloud.video.taobao.com//play/u/57349687/p/1/e/6/t/1/240126480392.mp4,11.826,其它
韩国女团49,https://cloud.video.taobao.com//play/u/57349687/p/1/e/6/t/1/240355262537.mp4,13.482,其它
韩国女团50,https://cloud.video.taobao.com//play/u/57349687/p/1/e/6/t/1/240355734488.mp4,7.927,其它
韩国女团51,https://cloud.video.taobao.com//play/u/57349687/p/1/e/6/t/1/240237453313.mp4,4.227,其它
韩国女团52,https://cloud.video.taobao.com//play/u/57349687/p/1/e/6/t/1/240130092025.mp4,6.498,其它
韩国女团53,https://cloud.video.taobao.com//play/u/57349687/p/1/e/6/t/1/240478207039.mp4,23.573,其它
韩国女团54,https://cloud.video.taobao.com//play/u/57349687/p/1/e/6/t/1/240361330093.mp4,9.046,其它
韩国女团55,https://cloud.video.taobao.com//play/u/57349687/p/1/e/6/t/1/240139316317.mp4,17.944,其它
韩国女团56,https://cloud.video.taobao.com//play/u/57349687/p/1/e/6/t/1/240248465975.mp4,32.393,其它
韩国女团57,https://cloud.video.taobao.com//play/u/57349687/p/1/e/6/t/1/240139720035.mp4,24.481,其它
韩国女团58,https://cloud.video.taobao.com//play/u/57349687/p/1/e/6/t/1/240368550193.mp4,5.672,其它
韩国女团59,https://cloud.video.taobao.com//play/u/57349687/p/1/e/6/t/1/240370230905.mp4,17.812,其它
韩安旭-多幸运,https://www.iesdouyin.com/aweme/v1/playwm/?line=0&logo_name=aweme_diversion_search&ratio=720p&video_id=v0300fg10000d0m9etvog65nglhodq2g,6.307,其它
韩宝仪《情人桥》,https://vd4.bdstatic.com/mda-jehka6exkt6va8id/sc/mda-jehka6exkt6va8id.mp4,2.156,其它
颜人中精选36首(1小时),https://www.iesdouyin.com/aweme/v1/playwm/?video_id=v0200fg10000d07m1fnog65i93c1s7qg&ratio=720p&line=0,9.446,其它
风云剧场,https://live.264788.xyz/channel/fengyunjuchang?streamid=fb9584fe15e1e0bb2a733656352904fe&livekey=01WgOR41rriMmMkzNsd0UoaxJRwetZdxIvtVk,9.181,其它
风云剧场,https://live.264788.xyz/channel/fengyunjuchang?streamid=31e7b5b7032d25dd215a4069cdee1a48&livekey=01WgOR41rriMmMkzNsd0UoaxJRwetZdxIvtVk,4.050,其它
风云足球,https://live.264788.xyz/channel/fengyunzuqiu?streamid=d6252ab5e983d48dbbb244d84a4c99a6&livekey=01WgOR41rriMmMkzNsd0UoaxJRwetZdxIvtVk,6.298,其它
风云足球,https://live.264788.xyz/channel/fengyunzuqiu?streamid=927ac8a2bbea16a44fbdc8cd59deabc8&livekey=01WgOR41rriMmMkzNsd0UoaxJRwetZdxIvtVk,6.515,其它
风云音乐,https://live.264788.xyz/channel/fengyunyinyue?streamid=1b41fb9153cba3ee19bd5d1b323da27e&livekey=01WgOR41rriMmMkzNsd0UoaxJRwetZdxIvtVk,9.166,其它
风云音乐,https://live.264788.xyz/channel/fengyunyinyue?streamid=be37d16b874e7ba11dd383d7ecd75752&livekey=01WgOR41rriMmMkzNsd0UoaxJRwetZdxIvtVk,3.939,其它
风尚购物,http://111.56.90.5/000000000000/1000000005000003651/index.m3u8,3.001,其它
飞儿乐团-lydia,https://www.iesdouyin.com/aweme/v1/play/?video_id=v1e00fgi0000cu0hhh7og65rn9pfdt0g&ratio=720p&line=0,5.905,其它
飞儿乐团-你的微笑,https://www.iesdouyin.com/aweme/v1/playwm/?video_id=v0200fg10000c9t0f8rc77u1ksr5jbj0&ratio=720p&line=0,32.678,其它
飞儿乐团-你的微笑,https://www.iesdouyin.com/aweme/v1/play/?video_id=v0200fg10000c9t0f8rc77u1ksr5jbj0&ratio=720p&line=0,31.324,其它
飞儿乐团-我们的爱,https://www.iesdouyin.com/aweme/v1/play/?video_id=v0300fg10000c895oo3c77ud27p9ic50&ratio=720p&line=0,5.893,其它
飞儿乐团-我们的爱,https://www.iesdouyin.com/aweme/v1/playwm/?video_id=v0300fg10000c895oo3c77ud27p9ic50&ratio=720p&line=0,19.830,其它
飞儿乐团-月牙湾,https://www.iesdouyin.com/aweme/v1/playwm/?video_id=v0d00fg10000c4tmklbc77u4upig9730&ratio=720p&line=0,7.331,其它
飞儿乐团-月牙湾,https://www.iesdouyin.com/aweme/v1/play/?video_id=v0d00fg10000c4tmklbc77u4upig9730&ratio=720p&line=0,7.705,其它
飞儿乐团/彭佳慧-心之火,https://www.iesdouyin.com/aweme/v1/play/?video_id=v0300fg10000cvhd32vog65lgnkfuh30&ratio=720p&line=0,28.844,其它
飞儿乐团/彭佳慧-心之火,https://www.iesdouyin.com/aweme/v1/playwm/?video_id=v0300fg10000cvhd32vog65lgnkfuh30&ratio=720p&line=0,6.863,其它
飞碟之谜01,https://hls.cntv.lxdns.com/asp/hls/2000/0303000a/3/default/f0a47e155d32450daa1d36a04fd7d262/2000.m3u8,6.493,其它
飞碟之谜02,https://newcntv.qcloudcdn.com/asp/hls/2000/0303000a/3/default/d2454bbb542d4613a9db478dab2addfd/2000.m3u8,2.133,其它
飞蛾扑火dj,https://vd4.bdstatic.com/mda-igwgti6c2kbh0fyh/sc/mda-igwgti6c2kbh0fyh.mp4,2.701,其它
飞轮海精选30首(2小时),https://www.iesdouyin.com/aweme/v1/playwm/?video_id=v0200fg10000cra24sfog65t497nn1o0&ratio=720p&line=0,9.804,其它
飞鸟和蝉-任然,https://vd4.bdstatic.com/mda-kmagpap54qyv855r/v1-cae/1080p/mda-kmagpap54qyv855r.mp4,2.017,其它
餘姚姚江文化 (576p) [Not 24/7],https://l.cztvcloud.com/channels/lantian/SXyuyao2/720p.m3u8,2.857,其它
马路情歌-冯巩周涛,http://uptt.gcwduoduo.com/v/181110/bffe379ba1daf33e0e55dbc54b3046f6.mp4,28.518,其它
马骐版河南曲剧《背靴访帅》姜还是老的辣!,http://gcw.bdcdn.shoujiduoduo.com/v/200919/906b70f4cd6f3ad139a2d4986cc48a78.mp4,8.994,其它
驻马店公共|澜露直播,https://p2hs.vzan.com/slowlive/692736859757132846/live.m3u8,2.407,其它
驻马店新闻|澜露直播,https://p2hs.vzan.com/slowlive/856224149274600377/live.m3u8,4.593,其它 SD（412条）
高唐综合|澜露直播,http://1.94.31.214/php/qilu.php?id=lcgtzh,7.676,其它
高密党建|澜露直播,http://1.94.31.214/php/qilu.php?id=wfgmdj,9.955,其它
高密综合|澜露直播,http://1.94.31.214/php/qilu.php?id=wfgmzh,7.757,其它
高密综合|澜露直播,http://43.138.196.212/q0l.php?id=wfgmxw,9.765,其它
高尔夫·网球,https://live.264788.xyz/channel/gaoerfuwangqiu?streamid=c07b1362684a220cb0bc619ae869b75f&livekey=01WgOR41rriMmMkzNsd0UoaxJRwetZdxIvtVk,4.497,其它
高尔夫·网球,https://live.264788.xyz/channel/gaoerfuwangqiu?streamid=451d321c7d5df14c154d41bfc36818ba&livekey=01WgOR41rriMmMkzNsd0UoaxJRwetZdxIvtVk,4.676,其它
高新电视台,http://115.29.208.41:34567/sccd.php?id=gx&kl=www.9kds.com,9.386,其它
高清娱乐,http://111.56.90.5/000000000000/6000000003000001569/index.m3u8,2.966,其它
高清岳云鹏,https://vd2.bdstatic.com/mda-meqitprx5ti8ed1a/720p/h264/1621948823045463060/mda-meqitprx5ti8ed1a.mp4,2.699,其它 高清/HD（158条）
高清影视（茶频道）,http://221.7.49.226:50085/tsfile/live/0017_3.m3u8?key=txiptv&playlive=1&authid=0,2.038,其它 高清/HD（158条）
高清经典夜店,https://vd4.bdstatic.com/mda-mh49vt5iqp3e7x8k/720p/h264/1628146884962346682/mda-mh49vt5iqp3e7x8k.mp4,2.402,其它 高清/HD（158条）
高清舞曲,https://txmov2.a.kwimgs.com/upic/2022/03/25/20/BMjAyMjAzMjUyMDUyNTZfMjM0NDc1MTE5N183MDQ0NzkzMTQxOV8wXzM=_b_B383b34c7a7c97f97b5350f622d8da0a6.mp4?tag=1-1648554367-std-1-puqq96jiry-1167f7fd60758f88&clientCacheKey=3x3qtumzyu5rh6w_b.mp4&tt=b&di=79c43beb&bp=12681,13.535,其它 高清/HD（158条）
高邮一套新闻综合频道,http://gaoyou-tv-hls.cm.jstv.com/gaoyou-tv/gaoyouxw.m3u8,4.318,其它 SD（412条）
高青影视|澜露直播,http://43.138.196.212/q0l.php?id=zbgqys,18.035,其它
高青影视|澜露直播,http://1.94.31.214/php/qilu.php?id=zbgqys,14.912,其它
高青综合|澜露直播,http://43.138.196.212/q0l.php?id=zbgqzh,17.188,其它
高青综合|澜露直播,http://1.94.31.214/php/qilu.php?id=zbgqzh,18.698,其它
鱼台新闻|澜露直播,http://1.94.31.214/php/qilu.php?id=jiytxw,7.403,其它 SD（412条）
鱼台新闻|澜露直播,http://43.138.196.212/q0l.php?id=jiytxw,7.116,其它 SD（412条）
鱼台生活|澜露直播,http://1.94.31.214/php/qilu.php?id=jiytsh,7.079,其它
鲁山综合频道,http://tvpull.dxhmt.cn:9081/tv/10423-1.m3u8,7.219,其它
鳄鱼出海,http://newcntv.qcloudcdn.com/asp/hls/1200/0303000a/3/default/7bdf23a599b44a7c8308684cbb789da0/1200.m3u8,2.581,其它
鸟叔dadey,https://www.iesdouyin.com/aweme/v1/playwm/?video_id=v0d00fg10000cfqraijc77u7k67gk2n0&ratio=720p&line=0&logo_name=aweme_search_suffix_nickname,44.603,其它
鸳鸯DJ劲爆DJ,https://vd3.bdstatic.com/mda-nba9z1mqi949jyyb/sc/cae_h264_delogo/1644629210546304303/mda-nba9z1mqi949jyyb.mp4?token=83cf558ec99275b40b47b1388ec236d2,2.536,其它
鹿邑新闻频道,http://tvpull.dxhmt.cn:9081/tv/11628-1.m3u8,8.696,其它
麦浚龙-耿耿于怀,https://www.iesdouyin.com/aweme/v1/play/?video_id=v0200fg10000cf2gn93c77uam6kuerdg&ratio=720p&line=0,18.401,其它
黄岛生活|澜露直播,http://1.94.31.214/php/qilu.php?id=qdhdsh,9.318,其它
黄梅戏【春香闹学】,http://gcw.bdcdn.shoujiduoduo.com/v/201027/552dcdf37bdf2b4ff56d9e79bb58f527.mp4,36.007,其它
黄梅戏十八摸,http://gcw.bdcdn.shoujiduoduo.com/v/210120/965f4cee36d51eb13fe6121cd3aee2fb.mp4,45.310,其它
黄梅戏春香传-爱歌-张辉吴琼,http://gcw.bdcdn.shoujiduoduo.com/v/190221/6a38928efbe1f76f04f14a94197cc6d6.mp4,37.872,其它
黄金甲,https://cfss.cc/api/kg/756761.mp4,12.044,其它
黎城综合,http://111.53.96.67:8081/live/1/index.m3u8?%E5%85%B3%E6%B3%A8%E5%BE%AE%E4%BF%A1%E5%85%AC%E4%BC%97%E5%8F%B7[%E6%99%B4%E5%9B%AD],6.779,其它
黎明《2011 Leon XU 红馆 Live演唱会高清 完整版》,https://vd4.bdstatic.com/mda-nmcde2gcrk3fjt5z/576p/h264/1670925006665758590/mda-nmcde2gcrk3fjt5z.mp4,2.142,其它 高清/HD（158条）
黎瑞恩-一人有一个的梦想,https://www.iesdouyin.com/aweme/v1/playwm/?video_id=v0200fg10000ce4s2g3c77ub64mff9qg&ratio=720p&line=0,7.046,其它
黎瑞恩-一人有一个的梦想,https://www.iesdouyin.com/aweme/v1/play/?video_id=v0200fg10000ce4s2g3c77ub64mff9qg&ratio=720p&line=0,3.994,其它
黑猩猩的丛林法则,http://newcntv.qcloudcdn.com/asp/hls/1200/0303000a/3/default/05ff5278105445e1a9d5651372faf47e/1200.m3u8,2.113,其它
黑色幽默,https://cfss.cc/api/kg/53399.mp4,10.592,其它
黑色毛衣,https://cfss.cc/api/kg/756572.mp4,15.570,其它
黑莓动画,http://111.56.90.5/000000000000/1000000004000021734/index.m3u8,2.920,其它
黑龙江卫视,http://223.95.198.3:8000/hls/33/index.m3u8,7.607,卫视 SD（632条）
黑龙江卫视,http://61.178.227.57:9901/tsfile/live/0143_1.m3u8?key=txiptv&amp;playlive=1&amp;authid=0,7.147,卫视 SD（632条）
黑龙江卫视,http://124.93.18.239:9003/hls/53/index.m3u8,6.065,卫视 SD（632条）
黑龙江卫视,http://111.56.90.5/000000000000/5000000004000025203/index.m3u8,2.183,卫视 SD（632条）
黑龙江卫视,http://221.7.49.226:50085/tsfile/live/0143_1.m3u8?key=txiptv&playlive=1&authid=0,2.183,卫视 SD（632条）
黑龙江卫视,http://27.129.145.110:4433/hls/34/index.m3u8,7.530,卫视 SD（632条）
黑龙江卫视,https://live.264788.xyz/channel/heilongjiangweishi?streamid=27c452e19181479d8226837b53a1a598&livekey=01WgOR41rriMmMkzNsd0UoaxJRwetZdxIvtVk,10.976,其它
黑龙江卫视,https://live.264788.xyz/channel/heilongjiangweishi?streamid=43810153d9094bbea29e4ee654e3b919&livekey=01WgOR41rriMmMkzNsd0UoaxJRwetZdxIvtVk,10.033,其它
黑龙江卫视,http://111.56.90.5/000000000000/6000000001000016510/1.m3u8,3.118,其它
黑龙江卫视,https://live.264788.xyz/channel/heilongjiangweishi?streamid=af948f073fa99b226abb4c2ea63410da&livekey=01WgOR41rriMmMkzNsd0UoaxJRwetZdxIvtVk,9.908,其它
黑龙江卫视,https://live.264788.xyz/channel/heilongjiangweishi?streamid=9e03d442683b7ecf5b887926d8068438&livekey=01WgOR41rriMmMkzNsd0UoaxJRwetZdxIvtVk,4.169,其它
黑龙江卫视,https://live.264788.xyz/channel/heilongjiangweishi?streamid=70e7900a371f6cb721786924bfba0418&livekey=01WgOR41rriMmMkzNsd0UoaxJRwetZdxIvtVk,11.512,其它
黑龙江卫视,http://111.56.90.5/000000000000/1000000001000001925/1.m3u8,3.152,其它
黑龙江卫视,https://live.264788.xyz/channel/heilongjiangweishi?streamid=5bc0f34437d76466e8ce387d3b8debbd&livekey=01WgOR41rriMmMkzNsd0UoaxJRwetZdxIvtVk,8.916,其它
黑龙江卫视-高清,http://114.241.111.4:85/tsfile/live/35/1035_1.m3u8?key=txiptv,2.576,卫视 高清/HD（33条）
齐鲁频道|澜露直播,http://43.138.196.212/q0l.php?id=qlpd,14.610,其它
龙卷风,https://cfss.cc/api/kg/159057.mp4,4.437,其它
龙口生活|澜露直播,http://43.138.196.212/q0l.php?id=ytlksh,11.323,其它
龙口生活|澜露直播,http://1.94.31.214/php/qilu.php?id=ytlksh,9.122,其它
龙口综合|澜露直播,http://43.138.196.212/q0l.php?id=ytlkzh,10.466,其它
龙口综合|澜露直播,http://1.94.31.214/php/qilu.php?id=ytlkzh,10.512,其它
龙拳,https://cfss.cc/api/kg/759385.mp4,33.971,其它
龙梅子-都说,https://vd3.bdstatic.com:443/mda-ma7cm59x1m4015ip/v2-hknm/1080p/mda-ma7cm59x1m4015ip.mp4,3.559,其它
龙泉新闻综合,http://l.cztvcloud.com/channels/lantian/SXlongquan1/720p.m3u8,6.881,其它
龙泉综合|澜露直播,http://l.cztvcloud.com/channels/lantian/SXsongyang1/720p.m3u8,2.634,其它
龙港|澜露直播,https://play-qukan.cztv.com/live/1722309876941077.m3u8,2.371,其它
龙游新闻|澜露直播,https://l.cztvcloud.com/channels/lantian/SXlongyou1/720p.m3u8,2.258,其它 SD（412条）
龙游生活娱乐,http://l.cztvcloud.com/channels/lantian/SXlongyou2/720p.m3u8?zzhed,5.674,其它
龙游生活娱乐,http://l.cztvcloud.com/channels/lantian/SXlongyou2/720p.m3u8,8.600,其它
龙游生活娱乐,https://l.cztvcloud.com/channels/lantian/SXlongyou2/720p.m3u8,6.808,其它
龙腾虎跃视觉,https://vd2.bdstatic.com/mda-nb48vhn84vq41zf3/1080p/cae_h264_delogo/1644042257215201305/mda-nb48vhn84vq41zf3.mp4,2.504,其它
龙门飞甲,http://jsmov2.a.yximgs.com/bs3/video-hls/5203346449046555193_hlsb.m3u8,2.262,其它
🇶🇦卡塔尔Al Jazeera Arabic,http://live-hls-web-aja.getaj.net/AJA/02.m3u8,4.974,其它
🇺🇸美国Cable News Network,https://turnerlive.warnermediacdn.com/hls/live/586495/cnngo/cnn_slate/VIDEO_0_3564000.m3u8,4.061,其它
🇿🇦南非Wild Earth,https://wildearth-plex.amagi.tv/masterR1080p.m3u8,4.310,其它
🔄4K视频[刷新就是新内容],http://xjj1.716888.xyz/fenlei/4k/4k.php,85.477,其它 4D/超高清（23条）
🔄TikTok美女[刷新就是新内容],https://xn--vusr00g.v.nxog.top/m/tv/xjj.php?id=2,8.278,其它
🔄不吃香菜[刷新就是新内容],http://xjj2.716888.xyz/fenlei/mvmn/mvmn.php,7.967,其它
🔄美女展示10[刷新就是新内容],http://xjj2.716888.xyz/fenlei/zj/heji1/heji1.php,9.511,其它
🔄美女展示11[刷新就是新内容],http://xjj2.716888.xyz/fenlei/zj/jingpinbz/jingpinbz.php,4.337,其它
🔄美女展示12[刷新就是新内容],http://xjj2.716888.xyz/fenlei/zj/jipinll/jipinll.php,9.229,其它
🔄美女展示13[刷新就是新内容],http://xjj2.716888.xyz/fenlei/zj/nideym/nideym.php,7.465,其它
🔄美女展示15[刷新就是新内容],http://xjj2.716888.xyz/fenlei/zj/yusi/yusi.php,10.353,其它
🔄美女展示16[刷新就是新内容],http://xjj2.716888.xyz/fenlei/tkxjj/tk.php,5.680,其它
🔄美女展示17[刷新就是新内容],http://xjj2.716888.xyz/fenlei/zj/rewu/rewu.php,6.686,其它
🔄美女展示18[刷新就是新内容],http://xjj2.716888.xyz/fenlei/zj/jingpinsc/jingpinsc.php,3.397,其它
🔄美女展示23[刷新就是新内容],http://xjj1.716888.xyz/fenlei/kuan2/v.php,8.253,其它
🔄美女展示2[刷新就是新内容],http://xjj2.716888.xyz/fenlei/zj/xuejie/xuejie.php,6.807,其它
🔄美女展示3[刷新就是新内容],http://xjj2.716888.xyz/fenlei/zj/kawayi/kawayi.php,9.553,其它
🔄美女展示4[刷新就是新内容],http://xjj2.716888.xyz/fenlei/zj/nennen/nennen.php,5.763,其它
🔄美女展示5[刷新就是新内容],http://xjj2.716888.xyz/fenlei/zj/sihuawd/sihuawd.php,5.894,其它
🔄美女展示9[刷新就是新内容],http://xjj2.716888.xyz/fenlei/zj/cos/cos.php,6.832,其它
🔄韩国歌曲[刷新就是新内容],https://xn--vusr00g.v.nxog.top/m/tv/xjj.php?id=0,13.222,其它
